x0,y0,z0,x1,y1,z1,x2,y2,z2,x3,y3,z3,x4,y4,z4,x5,y5,z5,x6,y6,z6,x7,y7,z7,x8,y8,z8,x9,y9,z9,x10,y10,z10,x11,y11,z11,x12,y12,z12,x13,y13,z13,x14,y14,z14,x15,y15,z15,x16,y16,z16,x17,y17,z17,x18,y18,z18,x19,y19,z19,x20,y20,z20,x21,y21,z21,x22,y22,z22,x23,y23,z23,x24,y24,z24,x25,y25,z25,x26,y26,z26,x27,y27,z27,x28,y28,z28,x29,y29,z29,x30,y30,z30,x31,y31,z31,x32,y32,z32,x33,y33,z33
-0.1648610681295395,0.12513473629951477,1.1909945011138916,-0.1649000346660614,-0.010928541421890259,1.2175213098526,-0.16549426317214966,-0.1471843123435974,1.2430340051651,-0.1660885065793991,-0.2834441661834717,1.268547534942627,-0.12847982347011566,-0.2835223972797394,1.2730990648269653,0.006438329815864563,-0.2811468541622162,1.2889286279678345,0.06738689541816711,-0.038129597902297974,1.2465380430221558,0.07194828987121582,0.10233919322490692,1.046674370765686,0.07286056876182556,0.13043294847011566,1.0067015886306763,0.07468512654304504,0.18662047386169434,0.9267561435699463,0.01810760423541069,0.1741856336593628,0.9764639139175415,-0.2037036418914795,-0.2848469018936157,1.2642732858657837,-0.3386217951774597,-0.2872224450111389,1.2484437227249146,-0.34735503792762756,-0.05006282031536102,1.1576244831085205,-0.30611997842788696,0.09864829480648041,0.9681978225708008,-0.29787296056747437,0.12839052081108093,0.9303125143051147,-0.28137892484664917,0.18787497282028198,0.8545418381690979,-0.2350357472896576,0.16751402616500854,0.9116753935813904,-0.08256915956735611,0.12702873349189758,1.2008302211761475,0.048468880355358124,0.20559225976467133,0.8750187158584595,0.04981596767902374,0.5196985602378845,0.8145745396614075,0.08787957578897476,0.5813958644866943,0.7128489017486572,-0.24715298414230347,0.12324074655771255,1.1811587810516357,-0.27850502729415894,0.2261083722114563,0.8377469778060913,-0.2768949270248413,0.542699933052063,0.8834117650985718,-0.2850152254104614,0.6355357766151428,0.8002307415008545,-0.1580127477645874,-0.42013466358184814,1.1559364795684814,-0.15841762721538544,-0.47194498777389526,1.1423978805541992,-0.13146385550498962,-0.5188223719596863,1.1727098226547241,-0.08543497323989868,-0.5226963758468628,1.2835962772369385,-0.19522859156131744,-0.5163426399230957,1.1651270389556885,-0.2661017179489136,-0.5156703591346741,1.2621116638183594,0.037577129900455475,0.603834867477417,0.8283350467681885,-0.27365145087242126,0.6172851920127869,0.9263603687286377
-0.1648610681295395,0.12513473629951477,1.1909945011138916,-0.1649000346660614,-0.010928541421890259,1.2175213098526,-0.16549426317214966,-0.1471843123435974,1.2430340051651,-0.1660885065793991,-0.2834441661834717,1.268547534942627,-0.12847982347011566,-0.2835223972797394,1.2730990648269653,0.006438329815864563,-0.2811468541622162,1.2889286279678345,0.06738689541816711,-0.038129597902297974,1.2465380430221558,0.07194828987121582,0.10233919322490692,1.046674370765686,0.07286056876182556,0.13043294847011566,1.0067015886306763,0.07468512654304504,0.18662047386169434,0.9267561435699463,0.01810760423541069,0.1741856336593628,0.9764639139175415,-0.2037036418914795,-0.2848469018936157,1.2642732858657837,-0.3386217951774597,-0.2872224450111389,1.2484437227249146,-0.34735503792762756,-0.05006282031536102,1.1576244831085205,-0.30611997842788696,0.09864829480648041,0.9681978225708008,-0.29787296056747437,0.12839052081108093,0.9303125143051147,-0.28137892484664917,0.18787497282028198,0.8545418381690979,-0.2350357472896576,0.16751402616500854,0.9116753935813904,-0.08256915956735611,0.12702873349189758,1.2008302211761475,0.048468880355358124,0.20559225976467133,0.8750187158584595,0.04981596767902374,0.5196985602378845,0.8145745396614075,0.08787957578897476,0.5813958644866943,0.7128489017486572,-0.24715298414230347,0.12324074655771255,1.1811587810516357,-0.27850502729415894,0.2261083722114563,0.8377469778060913,-0.2768949270248413,0.542699933052063,0.8834117650985718,-0.2850152254104614,0.6355357766151428,0.8002307415008545,-0.1580127477645874,-0.42013466358184814,1.1559364795684814,-0.15841762721538544,-0.47194498777389526,1.1423978805541992,-0.13146385550498962,-0.5188223719596863,1.1727098226547241,-0.08543497323989868,-0.5226963758468628,1.2835962772369385,-0.19522859156131744,-0.5163426399230957,1.1651270389556885,-0.2661017179489136,-0.5156703591346741,1.2621116638183594,0.037577129900455475,0.603834867477417,0.8283350467681885,-0.27365145087242126,0.6172851920127869,0.9263603687286377
-0.16995468735694885,0.1350094974040985,1.1922475099563599,-0.16910041868686676,-0.0010636299848556519,1.2182503938674927,-0.1684274971485138,-0.1373235434293747,1.243261694908142,-0.16775456070899963,-0.27358752489089966,1.2682737112045288,-0.1300976425409317,-0.27344971895217896,1.2721816301345825,0.00505375862121582,-0.270297110080719,1.2857205867767334,0.07499420642852783,-0.02880851924419403,1.2488257884979248,0.07429293543100357,0.10823668539524078,1.046547770500183,0.07415267825126648,0.13564573228359222,1.0060921907424927,0.0738721713423729,0.1904638111591339,0.925180971622467,0.019434116780757904,0.18071922659873962,0.9777936339378357,-0.2054041624069214,-0.2752063572406769,1.2646375894546509,-0.3405555486679077,-0.27835896611213684,1.2510986328125,-0.35730496048927307,-0.03930467367172241,1.166587471961975,-0.31640201807022095,0.10284465551376343,0.9721169471740723,-0.3082214295864105,0.1312745213508606,0.9332228302955627,-0.2918602526187897,0.18813425302505493,0.8554346561431885,-0.2456493377685547,0.17029690742492676,0.9135115742683411,-0.08757434040307999,0.13723590970039368,1.2011919021606445,0.047805048525333405,0.20655982196331024,0.8749029636383057,0.0478767454624176,0.5210258960723877,0.8156627416610718,0.08653618395328522,0.5833651423454285,0.714494526386261,-0.2523350417613983,0.13278308510780334,1.1833031177520752,-0.2826445698738098,0.22725176811218262,0.8372470140457153,-0.2776741087436676,0.5436115264892578,0.8851017355918884,-0.28473907709121704,0.6371333599090576,0.8025214672088623,-0.15864703059196472,-0.41303151845932007,1.1587620973587036,-0.1585753709077835,-0.4652251601219177,1.1464428901672363,-0.13102132081985474,-0.5111631751060486,1.177815556526184,-0.08454744517803192,-0.5119402408599854,1.288766860961914,-0.19492167234420776,-0.5094953179359436,1.1703776121139526,-0.2655984163284302,-0.5072147250175476,1.2676925659179688,0.035014163702726364,0.6050681471824646,0.8296387195587158,-0.2736622989177704,0.6178908348083496,0.9285800457000732
-0.17118503153324127,0.14180347323417664,1.189895510673523,-0.1692689210176468,0.00565318763256073,1.2145532369613647,-0.16790053248405457,-0.13069383800029755,1.238136887550354,-0.16653209924697876,-0.26704496145248413,1.2617212533950806,-0.12895268201828003,-0.2667032480239868,1.265928864479065,0.006053492426872253,-0.26281285285949707,1.2805874347686768,0.0823386162519455,-0.02270461618900299,1.2479463815689087,0.07846342027187347,0.11020958423614502,1.0430397987365723,0.07768838107585907,0.13679242134094238,1.002058506011963,0.07613830268383026,0.1899580955505371,0.9200958609580994,0.02304217591881752,0.18229784071445465,0.9743702411651611,-0.20409664511680603,-0.268868625164032,1.2577699422836304,-0.3391028046607971,-0.27275902032852173,1.2431113719940186,-0.3676585853099823,-0.030521884560585022,1.1721004247665405,-0.32015442848205566,0.10399563610553741,0.973816990852356,-0.31065359711647034,0.13089914619922638,0.9341602921485901,-0.2916519343852997,0.18470615148544312,0.8548469543457031,-0.24795056879520416,0.17029519379138947,0.9157247543334961,-0.08907384425401688,0.14490798115730286,1.2006566524505615,0.04733290523290634,0.21043916046619415,0.8740102052688599,0.048354923725128174,0.5237432718276978,0.8089048862457275,0.08754554390907288,0.5840944051742554,0.7067397236824036,-0.25329622626304626,0.13869896531105042,1.1791343688964844,-0.2862001061439514,0.22528088092803955,0.8312551975250244,-0.2850576937198639,0.5422068238258362,0.875480055809021,-0.29363054037094116,0.6346805691719055,0.7918679118156433,-0.1559109389781952,-0.408796489238739,1.155095100402832,-0.15541072189807892,-0.46127957105636597,1.1438591480255127,-0.1276555061340332,-0.5063936114311218,1.1763379573822021,-0.08166036009788513,-0.5045216679573059,1.287589192390442,-0.19158613681793213,-0.5053396224975586,1.1685686111450195,-0.26279711723327637,-0.5015353560447693,1.265575885772705,0.03563205897808075,0.6080609560012817,0.8212581872940063,-0.28181928396224976,0.6170242428779602,0.9180923700332642
-0.17194432020187378,0.14367073774337769,1.1912715435028076,-0.16961494088172913,0.007664158940315247,1.2158271074295044,-0.16791005432605743,-0.12854555249214172,1.239283561706543,-0.16620512306690216,-0.264759361743927,1.2627407312393188,-0.1286829710006714,-0.26430627703666687,1.267071008682251,0.006259113550186157,-0.2600136995315552,1.2821897268295288,0.08620505034923553,-0.02105611562728882,1.2506098747253418,0.07998206466436386,0.10842430591583252,1.0436795949935913,0.07873746752738953,0.13432039320468903,1.002293586730957,0.07624827325344086,0.18611256778240204,0.9195214509963989,0.02409166470170021,0.1799243986606598,0.9748450517654419,-0.2037087380886078,-0.2666928768157959,1.2586653232574463,-0.33865082263946533,-0.2709854543209076,1.2435466051101685,-0.3748106062412262,-0.027993783354759216,1.1792280673980713,-0.3219011425971985,0.10233154892921448,0.9796285629272461,-0.3113192617893219,0.12839661538600922,0.9397086501121521,-0.29015547037124634,0.1805267482995987,0.8598688840866089,-0.24856792390346527,0.16827237606048584,0.9226351976394653,-0.08997082710266113,0.14715473353862762,1.2027922868728638,0.04798571765422821,0.20979046821594238,0.8762357234954834,0.049084994941949844,0.5226658582687378,0.8091285228729248,0.08869154006242752,0.5823876857757568,0.7067568898200989,-0.2539178133010864,0.14018674194812775,1.1797508001327515,-0.28520289063453674,0.22243767976760864,0.8306800127029419,-0.2907383143901825,0.5394709706306458,0.8737478256225586,-0.30034223198890686,0.6314631700515747,0.789720892906189,-0.15445175766944885,-0.4076191782951355,1.1574221849441528,-0.15362069010734558,-0.46025800704956055,1.1466872692108154,-0.12568087875843048,-0.5049418210983276,1.1797176599502563,-0.0799856036901474,-0.5017271637916565,1.2911927700042725,-0.18965713679790497,-0.504325270652771,1.1717417240142822,-0.26125168800354004,-0.4999803900718689,1.26859450340271,0.03624923899769783,0.6070504188537598,0.8208833336830139,-0.2893821597099304,0.6144846677780151,0.9161127209663391
-0.17317010462284088,0.14638373255729675,1.1951828002929688,-0.1708649843931198,0.010572895407676697,1.219658613204956,-0.16886964440345764,-0.1254299432039261,1.2430726289749146,-0.1668742448091507,-0.2614368498325348,1.2664873600006104,-0.12942926585674286,-0.2608758211135864,1.2709766626358032,0.005446329712867737,-0.25619131326675415,1.2866929769515991,0.09154682606458664,-0.01891636848449707,1.2597051858901978,0.08484391868114471,0.10197490453720093,1.047762393951416,0.08350333571434021,0.1261531561613083,1.0053738355636597,0.0808221697807312,0.1745096743106842,0.920596718788147,0.029097184538841248,0.17112751305103302,0.9765255451202393,-0.20429754257202148,-0.2634761333465576,1.2622525691986084,-0.3391731381416321,-0.2681606411933899,1.2465362548828125,-0.3840491771697998,-0.025289341807365417,1.1878787279129028,-0.32440999150276184,0.10026763379573822,0.9872348308563232,-0.31248214840888977,0.1253790259361267,0.9471060633659363,-0.28862646222114563,0.17560182511806488,0.8668484687805176,-0.2497178316116333,0.16585524380207062,0.9317026734352112,-0.09130050241947174,0.14992672204971313,1.2071316242218018,0.04694981873035431,0.20642204582691193,0.8796262741088867,0.04941821098327637,0.5191447138786316,0.8120208978652954,0.08909425139427185,0.5785039067268372,0.7094829082489014,-0.25503969192504883,0.14284074306488037,1.1832339763641357,-0.2833830416202545,0.2253413200378418,0.8340134620666504,-0.2868419289588928,0.5424684286117554,0.8763278722763062,-0.2951987385749817,0.6343262195587158,0.7920423746109009,-0.1547209620475769,-0.40393203496932983,1.1599491834640503,-0.15370433032512665,-0.456632524728775,1.148842692375183,-0.12546588480472565,-0.5015381574630737,1.1816205978393555,-0.07947754114866257,-0.49886488914489746,1.293326735496521,-0.18962284922599792,-0.5011138319969177,1.1737343072891235,-0.2612556517124176,-0.4976625144481659,1.270982265472412,0.03701566159725189,0.6035991907119751,0.8236650824546814,-0.2852092981338501,0.6175581812858582,0.9185278415679932
-0.1738584041595459,0.14670252799987793,1.1965961456298828,-0.17169520258903503,0.01098497211933136,1.2207838296890259,-0.16955293715000153,-0.12490791082382202,1.24396812915802,-0.16741059720516205,-0.2608048617839813,1.2671531438827515,-0.13000774383544922,-0.2602071762084961,1.2716562747955322,0.004865199327468872,-0.2553873658180237,1.2874447107315063,0.09221059083938599,-0.01841464638710022,1.2618542909622192,0.08606929332017899,0.09951059520244598,1.0482319593429565,0.0848410353064537,0.12309564650058746,1.005507469177246,0.08238451927900314,0.17026573419570923,0.92005854845047,0.03051525354385376,0.16766774654388428,0.9758949279785156,-0.2047901749610901,-0.2628796100616455,1.262902021408081,-0.3396631181240082,-0.2676994204521179,1.247113585472107,-0.38616281747817993,-0.025074228644371033,1.1887102127075195,-0.3250959813594818,0.09953709691762924,0.9879082441329956,-0.31288260221481323,0.12445936352014542,0.9477478265762329,-0.28845587372779846,0.17430388927459717,0.8674270510673523,-0.25014400482177734,0.165113627910614,0.9327157139778137,-0.09198573976755142,0.15010946989059448,1.2083903551101685,0.04540099948644638,0.20675647258758545,0.8805550336837769,0.047473058104515076,0.5199454426765442,0.8151577711105347,0.08676213026046753,0.5800491571426392,0.712907612323761,-0.25573107600212097,0.14329558610916138,1.1848019361495972,-0.2822663486003876,0.22905205190181732,0.8362309336662292,-0.2843046486377716,0.546215295791626,0.8783236742019653,-0.2918657064437866,0.6380555629730225,0.793947160243988,-0.15525537729263306,-0.4019111394882202,1.1584627628326416,-0.15416689217090607,-0.45450472831726074,1.1465972661972046,-0.12572574615478516,-0.4998634457588196,1.1786984205245972,-0.07939693331718445,-0.49867767095565796,1.2904322147369385,-0.18997398018836975,-0.4994514584541321,1.1709785461425781,-0.26143360137939453,-0.4975103735923767,1.2685589790344238,0.03506738692522049,0.6043071746826172,0.8274420499801636,-0.2824637293815613,0.6213229894638062,0.9204800724983215
-0.17402297258377075,0.14695200324058533,1.1964726448059082,-0.17168214917182922,0.011374711990356445,1.2205621004104614,-0.16912679374217987,-0.12436948716640472,1.2436697483062744,-0.16657136380672455,-0.260117769241333,1.2667781114578247,-0.12920689582824707,-0.25941482186317444,1.2712361812591553,0.005685374140739441,-0.25421199202537537,1.2868828773498535,0.0927758738398552,-0.01725931465625763,1.2602291107177734,0.08626985549926758,0.09899899363517761,1.045702338218689,0.08496864885091782,0.12225065380334854,1.00279700756073,0.08236624300479889,0.168753981590271,0.916986346244812,0.030538346618413925,0.16649022698402405,0.9728769063949585,-0.2039080709218979,-0.26229608058929443,1.2625713348388672,-0.3388003408908844,-0.2674989104270935,1.246924638748169,-0.38647204637527466,-0.02496933937072754,1.1890578269958496,-0.32417532801628113,0.09961100667715073,0.988611102104187,-0.3117159903049469,0.12452707439661026,0.9485217332839966,-0.28679728507995605,0.17435921728610992,0.8683430552482605,-0.2490127980709076,0.1654130220413208,0.9339731931686401,-0.0921422466635704,0.15040744841098785,1.2079637050628662,0.044823773205280304,0.20687392354011536,0.879941463470459,0.045865997672080994,0.5204410552978516,0.8164401054382324,0.08479222655296326,0.5812731385231018,0.7144901752471924,-0.2559036910533905,0.1434965580701828,1.1849815845489502,-0.2810949981212616,0.23038169741630554,0.8366094827651978,-0.2822680175304413,0.5476478338241577,0.8778249025344849,-0.28928306698799133,0.6392742395401001,0.7931787967681885,-0.15521754324436188,-0.40024858713150024,1.1564290523529053,-0.15425421297550201,-0.452774316072464,1.1439961194992065,-0.12562929093837738,-0.49854224920272827,1.1754807233810425,-0.07855779677629471,-0.4985649585723877,1.287054419517517,-0.18999430537223816,-0.497988760471344,1.1681554317474365,-0.2609253227710724,-0.49699681997299194,1.2662992477416992,0.033237993717193604,0.6046860814094543,0.8292562961578369,-0.2803206741809845,0.6228610277175903,0.9197787642478943
-0.17412759363651276,0.1455075740814209,1.195495367050171,-0.17160360515117645,0.01004597544670105,1.2195173501968384,-0.16869042813777924,-0.12556983530521393,1.2426069974899292,-0.16577716171741486,-0.26118969917297363,1.2656973600387573,-0.12844011187553406,-0.2603989243507385,1.270087480545044,0.00649513304233551,-0.25487518310546875,1.285506248474121,0.09205751866102219,-0.017449751496315002,1.257444977760315,0.08540976047515869,0.0986151471734047,1.0427372455596924,0.08408021181821823,0.12182813137769699,0.9997957348823547,0.08142110705375671,0.168254092335701,0.9139126539230347,0.029465842992067337,0.1657625436782837,0.9697054028511047,-0.20308256149291992,-0.26345449686050415,1.2615582942962646,-0.3380178213119507,-0.2689782381057739,1.2461395263671875,-0.38592228293418884,-0.02625255286693573,1.1889678239822388,-0.322991281747818,0.09949377179145813,0.9893627166748047,-0.31040507555007935,0.12464304268360138,0.94944167137146,-0.28523266315460205,0.17494156956672668,0.8695996403694153,-0.24772170186042786,0.16577070951461792,0.9353811740875244,-0.09223463386297226,0.14900930225849152,1.2066373825073242,0.04450886696577072,0.20644357800483704,0.8787155747413635,0.044562868773937225,0.5207029581069946,0.8188334107398987,0.08316229283809662,0.5828126072883606,0.7175414562225342,-0.25602054595947266,0.14200584590435028,1.1843533515930176,-0.2814425826072693,0.23091056942939758,0.8365317583084106,-0.2813750207424164,0.5481674671173096,0.8776761889457703,-0.28818970918655396,0.639795184135437,0.7930268049240112,-0.15496504306793213,-0.40031397342681885,1.1537795066833496,-0.15404462814331055,-0.4527565538883209,1.1408002376556396,-0.12519502639770508,-0.4988641142845154,1.1716866493225098,-0.07745489478111267,-0.4999879002571106,1.2830846309661865,-0.18965652585029602,-0.4982720613479614,1.1647231578826904,-0.2600957751274109,-0.4983104169368744,1.2633548974990845,0.03171439468860626,0.6047528386116028,0.8326367139816284,-0.27908092737197876,0.6233772039413452,0.9196074604988098
-0.17476947605609894,0.14293065667152405,1.195317029953003,-0.17223083972930908,0.007430851459503174,1.21903395652771,-0.16912879049777985,-0.128217875957489,1.241814136505127,-0.16602665185928345,-0.2638706564903259,1.2645950317382812,-0.1286907196044922,-0.26304343342781067,1.2689526081085205,0.006366044282913208,-0.2573818266391754,1.284274697303772,0.08971459418535233,-0.01912739872932434,1.2528804540634155,0.0862748771905899,0.09783051908016205,1.0381114482879639,0.08558693528175354,0.1212221011519432,0.9951576590538025,0.08421105146408081,0.16800527274608612,0.9092500805854797,0.031164150685071945,0.16498708724975586,0.9641593098640442,-0.20332887768745422,-0.26617228984832764,1.260485053062439,-0.3383856415748596,-0.2718338966369629,1.2451629638671875,-0.3861616551876068,-0.028306126594543457,1.1894007921218872,-0.32263824343681335,0.09963478147983551,0.990874707698822,-0.3099335730075836,0.12522296607494354,0.951169490814209,-0.28452420234680176,0.1763993352651596,0.8717590570449829,-0.24715584516525269,0.16663894057273865,0.9376866817474365,-0.092867411673069,0.14635811746120453,1.2061320543289185,0.04408737272024155,0.2021315097808838,0.8780181407928467,0.04213317856192589,0.5169461965560913,0.8211898803710938,0.08027908205986023,0.5802757740020752,0.7204856872558594,-0.2566715478897095,0.13950319588184357,1.1845020055770874,-0.2833385467529297,0.2282273769378662,0.8367335200309753,-0.2807583212852478,0.5457257032394409,0.8758448958396912,-0.28737980127334595,0.6368585228919983,0.7906507253646851,-0.15409210324287415,-0.40206894278526306,1.1512799263000488,-0.15271052718162537,-0.4544515311717987,1.1378151178359985,-0.12335921823978424,-0.5006269216537476,1.1682898998260498,-0.07538826018571854,-0.5023082494735718,1.2797536849975586,-0.18791739642620087,-0.5005612969398499,1.1614104509353638,-0.25830313563346863,-0.5021223425865173,1.2602620124816895,0.02876647748053074,0.6007745265960693,0.8358151912689209,-0.2776910960674286,0.6211808323860168,0.9172800779342651
-0.17462489008903503,0.1412256956100464,1.1956775188446045,-0.1723976880311966,0.005665794014930725,1.2190316915512085,-0.16953018307685852,-0.13004158437252045,1.2414402961730957,-0.16666260361671448,-0.26575303077697754,1.2638496160507202,-0.12932562828063965,-0.26500481367111206,1.268193006515503,0.005815193057060242,-0.25962507724761963,1.2834795713424683,0.08722607791423798,-0.020736530423164368,1.250664472579956,0.0877063199877739,0.09730153530836105,1.0362993478775024,0.08780236542224884,0.12090914696455002,0.9934263229370117,0.08799446374177933,0.16812437772750854,0.9076802730560303,0.03373757749795914,0.16446655988693237,0.9614171385765076,-0.20396840572357178,-0.26797622442245483,1.2597497701644897,-0.33910924196243286,-0.27335596084594727,1.2444632053375244,-0.38470518589019775,-0.029385879635810852,1.1881433725357056,-0.32261648774147034,0.09999625384807587,0.9899240732192993,-0.31019875407218933,0.1258726865053177,0.9502801895141602,-0.28536325693130493,0.17762553691864014,0.8709924817085266,-0.24733966588974,0.1671430766582489,0.9364842176437378,-0.09268428385257721,0.14438103139400482,1.2061783075332642,0.044037237763404846,0.19890746474266052,0.8777559995651245,0.04248369485139847,0.5136938095092773,0.8207508325576782,0.08059333264827728,0.5769088268280029,0.7199602723121643,-0.25656551122665405,0.13807035982608795,1.1851767301559448,-0.28532829880714417,0.2270003855228424,0.8376263380050659,-0.2807811200618744,0.5446305274963379,0.875479519367218,-0.28755873441696167,0.6354681849479675,0.7899821400642395,-0.15440481901168823,-0.4035080373287201,1.1498360633850098,-0.1529405415058136,-0.4558624029159546,1.136122465133667,-0.12355107069015503,-0.5021736025810242,1.1664427518844604,-0.07568743079900742,-0.5043111443519592,1.2780359983444214,-0.1881449818611145,-0.5021554231643677,1.1594761610031128,-0.2587035000324249,-0.5042595863342285,1.258297324180603,0.029262635856866837,0.5975509285926819,0.8353459239006042,-0.2770061790943146,0.6202280521392822,0.9165963530540466
-0.17427769303321838,0.14022648334503174,1.1965453624725342,-0.17235420644283295,0.004595071077346802,1.2194281816482544,-0.1697816103696823,-0.13118168711662292,1.2413657903671265,-0.1672089397907257,-0.2669624984264374,1.2633041143417358,-0.1298733651638031,-0.26631131768226624,1.267643928527832,0.005354657769203186,-0.26127827167510986,1.282936453819275,0.08554041385650635,-0.021954312920570374,1.249617576599121,0.08921319991350174,0.09641003608703613,1.0353692770004272,0.08994776010513306,0.12008290737867355,0.9925196170806885,0.0914168730378151,0.1674286425113678,0.9068202972412109,0.03620298206806183,0.1633892059326172,0.9595828056335449,-0.20451654493808746,-0.2690894603729248,1.2592027187347412,-0.33974456787109375,-0.2741225063800812,1.2439101934432983,-0.38388770818710327,-0.029889389872550964,1.1871877908706665,-0.323504239320755,0.1003766804933548,0.9889189004898071,-0.3114275336265564,0.12642988562583923,0.9492651224136353,-0.28727415204048157,0.1785363107919693,0.8699575662612915,-0.2485516369342804,0.16755804419517517,0.93498694896698,-0.09230103343725204,0.14311416447162628,1.206770420074463,0.0437137708067894,0.19702444970607758,0.8779247999191284,0.0433543436229229,0.5116289854049683,0.8197789192199707,0.08148838579654694,0.5743215680122375,0.7186606526374817,-0.2562543451786041,0.1373388022184372,1.1863203048706055,-0.28691449761390686,0.22638793289661407,0.8389358520507812,-0.2807771861553192,0.5441474914550781,0.8756551146507263,-0.28774023056030273,0.6347238421440125,0.7898827791213989,-0.1553526222705841,-0.4045632481575012,1.1488560438156128,-0.15406076610088348,-0.4569249153137207,1.1349971294403076,-0.12482849508523941,-0.5034504532814026,1.1652361154556274,-0.07700348645448685,-0.5060457587242126,1.2769330739974976,-0.18946516513824463,-0.5031899809837341,1.1582268476486206,-0.26014071702957153,-0.5053077340126038,1.2570735216140747,0.030523186549544334,0.5955996513366699,0.8341030478477478,-0.27641040086746216,0.6198751926422119,0.9164856672286987
-0.17371615767478943,0.13955268263816833,1.1970006227493286,-0.17214711010456085,0.003859281539916992,1.2194445133209229,-0.16990253329277039,-0.13197879493236542,1.2409356832504272,-0.16765788197517395,-0.26782095432281494,1.2624274492263794,-0.13032688200473785,-0.26727181673049927,1.2667834758758545,0.004981189966201782,-0.2626042068004608,1.2821539640426636,0.08470948040485382,-0.023061469197273254,1.2490057945251465,0.0907844752073288,0.09513714164495468,1.0346769094467163,0.09199947118759155,0.11877686530351639,0.9918111562728882,0.09442947059869766,0.1660563051700592,0.9060795903205872,0.03853940591216087,0.16188570857048035,0.9581325054168701,-0.20496448874473572,-0.26984649896621704,1.2583049535751343,-0.34027254581451416,-0.2745141088962555,1.2429344654083252,-0.3836897909641266,-0.030172690749168396,1.1859402656555176,-0.3253716826438904,0.10109642148017883,0.9876675009727478,-0.3137080669403076,0.12735024094581604,0.9480129480361938,-0.2903808355331421,0.17985789477825165,0.8687038421630859,-0.25093841552734375,0.16849030554294586,0.9332458972930908,-0.09170795977115631,0.14215590059757233,1.2070062160491943,0.04359230399131775,0.19507914781570435,0.8776887655258179,0.04447794333100319,0.5094603896141052,0.8182778358459473,0.08263184130191803,0.5715800523757935,0.7168074250221252,-0.25572437047958374,0.13694946467876434,1.186995029449463,-0.2881041169166565,0.22581690549850464,0.8397037982940674,-0.2807695269584656,0.5437362194061279,0.874910831451416,-0.2879573106765747,0.6339397430419922,0.7887570261955261,-0.15652517974376678,-0.4054516851902008,1.1477373838424683,-0.15552900731563568,-0.4578416347503662,1.1338061094284058,-0.12656524777412415,-0.5046069622039795,1.1640287637710571,-0.07878900319337845,-0.5076166987419128,1.2758328914642334,-0.1912423074245453,-0.5039612650871277,1.1569758653640747,-0.2620406746864319,-0.5057873725891113,1.255849838256836,0.032055191695690155,0.5935475826263428,0.832297682762146,-0.2759287357330322,0.6196414828300476,0.9153644442558289
-0.1730821132659912,0.13919082283973694,1.1975561380386353,-0.17180293798446655,0.003425419330596924,1.2195360660552979,-0.1698499619960785,-0.13248683512210846,1.2405370473861694,-0.16789694130420685,-0.26840317249298096,1.2615386247634888,-0.13057026267051697,-0.2679452896118164,1.2659260034561157,0.004802718758583069,-0.26360470056533813,1.2814280986785889,0.08455111086368561,-0.023959800601005554,1.2488064765930176,0.09219565242528915,0.09376103430986404,1.0342272520065308,0.0937245637178421,0.1173052042722702,0.9913114309310913,0.0967823788523674,0.16439354419708252,0.9054797887802124,0.040470827370882034,0.16026398539543152,0.9570950269699097,-0.2052023708820343,-0.2703382968902588,1.2573795318603516,-0.34057533740997314,-0.27467888593673706,1.2418774366378784,-0.38373714685440063,-0.030333906412124634,1.18455171585083,-0.32744210958480835,0.10189801454544067,0.9862931966781616,-0.31618309020996094,0.12834440171718597,0.9466415047645569,-0.2936650812625885,0.18123716115951538,0.8673380613327026,-0.2535781264305115,0.16959820687770844,0.9314454197883606,-0.09106102585792542,0.14156882464885712,1.2074711322784424,0.04347711801528931,0.19307342171669006,0.877590000629425,0.045215945690870285,0.5070128440856934,0.8157913088798523,0.08333496749401093,0.5682454109191895,0.7137595415115356,-0.255103200674057,0.13681282103061676,1.1876411437988281,-0.2889643907546997,0.22467389702796936,0.8402096629142761,-0.2807903289794922,0.5428106784820557,0.8734102249145508,-0.2882135212421417,0.6325002908706665,0.7867290377616882,-0.15763221681118011,-0.4058724045753479,1.146389365196228,-0.15698495507240295,-0.4582628607749939,1.1323010921478271,-0.12833838164806366,-0.5053408145904541,1.162426471710205,-0.0806141048669815,-0.5089947581291199,1.2743208408355713,-0.19304829835891724,-0.5042336583137512,1.1553362607955933,-0.2639588713645935,-0.5058578252792358,1.2542320489883423,0.03308921307325363,0.5912485122680664,0.8292023539543152,-0.27559125423431396,0.6189597249031067,0.9133707880973816
-0.17223823070526123,0.1404554843902588,1.1979790925979614,-0.1710897982120514,0.004549279808998108,1.2190566062927246,-0.16924667358398438,-0.13149914145469666,1.239144206047058,-0.16740350425243378,-0.26755163073539734,1.2592324018478394,-0.13008925318717957,-0.2671390175819397,1.263720989227295,0.005396619439125061,-0.2629550099372864,1.2796268463134766,0.08491193503141403,-0.023103147745132446,1.247744083404541,0.09354895353317261,0.09273480623960495,1.032149076461792,0.0952763557434082,0.11590239405632019,0.9890300631523132,0.09873116761445999,0.16223758459091187,0.9027920365333557,0.04208824411034584,0.15836083889007568,0.9540759325027466,-0.20469769835472107,-0.2694430351257324,1.2549620866775513,-0.3401835560798645,-0.27362704277038574,1.2390562295913696,-0.38362032175064087,-0.029263243079185486,1.1818923950195312,-0.32980239391326904,0.1048242598772049,0.9841592311859131,-0.3190388083457947,0.13164176046848297,0.9446126222610474,-0.29751163721084595,0.18527676165103912,0.8655193448066711,-0.25672996044158936,0.17324978113174438,0.9291250705718994,-0.0902220755815506,0.1426803171634674,1.2078558206558228,0.04335683584213257,0.19158300757408142,0.8771806955337524,0.04612860083580017,0.5049189925193787,0.8123904466629028,0.08416682481765747,0.5650297999382019,0.7096602916717529,-0.25425440073013306,0.13823065161705017,1.1881023645401,-0.28807538747787476,0.22480711340904236,0.8403359055519104,-0.28046685457229614,0.5432581901550293,0.8705995082855225,-0.28801727294921875,0.6321322917938232,0.7830890417098999,-0.15882878005504608,-0.4046561121940613,1.1432740688323975,-0.15880167484283447,-0.4570223093032837,1.1289055347442627,-0.13065233826637268,-0.504623293876648,1.1587884426116943,-0.08283364027738571,-0.5094069838523865,1.2707126140594482,-0.19540643692016602,-0.5027281641960144,1.1517592668533325,-0.26630356907844543,-0.5040373206138611,1.2507967948913574,0.03437311202287674,0.5893273949623108,0.8250370621681213,-0.2754138708114624,0.619783878326416,0.9098575115203857
-0.17165371775627136,0.1408362090587616,1.1982299089431763,-0.17092642188072205,0.0047158002853393555,1.2176101207733154,-0.16969917714595795,-0.13154292106628418,1.2359659671783447,-0.16847190260887146,-0.26780572533607483,1.2543224096298218,-0.131188303232193,-0.267596036195755,1.2589832544326782,0.004278779029846191,-0.2641429901123047,1.2755587100982666,0.08522623032331467,-0.024656057357788086,1.2432875633239746,0.09214905649423599,0.09183620661497116,1.027812123298645,0.09353362023830414,0.11513465642929077,0.9847170114517212,0.09630274772644043,0.1617315709590912,0.8985268473625183,0.04021677374839783,0.15811975300312042,0.9505077004432678,-0.20574215054512024,-0.2694964110851288,1.2498610019683838,-0.3412092328071594,-0.2729494571685791,1.2332855463027954,-0.3837674856185913,-0.027991995215415955,1.1773165464401245,-0.33071911334991455,0.10672469437122345,0.9796165823936462,-0.32010942697525024,0.13366803526878357,0.9400765895843506,-0.298890084028244,0.1875547170639038,0.8609966039657593,-0.25766485929489136,0.17504167556762695,0.9242784380912781,-0.08966460078954697,0.14270342886447906,1.2082678079605103,0.04443051666021347,0.18800246715545654,0.8772745132446289,0.04591048136353493,0.5009390115737915,0.8104860186576843,0.08383142948150635,0.5605631470680237,0.7074240446090698,-0.25364282727241516,0.13896898925304413,1.1881920099258423,-0.2889010012149811,0.2244151085615158,0.8402755260467529,-0.28182414174079895,0.5427876114845276,0.8715971112251282,-0.289848655462265,0.6319460868835449,0.7844123244285583,-0.15884044766426086,-0.4037122130393982,1.136871099472046,-0.15875963866710663,-0.45594754815101624,1.121909499168396,-0.1310453712940216,-0.5039737820625305,1.1516011953353882,-0.08451239764690399,-0.5101199746131897,1.264082908630371,-0.19574977457523346,-0.5018503069877625,1.1438380479812622,-0.2678415775299072,-0.5041034817695618,1.2420873641967773,0.03376348316669464,0.585376501083374,0.822577178478241,-0.2767903506755829,0.6191923022270203,0.9110992550849915
-0.17165371775627136,0.1408362090587616,1.1982299089431763,-0.17092642188072205,0.0047158002853393555,1.2176101207733154,-0.16969917714595795,-0.13154292106628418,1.2359659671783447,-0.16847190260887146,-0.26780572533607483,1.2543224096298218,-0.131188303232193,-0.267596036195755,1.2589832544326782,0.004278779029846191,-0.2641429901123047,1.2755587100982666,0.08522623032331467,-0.024656057357788086,1.2432875633239746,0.09214905649423599,0.09183620661497116,1.027812123298645,0.09353362023830414,0.11513465642929077,0.9847170114517212,0.09630274772644043,0.1617315709590912,0.8985268473625183,0.04021677374839783,0.15811975300312042,0.9505077004432678,-0.20574215054512024,-0.2694964110851288,1.2498610019683838,-0.3412092328071594,-0.2729494571685791,1.2332855463027954,-0.3837674856185913,-0.027991995215415955,1.1773165464401245,-0.33071911334991455,0.10672469437122345,0.9796165823936462,-0.32010942697525024,0.13366803526878357,0.9400765895843506,-0.298890084028244,0.1875547170639038,0.8609966039657593,-0.25766485929489136,0.17504167556762695,0.9242784380912781,-0.08966460078954697,0.14270342886447906,1.2082678079605103,0.04443051666021347,0.18800246715545654,0.8772745132446289,0.04591048136353493,0.5009390115737915,0.8104860186576843,0.08383142948150635,0.5605631470680237,0.7074240446090698,-0.25364282727241516,0.13896898925304413,1.1881920099258423,-0.2889010012149811,0.2244151085615158,0.8402755260467529,-0.28182414174079895,0.5427876114845276,0.8715971112251282,-0.289848655462265,0.6319460868835449,0.7844123244285583,-0.15884044766426086,-0.4037122130393982,1.136871099472046,-0.15875963866710663,-0.45594754815101624,1.121909499168396,-0.1310453712940216,-0.5039737820625305,1.1516011953353882,-0.08451239764690399,-0.5101199746131897,1.264082908630371,-0.19574977457523346,-0.5018503069877625,1.1438380479812622,-0.2678415775299072,-0.5041034817695618,1.2420873641967773,0.03376348316669464,0.585376501083374,0.822577178478241,-0.2767903506755829,0.6191923022270203,0.9110992550849915
-0.17155995965003967,0.14109712839126587,1.1988438367843628,-0.17102840542793274,0.004892662167549133,1.217521071434021,-0.1700778305530548,-0.13145139813423157,1.2351326942443848,-0.1691272258758545,-0.2677995562553406,1.2527447938919067,-0.1318533718585968,-0.26768481731414795,1.2574536800384521,0.0036067217588424683,-0.2645745575428009,1.2742210626602173,0.08534800261259079,-0.02538783848285675,1.241363525390625,0.09184981882572174,0.09185367077589035,1.026231050491333,0.09315018355846405,0.11530197411775589,0.9832045435905457,0.09575090557336807,0.16219857335090637,0.897151529788971,0.03987343609333038,0.1586662232875824,0.9493822455406189,-0.20639076828956604,-0.26939624547958374,1.2482273578643799,-0.3418508768081665,-0.2725065052509308,1.2314599752426147,-0.38416120409965515,-0.027340948581695557,1.176005244255066,-0.33005082607269287,0.10668662190437317,0.978069543838501,-0.31922873854637146,0.1334921419620514,0.938482403755188,-0.297584593296051,0.18710318207740784,0.859308123588562,-0.2565961182117462,0.17463934421539307,0.922770082950592,-0.08958980441093445,0.14281128346920013,1.209011435508728,0.04423566162586212,0.18618302047252655,0.8776504397392273,0.04580838605761528,0.49899792671203613,0.810294508934021,0.0836254358291626,0.5584136247634888,0.7070739269256592,-0.2535301148891449,0.1393829733133316,1.1886762380599976,-0.28939494490623474,0.22287753224372864,0.8403476476669312,-0.28191694617271423,0.5412987470626831,0.871079683303833,-0.2900073826313019,0.6303081512451172,0.7837485671043396,-0.15827243030071259,-0.40338262915611267,1.1349658966064453,-0.15793226659297943,-0.45558759570121765,1.119858980178833,-0.13027675449848175,-0.5036241412162781,1.149618148803711,-0.08449975401163101,-0.5099445581436157,1.262429118156433,-0.19494587182998657,-0.5016697645187378,1.1414083242416382,-0.2677289545536041,-0.5044071674346924,1.2391678094863892,0.03372694551944733,0.5834643244743347,0.8222494125366211,-0.27672746777534485,0.6177693605422974,0.9104340672492981
-0.17151015996932983,0.14157885313034058,1.1996108293533325,-0.17113430798053741,0.005283623933792114,1.217526912689209,-0.17038169503211975,-0.1311466097831726,1.234371542930603,-0.1696290671825409,-0.26758092641830444,1.2512166500091553,-0.13236361742019653,-0.2675415575504303,1.255967378616333,0.0030916184186935425,-0.26470309495925903,1.2729049921035767,0.08522220700979233,-0.025655046105384827,1.2396867275238037,0.09009549766778946,0.09213177859783173,1.0247632265090942,0.09107015281915665,0.11568914353847504,0.9817785620689392,0.09301947057247162,0.16280387341976166,0.8958091735839844,0.03760652616620064,0.15930619835853577,0.9485530257225037,-0.20688632130622864,-0.26910316944122314,1.2466490268707275,-0.3423415422439575,-0.2719416320323944,1.2297114133834839,-0.38462498784065247,-0.02656896412372589,1.174964427947998,-0.3292870819568634,0.10692539811134338,0.9769579768180847,-0.31821951270103455,0.13362427055835724,0.93735671043396,-0.29608434438705444,0.18702201545238495,0.8581541180610657,-0.25541743636131287,0.1746138036251068,0.9218485355377197,-0.08955837041139603,0.14315705001354218,1.2098976373672485,0.043799422681331635,0.18555906414985657,0.8782224059104919,0.04596461355686188,0.4983786642551422,0.8109035491943359,0.08371691405773163,0.5577203631401062,0.7076165676116943,-0.25346195697784424,0.14000065624713898,1.1893240213394165,-0.28985869884490967,0.2224159836769104,0.840793251991272,-0.28209149837493896,0.540880560874939,0.8710022568702698,-0.29025888442993164,0.629755973815918,0.7835417985916138,-0.15792681276798248,-0.4022546708583832,1.1324326992034912,-0.157419353723526,-0.4543496072292328,1.1169224977493286,-0.12983429431915283,-0.5025774240493774,1.1464598178863525,-0.08463035523891449,-0.5096953511238098,1.2594767808914185,-0.19447383284568787,-0.5006658434867859,1.1379244327545166,-0.2677757143974304,-0.5042791962623596,1.2352931499481201,0.034102242439985275,0.5828713178634644,0.8228929042816162,-0.27677997946739197,0.6174103021621704,0.9102253913879395
-0.17241239547729492,0.14146462082862854,1.2008484601974487,-0.17217178642749786,0.004981517791748047,1.2172410488128662,-0.17164073884487152,-0.13162624835968018,1.2325528860092163,-0.17110967636108398,-0.2682380974292755,1.2478652000427246,-0.13384267687797546,-0.2683148980140686,1.2525944709777832,0.0016365647315979004,-0.26589491963386536,1.2694861888885498,0.0830950140953064,-0.026607543230056763,1.2355207204818726,0.0862998515367508,0.09408295899629593,1.0220640897750854,0.08694081753492355,0.11822105944156647,0.9793727993965149,0.08822275698184967,0.16649726033210754,0.893990159034729,0.033227380365133286,0.16235119104385376,0.9471690654754639,-0.20837090909481049,-0.2696461081504822,1.2433022260665894,-0.34385013580322266,-0.2720660865306854,1.2264105081558228,-0.38615682721138,-0.02621494233608246,1.1733545064926147,-0.3272400498390198,0.10566885769367218,0.9751736521720886,-0.31545668840408325,0.13204561173915863,0.9355374574661255,-0.2918899655342102,0.18479913473129272,0.856265127658844,-0.2521976828575134,0.1726222038269043,0.9206539988517761,-0.0904589295387268,0.14283636212348938,1.2110663652420044,0.042882949113845825,0.18537181615829468,0.8793996572494507,0.04452230781316757,0.49844107031822205,0.8132280111312866,0.08214796334505081,0.5582226514816284,0.7101477980613708,-0.25436586141586304,0.1400928795337677,1.190630555152893,-0.2902923822402954,0.22278958559036255,0.8421157002449036,-0.2819887697696686,0.5412636995315552,0.8720994591712952,-0.28992247581481934,0.6300899982452393,0.7845666408538818,-0.16003142297267914,-0.4022810161113739,1.1282532215118408,-0.15964172780513763,-0.45429927110671997,1.1124448776245117,-0.1319807916879654,-0.5027310252189636,1.1416033506393433,-0.08631318807601929,-0.5105330944061279,1.2544163465499878,-0.19666630029678345,-0.5007048845291138,1.133341670036316,-0.26958876848220825,-0.5047924518585205,1.2310084104537964,0.03252687305212021,0.5828703045845032,0.8255308270454407,-0.27657634019851685,0.617812991142273,0.9112716317176819
-0.1730204075574875,0.14017537236213684,1.2023097276687622,-0.1729019582271576,0.0035942792892456055,1.2177882194519043,-0.17255368828773499,-0.13310541212558746,1.2321780920028687,-0.17220540344715118,-0.26980921626091003,1.2465684413909912,-0.1349327266216278,-0.2699745297431946,1.2512311935424805,0.0005877763032913208,-0.26787444949150085,1.2679013013839722,0.080533966422081,-0.027921780943870544,1.2343226671218872,0.08286748081445694,0.09621310979127884,1.0227329730987549,0.08333418518304825,0.12104009091854095,0.9804150462150574,0.08426758646965027,0.17069405317306519,0.8957791328430176,0.0293889120221138,0.16552573442459106,0.9490302801132202,-0.20947429537773132,-0.27112966775894165,1.242061972618103,-0.34499478340148926,-0.2732297480106354,1.2253918647766113,-0.3866158723831177,-0.026905223727226257,1.1735447645187378,-0.3253635764122009,0.1039779931306839,0.9752953052520752,-0.31311312317848206,0.13015463948249817,0.9356454014778137,-0.2886122167110443,0.1825079321861267,0.8563455939292908,-0.24946695566177368,0.17029882967472076,0.9210963249206543,-0.09105034172534943,0.14138689637184143,1.212372899055481,0.042764946818351746,0.18470990657806396,0.8809958696365356,0.04495673254132271,0.4978735148906708,0.8152759075164795,0.08281583338975906,0.5577480792999268,0.7123340368270874,-0.25499045848846436,0.13896384835243225,1.1922465562820435,-0.29004910588264465,0.22333016991615295,0.8440406322479248,-0.28137147426605225,0.5416239500045776,0.8758072257041931,-0.2889899015426636,0.6309453845024109,0.7887501120567322,-0.16210152208805084,-0.40380847454071045,1.1268032789230347,-0.161876380443573,-0.4558221101760864,1.110964059829712,-0.13406109809875488,-0.5043013691902161,1.1399050951004028,-0.08761191368103027,-0.5122117400169373,1.2523998022079468,-0.19880487024784088,-0.5022035837173462,1.1320959329605103,-0.27105262875556946,-0.5062679648399353,1.2302738428115845,0.03306762874126434,0.5823031663894653,0.8276832103729248,-0.2759394347667694,0.617948055267334,0.9154151082038879
-0.17331533133983612,0.13834568858146667,1.2035400867462158,-0.17333759367465973,0.0016812533140182495,1.21817946434021,-0.1732143610715866,-0.13509316742420197,1.2317521572113037,-0.1730911284685135,-0.2718716859817505,1.2453252077102661,-0.13581188023090363,-0.2721337676048279,1.2499101161956787,-0.0002419501543045044,-0.2703836262226105,1.2663156986236572,0.07834822684526443,-0.029754772782325745,1.233526349067688,0.08068972826004028,0.09822513163089752,1.0241128206253052,0.08115802705287933,0.12382110953330994,0.9822301268577576,0.08209463208913803,0.17501306533813477,0.8984647393226624,0.027122411876916885,0.168744757771492,0.951549768447876,-0.2103690356016159,-0.2730962634086609,1.2408878803253174,-0.3459389805793762,-0.2748464047908783,1.2244822978973389,-0.3864502012729645,-0.027970165014266968,1.17383873462677,-0.32358258962631226,0.10267472267150879,0.975803554058075,-0.3110090494155884,0.12880370020866394,0.936196506023407,-0.285861998796463,0.18106165528297424,0.856982409954071,-0.24702294170856476,0.16856178641319275,0.9219019412994385,-0.09131832420825958,0.1393844485282898,1.2133619785308838,0.042395442724227905,0.18529900908470154,0.8822637796401978,0.045650552958250046,0.4987313747406006,0.8177634477615356,0.08369846642017365,0.5588821768760681,0.7150411605834961,-0.25531232357025146,0.13730692863464355,1.1937181949615479,-0.2897747755050659,0.22468140721321106,0.8461673259735107,-0.2812054753303528,0.5427780151367188,0.8801059722900391,-0.2886933982372284,0.6326925158500671,0.7936366200447083,-0.1641220897436142,-0.40639060735702515,1.1260360479354858,-0.16411960124969482,-0.4584724009037018,1.1104087829589844,-0.13620002567768097,-0.5068952441215515,1.1393524408340454,-0.08896583318710327,-0.5144444704055786,1.2515530586242676,-0.2009972333908081,-0.5046905279159546,1.131994366645813,-0.27255797386169434,-0.5081977844238281,1.2307050228118896,0.034052953124046326,0.583158552646637,0.8305041193962097,-0.27585306763648987,0.6188387274742126,0.9202419519424438
-0.17360739409923553,0.13632124662399292,1.204865574836731,-0.17388710379600525,-0.0003980398178100586,1.218917727470398,-0.17413780093193054,-0.13722094893455505,1.2319231033325195,-0.17438851296901703,-0.27404797077178955,1.2449288368225098,-0.13710322976112366,-0.27443772554397583,1.2494407892227173,-0.001483619213104248,-0.273150771856308,1.2655946016311646,0.0782611146569252,-0.03255617618560791,1.234510898590088,0.08339350670576096,0.09945866465568542,1.0275394916534424,0.08441998809576035,0.12586162984371185,0.9861451983451843,0.08647294342517853,0.1786675751209259,0.903356671333313,0.030949663370847702,0.17175938189029694,0.955834150314331,-0.21167650818824768,-0.27514535188674927,1.2405582666397095,-0.3472961187362671,-0.2764323055744171,1.2244044542312622,-0.3868744969367981,-0.02914029359817505,1.1744908094406128,-0.32265380024909973,0.10181586444377899,0.9769620895385742,-0.3098096549510956,0.12800709903240204,0.9374563694000244,-0.28412139415740967,0.18038955330848694,0.85844486951828,-0.24559006094932556,0.16758333146572113,0.923527717590332,-0.09158133715391159,0.13713635504245758,1.2144287824630737,0.04155478626489639,0.18678563833236694,0.8835833072662354,0.04599132016301155,0.5005675554275513,0.8206549286842346,0.0841357409954071,0.5610905885696411,0.7181665301322937,-0.2556334435939789,0.13550613820552826,1.1953023672103882,-0.28987306356430054,0.22645972669124603,0.8485977053642273,-0.28154489398002625,0.5443605780601501,0.8847701549530029,-0.28903594613075256,0.6348846554756165,0.7989145517349243,-0.16679354012012482,-0.40947964787483215,1.1265475749969482,-0.16708524525165558,-0.4616801142692566,1.1113007068634033,-0.13909809291362762,-0.5099900364875793,1.1403840780258179,-0.09101064503192902,-0.5168801546096802,1.252280354499817,-0.20395086705684662,-0.507620632648468,1.1335126161575317,-0.2747601866722107,-0.5101667642593384,1.2328112125396729,0.03475535660982132,0.5849871635437012,0.8338416218757629,-0.2762718200683594,0.6201528310775757,0.9254461526870728
-0.17394591867923737,0.13322710990905762,1.206516981124878,-0.17470940947532654,-0.003526538610458374,1.2202024459838867,-0.17557871341705322,-0.14037863910198212,1.232858657836914,-0.1764480471611023,-0.27723485231399536,1.24551522731781,-0.1391606628894806,-0.27780818939208984,1.2499877214431763,-0.003512859344482422,-0.2771884500980377,1.2660062313079834,0.08150122314691544,-0.03789897263050079,1.2388499975204468,0.09267795085906982,0.0995059460401535,1.0356296300888062,0.0949132964015007,0.12698692083358765,0.9949855804443359,0.09938398748636246,0.18194888532161713,0.9136974215507507,0.04296594858169556,0.17495134472846985,0.9652111530303955,-0.2137448638677597,-0.27814894914627075,1.241180181503296,-0.3493926525115967,-0.2787686884403229,1.2251616716384888,-0.38999369740486145,-0.03145976364612579,1.1760276556015015,-0.32659873366355896,0.10116571187973022,0.9793168902397156,-0.3139197528362274,0.12769080698490143,0.9399747252464294,-0.28856176137924194,0.18074099719524384,0.861290454864502,-0.24993076920509338,0.1677357703447342,0.9262838363647461,-0.09189282357692719,0.13370195031166077,1.2158395051956177,0.03888596594333649,0.189057856798172,0.8848803639411926,0.045452751219272614,0.5033407211303711,0.8243557810783386,0.0833735466003418,0.564365565776825,0.7220513820648193,-0.25599902868270874,0.13275226950645447,1.1971944570541382,-0.2906218469142914,0.22689759731292725,0.8513054847717285,-0.28244709968566895,0.544710636138916,0.8888300061225891,-0.2900921702384949,0.635613203048706,0.8033520579338074,-0.16993938386440277,-0.4135696589946747,1.1281007528305054,-0.17046399414539337,-0.4658830463886261,1.1132458448410034,-0.14242787659168243,-0.5140524506568909,1.1425189971923828,-0.09367391467094421,-0.520239531993866,1.2541720867156982,-0.207317054271698,-0.5115577578544617,1.136025309562683,-0.2775265872478485,-0.5131712555885315,1.2357732057571411,0.03500141203403473,0.5877600312232971,0.8382824063301086,-0.27717381715774536,0.6203474402427673,0.9298308491706848
-0.17423342168331146,0.12767261266708374,1.204592227935791,-0.17613287270069122,-0.009016826748847961,1.2191194295883179,-0.17843496799468994,-0.14580290019512177,1.2326444387435913,-0.18073713779449463,-0.2825930714607239,1.2461698055267334,-0.14347951114177704,-0.28350287675857544,1.250903844833374,-0.008682116866111755,-0.2841048538684845,1.2677597999572754,0.10136303305625916,-0.05730065703392029,1.2474392652511597,0.1373273730278015,0.08071684837341309,1.0504745244979858,0.14452023804187775,0.10832034796476364,1.011081576347351,0.1589059680700302,0.16352735459804535,0.9322956800460815,0.10009517520666122,0.16174548864364624,0.9803573489189148,-0.2180197834968567,-0.2831699848175049,1.2415827512741089,-0.352817177772522,-0.2825680077075958,1.2247267961502075,-0.4077107608318329,-0.042146921157836914,1.1686252355575562,-0.3590420186519623,0.09475123882293701,0.9736184477806091,-0.3493082821369171,0.1221308708190918,0.9346171021461487,-0.3298407793045044,0.17689013481140137,0.8566144108772278,-0.2894856333732605,0.1666758954524994,0.920167088508606,-0.09223189204931259,0.12757185101509094,1.2143659591674805,0.03161240369081497,0.1976698338985443,0.8835398554801941,0.039066120982170105,0.5136731863021851,0.8329142332077026,0.0752977579832077,0.5776985287666321,0.7318413853645325,-0.25623494386672974,0.12777337431907654,1.1948184967041016,-0.2909126877784729,0.23043647408485413,0.8513730764389038,-0.288199245929718,0.5469878911972046,0.8989596366882324,-0.29697385430336,0.6404120922088623,0.8163605332374573,-0.17498458921909332,-0.42153507471084595,1.1319068670272827,-0.1756383776664734,-0.4741559326648712,1.1182587146759033,-0.14750374853610992,-0.5216586589813232,1.1484665870666504,-0.09818162769079208,-0.5253453254699707,1.2599358558654785,-0.21240222454071045,-0.5192430019378662,1.1422618627548218,-0.2820606231689453,-0.5185010433197021,1.2423559427261353,0.029473479837179184,0.5976658463478088,0.8497299551963806,-0.28436988592147827,0.621363639831543,0.9423548579216003
-0.1728108525276184,0.12408667802810669,1.202780842781067,-0.17573200166225433,-0.012411579489707947,1.2190016508102417,-0.17933392524719238,-0.1490054428577423,1.234251856803894,-0.1829359531402588,-0.285603404045105,1.249502420425415,-0.14572501182556152,-0.28677064180374146,1.2545727491378784,-0.011510670185089111,-0.2883025109767914,1.2725520133972168,0.12682406604290009,-0.07992126047611237,1.2539446353912354,0.19439169764518738,0.043836504220962524,1.0582962036132812,0.20790521800518036,0.06858805567026138,1.0191664695739746,0.23493227362632751,0.1180911660194397,0.9409071207046509,0.17345795035362244,0.1255170702934265,0.9838273525238037,-0.2201860547065735,-0.28592076897621155,1.2445979118347168,-0.3544003963470459,-0.2843888998031616,1.2266186475753784,-0.42653119564056396,-0.054029688239097595,1.158521294593811,-0.3964105248451233,0.0796121209859848,0.9600464105606079,-0.3903864026069641,0.10634048283100128,0.9203514456748962,-0.37833812832832336,0.15979720652103424,0.8409615159034729,-0.33552759885787964,0.15489554405212402,0.9027644991874695,-0.09090036898851395,0.123581662774086,1.2132822275161743,0.027369029819965363,0.20382988452911377,0.8827352523803711,0.03406471759080887,0.5208818912506104,0.839108407497406,0.06868566572666168,0.5871660113334656,0.7389360666275024,-0.25472134351730347,0.12459169328212738,1.1922794580459595,-0.289914608001709,0.23241618275642395,0.8504841923713684,-0.292171448469162,0.5479822158813477,0.9041783213615417,-0.3021160066127777,0.6428401470184326,0.8233713507652283,-0.17799688875675201,-0.4260067343711853,1.1371335983276367,-0.17895735800266266,-0.4787740409374237,1.124186396598816,-0.15111321210861206,-0.5260159969329834,1.155005931854248,-0.10183589160442352,-0.5285191535949707,1.2664666175842285,-0.21596668660640717,-0.5233049392700195,1.1487679481506348,-0.2855874300003052,-0.5208377838134766,1.2487924098968506,0.0247562974691391,0.6044712066650391,0.8579568862915039,-0.2896088659763336,0.6215515732765198,0.949012041091919
-0.17074503004550934,0.1207360327243805,1.202246069908142,-0.17458100616931915,-0.015520483255386353,1.2205228805541992,-0.1792687028646469,-0.15187391638755798,1.237853765487671,-0.18395653367042542,-0.28823143243789673,1.2551852464675903,-0.14678114652633667,-0.28958213329315186,1.2605446577072144,-0.013183340430259705,-0.29177170991897583,1.2794537544250488,0.16121411323547363,-0.11631442606449127,1.262970209121704,0.2681233882904053,-0.021882668137550354,1.0719549655914307,0.2895052433013916,-0.0029963161796331406,1.0337519645690918,0.33226895332336426,0.034776389598846436,0.9573458433151245,0.2702232301235199,0.056034646928310394,0.9926358461380005,-0.22118288278579712,-0.2883627414703369,1.250014066696167,-0.3547806739807129,-0.28617316484451294,1.2311049699783325,-0.4504285454750061,-0.07210509479045868,1.1504961252212524,-0.44904249906539917,0.052227579057216644,0.9470919370651245,-0.44876527786254883,0.07709411531686783,0.9064111113548279,-0.44821086525917053,0.1268271803855896,0.8250494003295898,-0.4013451337814331,0.1294797658920288,0.8828728199005127,-0.08892345428466797,0.11992880702018738,1.2134010791778564,0.025322742760181427,0.20763272047042847,0.883360743522644,0.03126160800457001,0.525266170501709,0.8442493081092834,0.06470901519060135,0.5930197834968567,0.7446739673614502,-0.2525666058063507,0.12154325842857361,1.1910910606384277,-0.28825128078460693,0.23380494117736816,0.8508048057556152,-0.2944115102291107,0.5485618114471436,0.9086509346961975,-0.30530208349227905,0.6443485617637634,0.8290843963623047,-0.1806851327419281,-0.42963841557502747,1.1441856622695923,-0.18215572834014893,-0.48248422145843506,1.13174569606781,-0.1546194702386856,-0.5296508073806763,1.162882924079895,-0.10495684295892715,-0.5315405130386353,1.27410888671875,-0.21943405270576477,-0.5264322757720947,1.1568725109100342,-0.2885981500148773,-0.5224213600158691,1.2570793628692627,0.022092092782258987,0.6085594296455383,0.8644039630889893,-0.29283472895622253,0.6215518712997437,0.9544551372528076
-0.17038249969482422,0.1162375807762146,1.2023735046386719,-0.17531952261924744,-0.019485577940940857,1.2247368097305298,-0.1813422590494156,-0.15531417727470398,1.2461748123168945,-0.18736517429351807,-0.291146844625473,1.267613410949707,-0.15017534792423248,-0.2926986813545227,1.2730318307876587,-0.016870617866516113,-0.2956126928329468,1.292019248008728,0.20713338255882263,-0.1980297863483429,1.2767199277877808,0.3709767460823059,-0.18408098816871643,1.1082758903503418,0.4037454128265381,-0.18129122257232666,1.074587106704712,0.46928274631500244,-0.1757117062807083,1.0072094202041626,0.4140818119049072,-0.12979617714881897,1.0231119394302368,-0.22462046146392822,-0.2910713255405426,1.2624281644821167,-0.3579251766204834,-0.28815731406211853,1.2434407472610474,-0.5056552886962891,-0.12243066728115082,1.1402671337127686,-0.573000967502594,-0.039570532739162445,0.9304782152175903,-0.5864701271057129,-0.02299850434064865,0.8885204195976257,-0.6134083867073059,0.010145552456378937,0.8046048283576965,-0.5583203434944153,0.031740203499794006,0.8482769727706909,-0.08860975503921509,0.1151541918516159,1.2138508558273315,0.0258730947971344,0.21578583121299744,0.8878705501556396,0.03176973760128021,0.5339070558547974,0.8549745678901672,0.06548639386892319,0.603549599647522,0.7569103240966797,-0.25215524435043335,0.1173209697008133,1.1908961534500122,-0.2839902937412262,0.238399475812912,0.8535199165344238,-0.294238418340683,0.5515414476394653,0.9179799556732178,-0.30493319034576416,0.6488498449325562,0.8403900861740112,-0.18500261008739471,-0.4337496757507324,1.1583669185638428,-0.18658818304538727,-0.4866964519023895,1.1465766429901123,-0.1588548719882965,-0.5334659218788147,1.178035020828247,-0.10838216543197632,-0.5340583324432373,1.2888033390045166,-0.22366055846214294,-0.5302900075912476,1.1724878549575806,-0.2919982671737671,-0.5250598192214966,1.2730865478515625,0.022496400400996208,0.6167332530021667,0.876697301864624,-0.29408952593803406,0.6234859824180603,0.9653299450874329
-0.1695069670677185,0.1124507486820221,1.1999485492706299,-0.1752195507287979,-0.022639766335487366,1.2263463735580444,-0.18216846883296967,-0.15784011781215668,1.25187087059021,-0.18911759555339813,-0.2930445075035095,1.2773962020874023,-0.1518639773130417,-0.29474788904190063,1.2825566530227661,-0.018434688448905945,-0.2982136011123657,1.3005245923995972,0.21748942136764526,-0.2368629276752472,1.281671166419983,0.3967123031616211,-0.28206193447113037,1.1363929510116577,0.4325568675994873,-0.29110172390937805,1.1073373556137085,0.5042459964752197,-0.3091813325881958,1.0492260456085205,0.45426470041275024,-0.25541436672210693,1.0469262599945068,-0.226446732878685,-0.29281067848205566,1.2725131511688232,-0.35987603664398193,-0.2893449664115906,1.2545452117919922,-0.5302958488464355,-0.1573631465435028,1.1391440629959106,-0.6345807909965515,-0.12379126250743866,0.9311364889144897,-0.6554377675056458,-0.11707688868045807,0.8895349502563477,-0.6971517205238342,-0.10364813357591629,0.8063319325447083,-0.6373815536499023,-0.07172154635190964,0.8346608281135559,-0.08769014477729797,0.11116782575845718,1.2110886573791504,0.02922145277261734,0.216061532497406,0.8875553607940674,0.03605528920888901,0.5341333150863647,0.8562188744544983,0.07069286704063416,0.6041194200515747,0.7588154077529907,-0.25132378935813904,0.113733671605587,1.1888084411621094,-0.28011012077331543,0.23637989163398743,0.8519493341445923,-0.2909807562828064,0.5492724180221558,0.9165903329849243,-0.30097419023513794,0.6466006636619568,0.8390493988990784,-0.18680042028427124,-0.4370484948158264,1.170206904411316,-0.18829481303691864,-0.4901217520236969,1.1591671705245972,-0.16034632921218872,-0.5363490581512451,1.1911468505859375,-0.10949760675430298,-0.5352768301963806,1.3016483783721924,-0.22513580322265625,-0.5334128737449646,1.1858017444610596,-0.2930678129196167,-0.5269577503204346,1.286503791809082,0.026787377893924713,0.6168285608291626,0.8782411813735962,-0.2912731468677521,0.621127188205719,0.9639843106269836
-0.16942143440246582,0.10800793766975403,1.1976004838943481,-0.17612671852111816,-0.02639724314212799,1.2283294200897217,-0.1842072606086731,-0.1609099954366684,1.2582460641860962,-0.19228804111480713,-0.29542678594589233,1.2881635427474976,-0.15492071211338043,-0.2973783612251282,1.2929431200027466,-0.021205797791481018,-0.301740825176239,1.3094450235366821,0.21972404420375824,-0.2668386697769165,1.2847331762313843,0.400857537984848,-0.362191379070282,1.1687276363372803,0.43708422780036926,-0.3812619149684906,1.1455265283584595,0.5095376372337341,-0.4194030165672302,1.0991243124008179,0.46381324529647827,-0.3655262887477875,1.0788860321044922,-0.22974318265914917,-0.29493725299835205,1.283709168434143,-0.3634580969810486,-0.2905747890472412,1.2672072649002075,-0.5449474453926086,-0.19015182554721832,1.1373887062072754,-0.6711398363113403,-0.21095970273017883,0.9399012923240662,-0.6963782906532288,-0.2151212841272354,0.9004037976264954,-0.7468552589416504,-0.22344443202018738,0.8214088082313538,-0.6842087507247925,-0.18697765469551086,0.8335992097854614,-0.08752402663230896,0.10632973164319992,1.2081308364868164,0.031511932611465454,0.21435104310512543,0.8868081569671631,0.039263032376766205,0.53227299451828,0.8574865460395813,0.07468149811029434,0.6027001142501831,0.7608445286750793,-0.2513188421726227,0.10968614369630814,1.1870701313018799,-0.27778100967407227,0.2338525950908661,0.8509616851806641,-0.288928747177124,0.5464615821838379,0.9153473973274231,-0.2983403205871582,0.6436684131622314,0.837782084941864,-0.18944847583770752,-0.44103729724884033,1.1834379434585571,-0.19074338674545288,-0.4942449927330017,1.173279047012329,-0.16263867914676666,-0.5397974848747253,1.205978512763977,-0.11181780695915222,-0.5367238521575928,1.316342830657959,-0.2273852825164795,-0.5371959209442139,1.2006057500839233,-0.2952665090560913,-0.5293527841567993,1.3011200428009033,0.030040577054023743,0.6147712469100952,0.8799266815185547,-0.2895074784755707,0.6182622909545898,0.9626643657684326
-0.17325866222381592,0.09368970990180969,1.2259491682052612,-0.1874992400407791,-0.0443737655878067,1.288722038269043,-0.20382308959960938,-0.18265452980995178,1.350501537322998,-0.22014743089675903,-0.32093942165374756,1.412282943725586,-0.17915679514408112,-0.32368767261505127,1.4190036058425903,-0.041984811425209045,-0.3303552567958832,1.4403241872787476,0.16958411037921906,-0.4142933785915375,1.307639479637146,0.29330575466156006,-0.6316339373588562,1.267247200012207,0.3180500864982605,-0.6751020550727844,1.2591687440872192,0.3675387501716614,-0.7620382905006409,1.2430118322372437,0.3079952895641327,-0.729332685470581,1.2024106979370117,-0.2613154947757721,-0.3196941614151001,1.4062336683273315,-0.39848747849464417,-0.3130265772342682,1.3849130868911743,-0.5559812784194946,-0.35443273186683655,1.1778056621551514,-0.6670419573783875,-0.5618939399719238,1.0839927196502686,-0.689254105091095,-0.6033861637115479,1.065230131149292,-0.73367840051651,-0.6863706707954407,1.0277049541473389,-0.6627936363220215,-0.6551236510276794,1.011502981185913,-0.08744359016418457,0.0917978435754776,1.2412561178207397,0.027266502380371094,0.19020359218120575,0.9160016775131226,0.03705988824367523,0.5000012516975403,0.8414023518562317,0.07292310893535614,0.5554742813110352,0.7358750700950623,-0.25907373428344727,0.09558157622814178,1.2106422185897827,-0.28423455357551575,0.21227367222309113,0.8724374771118164,-0.29339104890823364,0.5261944532394409,0.9272601008415222,-0.30203163623809814,0.6209120750427246,0.8469274044036865,-0.2155715823173523,-0.46088850498199463,1.2937099933624268,-0.21693378686904907,-0.5143017172813416,1.2789822816848755,-0.18918262422084808,-0.5636064410209656,1.3092319965362549,-0.13974633812904358,-0.5698188543319702,1.4231319427490234,-0.2552545368671417,-0.5600662231445312,1.3025037050247192,-0.3269500732421875,-0.5597882270812988,1.4040685892105103,0.028369944542646408,0.5847761631011963,0.851711630821228,-0.29356300830841064,0.5992621779441833,0.9723118543624878
-0.17325866222381592,0.09368970990180969,1.2259491682052612,-0.1874992400407791,-0.0443737655878067,1.288722038269043,-0.20382308959960938,-0.18265452980995178,1.350501537322998,-0.22014743089675903,-0.32093942165374756,1.412282943725586,-0.17915679514408112,-0.32368767261505127,1.4190036058425903,-0.041984811425209045,-0.3303552567958832,1.4403241872787476,0.16958411037921906,-0.4142933785915375,1.307639479637146,0.29330575466156006,-0.6316339373588562,1.267247200012207,0.3180500864982605,-0.6751020550727844,1.2591687440872192,0.3675387501716614,-0.7620382905006409,1.2430118322372437,0.3079952895641327,-0.729332685470581,1.2024106979370117,-0.2613154947757721,-0.3196941614151001,1.4062336683273315,-0.39848747849464417,-0.3130265772342682,1.3849130868911743,-0.5559812784194946,-0.35443273186683655,1.1778056621551514,-0.6670419573783875,-0.5618939399719238,1.0839927196502686,-0.689254105091095,-0.6033861637115479,1.065230131149292,-0.73367840051651,-0.6863706707954407,1.0277049541473389,-0.6627936363220215,-0.6551236510276794,1.011502981185913,-0.08744359016418457,0.0917978435754776,1.2412561178207397,0.027266502380371094,0.19020359218120575,0.9160016775131226,0.03705988824367523,0.5000012516975403,0.8414023518562317,0.07292310893535614,0.5554742813110352,0.7358750700950623,-0.25907373428344727,0.09558157622814178,1.2106422185897827,-0.28423455357551575,0.21227367222309113,0.8724374771118164,-0.29339104890823364,0.5261944532394409,0.9272601008415222,-0.30203163623809814,0.6209120750427246,0.8469274044036865,-0.2155715823173523,-0.46088850498199463,1.2937099933624268,-0.21693378686904907,-0.5143017172813416,1.2789822816848755,-0.18918262422084808,-0.5636064410209656,1.3092319965362549,-0.13974633812904358,-0.5698188543319702,1.4231319427490234,-0.2552545368671417,-0.5600662231445312,1.3025037050247192,-0.3269500732421875,-0.5597882270812988,1.4040685892105103,0.028369944542646408,0.5847761631011963,0.851711630821228,-0.29356300830841064,0.5992621779441833,0.9723118543624878
-0.17365112900733948,0.08932435512542725,1.2295706272125244,-0.18921560049057007,-0.04829084873199463,1.2967513799667358,-0.20664596557617188,-0.18611960113048553,1.3630300760269165,-0.22407685220241547,-0.32395246624946594,1.4293107986450195,-0.18272198736667633,-0.3266508877277374,1.4365178346633911,-0.04551175236701965,-0.33310386538505554,1.4591829776763916,0.16283103823661804,-0.4341397285461426,1.3309919834136963,0.2699950337409973,-0.6641823053359985,1.3120309114456177,0.2914278209209442,-0.7101908326148987,1.3082387447357178,0.3342934250831604,-0.8022078275680542,1.3006542921066284,0.2772178649902344,-0.7688504457473755,1.2564891576766968,-0.2656211853027344,-0.3227521479129791,1.4228240251541138,-0.40283143520355225,-0.316299170255661,1.4001588821411133,-0.5558320879936218,-0.3771568834781647,1.1929512023925781,-0.6593250632286072,-0.5997911095619202,1.125970482826233,-0.6800236701965332,-0.6443179845809937,1.1125743389129639,-0.7214208841323853,-0.7333716750144958,1.0857820510864258,-0.6509650349617004,-0.7020917534828186,1.066328525543213,-0.08754029124975204,0.08766993135213852,1.2461318969726562,0.032484978437423706,0.18865108489990234,0.9236154556274414,0.04396229237318039,0.5019930005073547,0.8660752773284912,0.08095462620258331,0.5629845857620239,0.7640482187271118,-0.2597619593143463,0.09097877889871597,1.2130093574523926,-0.2855185270309448,0.20094846189022064,0.8726222515106201,-0.29450705647468567,0.5162708759307861,0.9186301827430725,-0.30326151847839355,0.6086956858634949,0.8356907963752747,-0.21735037863254547,-0.46325886249542236,1.3093777894973755,-0.21831221878528595,-0.5166884660720825,1.2941616773605347,-0.19071461260318756,-0.5662595629692078,1.324458360671997,-0.14267602562904358,-0.5732365846633911,1.4392497539520264,-0.2568683624267578,-0.5629010796546936,1.3168470859527588,-0.33011171221733093,-0.5637208819389343,1.4176844358444214,0.03545728325843811,0.5861097574234009,0.8809042572975159,-0.29458507895469666,0.5905700922012329,0.9616125822067261
-0.17417776584625244,0.08703052997589111,1.2345256805419922,-0.19086310267448425,-0.050592005252838135,1.3043782711029053,-0.20903898775577545,-0.1884399950504303,1.3734095096588135,-0.22721540927886963,-0.32629209756851196,1.442442774772644,-0.1855609118938446,-0.3289352059364319,1.4500294923782349,-0.048354148864746094,-0.335159033536911,1.4737275838851929,0.15974268317222595,-0.4472654461860657,1.3525259494781494,0.2527404725551605,-0.6851362586021423,1.355246663093567,0.271340012550354,-0.7327104210853577,1.3557908535003662,0.30853912234306335,-0.8278587460517883,1.3568791151046753,0.25433188676834106,-0.7947519421577454,1.3085801601409912,-0.2690674662590027,-0.32514727115631104,1.4356063604354858,-0.4062742292881012,-0.3189234435558319,1.4119082689285278,-0.5579025149345398,-0.3926350772380829,1.2066341638565063,-0.6547933220863342,-0.6242729425430298,1.1597877740859985,-0.674171507358551,-0.6706005334854126,1.1504185199737549,-0.7129278182983398,-0.7632557153701782,1.1316800117492676,-0.6432750225067139,-0.7315055131912231,1.1091477870941162,-0.08775756508111954,0.0854279026389122,1.2520109415054321,0.03803066164255142,0.1895700842142105,0.9327504634857178,0.047842398285865784,0.5063923001289368,0.8990790843963623,0.08552242070436478,0.5751243233680725,0.8023779988288879,-0.26059797406196594,0.08863315731287003,1.2170404195785522,-0.2874785363674164,0.19746431708335876,0.8764104843139648,-0.29377877712249756,0.513687252998352,0.9160299301147461,-0.3022924065589905,0.6044636964797974,0.8312824964523315,-0.2190229892730713,-0.4646890163421631,1.321014642715454,-0.21972811222076416,-0.5180737972259521,1.3052469491958618,-0.19227024912834167,-0.5679754018783569,1.3353902101516724,-0.1452419012784958,-0.5759779214859009,1.450791597366333,-0.2584809362888336,-0.5646681785583496,1.3271538019180298,-0.33283889293670654,-0.5666073560714722,1.427454948425293,0.03855296969413757,0.589089035987854,0.9200890064239502,-0.2930409908294678,0.5888360738754272,0.957485556602478
-0.17415320873260498,0.08547115325927734,1.2354737520217896,-0.19198764860630035,-0.05206972360610962,1.3078112602233887,-0.2108660489320755,-0.18987217545509338,1.3793818950653076,-0.229745015501976,-0.32767874002456665,1.4509546756744385,-0.18781955540180206,-0.3302696645259857,1.4588829278945923,-0.05065310001373291,-0.3362814486026764,1.48348867893219,0.1576310247182846,-0.4561944007873535,1.368440866470337,0.23730206489562988,-0.6987142562866211,1.3902987241744995,0.2532362639904022,-0.7472182512283325,1.3946702480316162,0.2851046919822693,-0.8442261815071106,1.4034134149551392,0.2336864024400711,-0.8116708993911743,1.3514240980148315,-0.27187567949295044,-0.3265856206417084,1.4438045024871826,-0.4090421199798584,-0.3205738365650177,1.419198751449585,-0.5600175857543945,-0.4040747582912445,1.2161436080932617,-0.6509059071540833,-0.6417720913887024,1.1864720582962036,-0.6690835952758789,-0.6893115639686584,1.1805377006530762,-0.7054389119148254,-0.7843905091285706,1.1686691045761108,-0.6366333365440369,-0.7523038983345032,1.1433151960372925,-0.08742684125900269,0.0837981328368187,1.2536746263504028,0.041952237486839294,0.1898668259382248,0.9365217685699463,0.048332322388887405,0.508348822593689,0.9256154298782349,0.08584145456552505,0.5842178463935852,0.8343493342399597,-0.2608795762062073,0.08714417368173599,1.2172728776931763,-0.2875387668609619,0.19232338666915894,0.8755097389221191,-0.29305124282836914,0.5089569091796875,0.9116109609603882,-0.3013521432876587,0.5987998843193054,0.8258678317070007,-0.22024793922901154,-0.46619072556495667,1.3294074535369873,-0.22074024379253387,-0.5196363925933838,1.3135952949523926,-0.1934628039598465,-0.5695755481719971,1.3440091609954834,-0.1474297046661377,-0.5775705575942993,1.4599778652191162,-0.2596808671951294,-0.5663460493087769,1.3351550102233887,-0.33504751324653625,-0.5684202909469604,1.4348909854888916,0.03795597329735756,0.5892198085784912,0.9524019956588745,-0.2921217679977417,0.5845537781715393,0.9522257447242737
-0.17348480224609375,0.08531400561332703,1.2345675230026245,-0.192292258143425,-0.05218625068664551,1.309022307395935,-0.21176835894584656,-0.1899806410074234,1.3827580213546753,-0.2312450408935547,-0.3277791738510132,1.4564958810806274,-0.18907789885997772,-0.33030831813812256,1.4647353887557983,-0.05194520950317383,-0.3360835909843445,1.4901641607284546,0.1572851538658142,-0.4604152739048004,1.3802117109298706,0.2247951775789261,-0.7054611444473267,1.4168059825897217,0.23829717934131622,-0.7544703483581543,1.424124836921692,0.2653011977672577,-0.8524886965751648,1.4387625455856323,0.21669812500476837,-0.8202865123748779,1.383654236793518,-0.27362385392189026,-0.32674771547317505,1.449057936668396,-0.41075652837753296,-0.3209724426269531,1.4236291646957397,-0.5617647767066956,-0.4107803404331207,1.2224916219711304,-0.6472097039222717,-0.6523890495300293,1.206101894378662,-0.6642987132072449,-0.7007107734680176,1.2028239965438843,-0.6984766721725464,-0.7973542213439941,1.196268081665039,-0.6305767297744751,-0.7648944854736328,1.1684809923171997,-0.08646009117364883,0.08356641978025436,1.2533228397369385,0.0448264554142952,0.18977482616901398,0.9370184540748596,0.047650497406721115,0.5083959102630615,0.9444157481193542,0.08456665277481079,0.5897843837738037,0.8577879071235657,-0.26050952076911926,0.08706159144639969,1.2158122062683105,-0.28652793169021606,0.18859535455703735,0.8729145526885986,-0.2924702763557434,0.5053125619888306,0.9080854654312134,-0.30068469047546387,0.5948940515518188,0.8220683336257935,-0.22047175467014313,-0.4667559266090393,1.3353662490844727,-0.22071979939937592,-0.5202935338020325,1.3197057247161865,-0.1935495138168335,-0.5701149106025696,1.3505136966705322,-0.14837802946567535,-0.5776504278182983,1.4669568538665771,-0.2597547769546509,-0.5670607089996338,1.3411211967468262,-0.33595961332321167,-0.5689969062805176,1.4403448104858398,0.03628645837306976,0.587473452091217,0.9757574796676636,-0.2917129099369049,0.5810244679450989,0.9484815001487732
-0.17281277477741241,0.08596190810203552,1.2328683137893677,-0.1923314481973648,-0.051644980907440186,1.3090935945510864,-0.2122918665409088,-0.18957766890525818,1.3846123218536377,-0.23225288093090057,-0.3275144696235657,1.4601333141326904,-0.18984396755695343,-0.3300023078918457,1.46860671043396,-0.05273796617984772,-0.3356075882911682,1.4946074485778809,0.15702174603939056,-0.46188417077064514,1.3870238065719604,0.2146063894033432,-0.7083852291107178,1.4322421550750732,0.22612331807613373,-0.7576854228973389,1.4412858486175537,0.24915717542171478,-0.856285810470581,1.4593732357025146,0.20279859006404877,-0.8239367008209229,1.4022938013076782,-0.27487874031066895,-0.32652586698532104,1.4524807929992676,-0.41198474168777466,-0.32092058658599854,1.4264800548553467,-0.5633832812309265,-0.4136723279953003,1.2264931201934814,-0.644551157951355,-0.6575658917427063,1.2193390130996704,-0.6607847213745117,-0.7063446044921875,1.2179081439971924,-0.69325190782547,-0.8039020299911499,1.2150465250015259,-0.62615966796875,-0.7711375951766968,1.1854023933410645,-0.08546525985002518,0.08413737267255783,1.251941204071045,0.04662110656499863,0.1887148916721344,0.9354067444801331,0.046961553394794464,0.5068913102149963,0.9542641639709473,0.08329854905605316,0.5916316509246826,0.8706491589546204,-0.26016029715538025,0.08778644353151321,1.2137954235076904,-0.28498753905296326,0.1854097545146942,0.8696579337120056,-0.29166173934936523,0.5021052360534668,0.9050325155258179,-0.2997075021266937,0.5917373895645142,0.8190435171127319,-0.22010675072669983,-0.4669647514820099,1.3395522832870483,-0.2200237214565277,-0.5205861330032349,1.324088454246521,-0.19282063841819763,-0.5701935291290283,1.3552714586257935,-0.14833343029022217,-0.5770928263664246,1.4720773696899414,-0.25900763273239136,-0.5674624443054199,1.345445990562439,-0.33586323261260986,-0.569354772567749,1.444238543510437,0.03496270254254341,0.5847033262252808,0.9884216785430908,-0.2912045419216156,0.5777930021286011,0.9454870223999023
-0.17236028611660004,0.08662298321723938,1.2304469347000122,-0.19232206046581268,-0.05115041136741638,1.3081154823303223,-0.21261295676231384,-0.18927150964736938,1.385077953338623,-0.23290446400642395,-0.3273967504501343,1.4620428085327148,-0.19026651978492737,-0.3298777937889099,1.470625877380371,-0.05316287279129028,-0.33542776107788086,1.4968124628067017,0.15700523555278778,-0.4615078568458557,1.389405608177185,0.20799638330936432,-0.7088851928710938,1.4384506940841675,0.2181946188211441,-0.7583606839179993,1.448259711265564,0.23859107494354248,-0.8573116064071655,1.467877745628357,0.1936950385570526,-0.8245576024055481,1.4098024368286133,-0.2757629454135895,-0.32641690969467163,1.4542961120605469,-0.41286659240722656,-0.3208669424057007,1.4281095266342163,-0.5645570755004883,-0.41442739963531494,1.228511095046997,-0.6420440673828125,-0.659776508808136,1.2277041673660278,-0.6575414538383484,-0.7088463306427002,1.227542757987976,-0.6885362863540649,-0.8069859743118286,1.2272199392318726,-0.6221784353256226,-0.7738765478134155,1.1962099075317383,-0.08465489745140076,0.08466802537441254,1.2495204210281372,0.047530606389045715,0.18645501136779785,0.9320006370544434,0.04677331820130348,0.5043847560882568,0.9559048414230347,0.08273373544216156,0.5905922055244446,0.8735826015472412,-0.2600656747817993,0.08857794106006622,1.2113734483718872,-0.2840232253074646,0.183248832821846,0.8662418127059937,-0.2908932566642761,0.4998602867126465,0.9031378626823425,-0.2987573742866516,0.5899300575256348,0.8175375461578369,-0.21974143385887146,-0.4671403169631958,1.3418910503387451,-0.2193930298089981,-0.5208067297935486,1.3265752792358398,-0.1921277642250061,-0.5702277421951294,1.3580073118209839,-0.14808641374111176,-0.5766371488571167,1.4750185012817383,-0.25828835368156433,-0.5677744746208191,1.3479058742523193,-0.33554142713546753,-0.5696860551834106,1.4463976621627808,0.03453408554196358,0.5816255211830139,0.991313636302948,-0.29056188464164734,0.575374186038971,0.9439699649810791
-0.17199723422527313,0.08697450160980225,1.2279057502746582,-0.19224925339221954,-0.05098581314086914,1.306706190109253,-0.21278898417949677,-0.18931017816066742,1.3847906589508057,-0.23332932591438293,-0.3276386857032776,1.4628775119781494,-0.19048888981342316,-0.33014607429504395,1.4714900255203247,-0.05337205529212952,-0.3357507288455963,1.4976294040679932,0.15752877295017242,-0.4599390923976898,1.3893920183181763,0.20488157868385315,-0.7080535888671875,1.4384946823120117,0.21435214579105377,-0.7576764822006226,1.4483152627944946,0.23329326510429382,-0.8569222688674927,1.467956304550171,0.18933893740177155,-0.8234995603561401,1.409531593322754,-0.27639302611351013,-0.3266347646713257,1.4551136493682861,-0.4135098457336426,-0.3210301101207733,1.4289742708206177,-0.5655403137207031,-0.4134698510169983,1.2290771007537842,-0.6391118168830872,-0.660041093826294,1.2310878038406372,-0.653826117515564,-0.709355354309082,1.231489896774292,-0.6832547187805176,-0.8079838752746582,1.2322942018508911,-0.6177206039428711,-0.7740901708602905,1.2003724575042725,-0.08393452316522598,0.08484131097793579,1.2468035221099854,0.047754593193531036,0.18343417346477509,0.9278318881988525,0.04682740196585655,0.5014556646347046,0.9530059099197388,0.08251437544822693,0.5880652666091919,0.8708750009536743,-0.2600599527359009,0.0891076922416687,1.209007978439331,-0.283521443605423,0.1810014247894287,0.8628714084625244,-0.29013773798942566,0.4976250231266022,0.9013155698776245,-0.29783064126968384,0.588169276714325,0.816093385219574,-0.2193499058485031,-0.4676414132118225,1.3430838584899902,-0.21880856156349182,-0.5213485956192017,1.3278909921646118,-0.19153974950313568,-0.5706357359886169,1.359546184539795,-0.14793294668197632,-0.5766684412956238,1.4767570495605469,-0.25767484307289124,-0.5683701634407043,1.3491806983947754,-0.3353157043457031,-0.5702491998672485,1.4473880529403687,0.0346226803958416,0.5785929560661316,0.9887741804122925,-0.28977885842323303,0.5729848146438599,0.9425376653671265
-0.17156721651554108,0.08775770664215088,1.226772665977478,-0.1921015977859497,-0.05064357817173004,1.3061792850494385,-0.21284930408000946,-0.18940369784832,1.3849012851715088,-0.23359763622283936,-0.32816797494888306,1.4636256694793701,-0.19056081771850586,-0.33073121309280396,1.47223699092865,-0.05340120196342468,-0.33648189902305603,1.4982497692108154,0.1584131270647049,-0.4580664038658142,1.3887643814086914,0.20435766875743866,-0.7068055868148804,1.4361845254898071,0.21354657411575317,-0.7565534114837646,1.4456685781478882,0.2319243848323822,-0.8560490608215332,1.4646366834640503,0.18845324218273163,-0.8219620585441589,1.4062204360961914,-0.27685993909835815,-0.32711294293403625,1.4558700323104858,-0.41401955485343933,-0.3213622570037842,1.4298572540283203,-0.5661813020706177,-0.4114389419555664,1.2289390563964844,-0.6356621384620667,-0.6592226624488831,1.231467366218567,-0.6495583057403564,-0.7087793946266174,1.2319730520248413,-0.677350640296936,-0.8078928589820862,1.2329844236373901,-0.6126426458358765,-0.7729102373123169,1.200531244277954,-0.08316956460475922,0.0854046493768692,1.2455308437347412,0.04875652492046356,0.1846311092376709,0.9265404939651489,0.04659795016050339,0.5020147562026978,0.9610811471939087,0.08191272616386414,0.5912106037139893,0.8814488649368286,-0.25996488332748413,0.09011076390743256,1.2080144882202148,-0.28261545300483704,0.17857855558395386,0.8606449365615845,-0.2894303500652313,0.49542996287345886,0.8992305397987366,-0.2969592809677124,0.5860762596130371,0.8139609098434448,-0.21926525235176086,-0.4682621359825134,1.3439408540725708,-0.21871815621852875,-0.5219845771789551,1.3287734985351562,-0.19163185358047485,-0.5712929964065552,1.3605705499649048,-0.14851754903793335,-0.5773178935050964,1.4779824018478394,-0.2577296495437622,-0.5689606070518494,1.34992516040802,-0.3357945680618286,-0.5707095265388489,1.4478205442428589,0.03410683199763298,0.5780773162841797,0.9991388320922852,-0.2891923487186432,0.5708316564559937,0.9405156373977661
-0.17100518941879272,0.08862751722335815,1.224399209022522,-0.1916554719209671,-0.050050050020217896,1.30459463596344,-0.21255330741405487,-0.1891099214553833,1.3840606212615967,-0.23345176875591278,-0.328173965215683,1.4635289907455444,-0.19022831320762634,-0.33079981803894043,1.472084879875183,-0.052990466356277466,-0.3367220461368561,1.4978119134902954,0.15992362797260284,-0.4556465148925781,1.3873927593231201,0.20586498081684113,-0.7047706842422485,1.4330815076828003,0.2150532454252243,-0.7545955181121826,1.4422192573547363,0.23342978954315186,-0.8542451858520508,1.4604947566986084,0.19017110764980316,-0.8197281360626221,1.4021481275558472,-0.27690234780311584,-0.3270595669746399,1.4558367729187012,-0.4141401946544647,-0.32113733887672424,1.4301097393035889,-0.5666452646255493,-0.40837377309799194,1.2281200885772705,-0.6324021816253662,-0.6572368144989014,1.2301608324050903,-0.6455535888671875,-0.7070094347000122,1.2305690050125122,-0.6718563437461853,-0.8065546751022339,1.2313852310180664,-0.6079310178756714,-0.7704638838768005,1.198551058769226,-0.08225059509277344,0.08609610795974731,1.2428760528564453,0.048444077372550964,0.18130165338516235,0.9217443466186523,0.04625508934259415,0.499357670545578,0.9529762268066406,0.08121391385793686,0.5878172516822815,0.8721733093261719,-0.259759783744812,0.091158926486969,1.2059223651885986,-0.28153714537620544,0.1775238811969757,0.8575868606567383,-0.2885552942752838,0.4944528043270111,0.898166298866272,-0.29590994119644165,0.5857189893722534,0.8133563995361328,-0.21922004222869873,-0.46869945526123047,1.3442952632904053,-0.21881379187107086,-0.5224770903587341,1.3292888402938843,-0.19200408458709717,-0.571792721748352,1.3613282442092896,-0.14929309487342834,-0.5776175260543823,1.4789178371429443,-0.25806766748428345,-0.5692577362060547,1.3504551649093628,-0.336473286151886,-0.5704350471496582,1.4481109380722046,0.03387248516082764,0.5758898258209229,0.990321159362793,-0.28844311833381653,0.5696737170219421,0.9399627447128296
-0.1706998646259308,0.0900307297706604,1.2219535112380981,-0.19129407405853271,-0.04877385497093201,1.3029159307479858,-0.21231935918331146,-0.1879802644252777,1.3830735683441162,-0.23334527015686035,-0.3271908462047577,1.4632337093353271,-0.18997648358345032,-0.32988083362579346,1.471717119216919,-0.05265866219997406,-0.33598658442497253,1.4971318244934082,0.16122941672801971,-0.4525517225265503,1.3859446048736572,0.20806020498275757,-0.7019690275192261,1.4293819665908813,0.2174263596534729,-0.7518525123596191,1.438069462776184,0.23615866899490356,-0.8516194224357605,1.4554444551467896,0.19291897118091583,-0.8167102932929993,1.3972938060760498,-0.27694258093833923,-0.3260139226913452,1.4556214809417725,-0.4142603874206543,-0.31990817189216614,1.4302067756652832,-0.5667004585266113,-0.4044836461544037,1.2269651889801025,-0.6287386417388916,-0.654362678527832,1.2277905941009521,-0.6411463022232056,-0.7043384909629822,1.22795569896698,-0.6659615635871887,-0.8042901158332825,1.2282859086990356,-0.6027581095695496,-0.7670338749885559,1.195314645767212,-0.08162053674459457,0.08743418753147125,1.2401608228683472,0.04682696610689163,0.17559248208999634,0.9157342910766602,0.04639379680156708,0.49508702754974365,0.9319320917129517,0.08126004040241241,0.5795331001281738,0.8467267751693726,-0.2597791850566864,0.09262727200984955,1.2037461996078491,-0.2797214388847351,0.17754033207893372,0.8545824885368347,-0.2875899076461792,0.4945017099380493,0.8971607089042664,-0.29465344548225403,0.5863770246505737,0.8128056526184082,-0.21921634674072266,-0.4687582552433014,1.3451846837997437,-0.2189282923936844,-0.522666871547699,1.3306219577789307,-0.19234025478363037,-0.5718003511428833,1.3631411790847778,-0.14994050562381744,-0.576776921749115,1.4809015989303589,-0.2583777904510498,-0.5691640377044678,1.3520758152008057,-0.33704692125320435,-0.5693074464797974,1.4495497941970825,0.03462732583284378,0.5734364986419678,0.9657331109046936,-0.2878582179546356,0.5695303678512573,0.9394717812538147
-0.17030072212219238,0.09147447347640991,1.2195611000061035,-0.19071410596370697,-0.047465503215789795,1.3012115955352783,-0.21181879937648773,-0.1868106722831726,1.3819911479949951,-0.23292411863803864,-0.3261600136756897,1.462773084640503,-0.1894190013408661,-0.3289148509502411,1.4711625576019287,-0.05201520025730133,-0.3352073132991791,1.496206521987915,0.1625138223171234,-0.4498901665210724,1.384186029434204,0.2111375331878662,-0.6994199156761169,1.4252105951309204,0.2208622694015503,-0.7493258714675903,1.4334155321121216,0.24031175673007965,-0.8491377830505371,1.449825406074524,0.19680358469486237,-0.8139709830284119,1.3920116424560547,-0.27665865421295166,-0.3249197006225586,1.4552617073059082,-0.4140624403953552,-0.3186272382736206,1.4302177429199219,-0.5662661194801331,-0.40083935856819153,1.2257705926895142,-0.6253101229667664,-0.6514883041381836,1.224647879600525,-0.637118935585022,-0.7016180753707886,1.2244232892990112,-0.6607365608215332,-0.8018776774406433,1.2239742279052734,-0.5980885028839111,-0.763575553894043,1.191106915473938,-0.08091644197702408,0.08887634426355362,1.2374869585037231,0.044445790350437164,0.16836610436439514,0.9093805551528931,0.047132834792137146,0.4883909523487091,0.9025601744651794,0.08206561207771301,0.5661981105804443,0.811168909072876,-0.2596850097179413,0.0940726026892662,1.2016352415084839,-0.2775139808654785,0.17793574929237366,0.8518679141998291,-0.2863554358482361,0.4949261546134949,0.8955548405647278,-0.29307883977890015,0.5871468186378479,0.811431348323822,-0.21906611323356628,-0.46908435225486755,1.34629487991333,-0.2189003974199295,-0.5231598615646362,1.3323297500610352,-0.19244787096977234,-0.5720007419586182,1.3654141426086426,-0.15012559294700623,-0.5757728219032288,1.4832667112350464,-0.2584817707538605,-0.5693268179893494,1.3542766571044922,-0.337221622467041,-0.5681967735290527,1.4517107009887695,0.036384254693984985,0.5691301822662354,0.9307504892349243,-0.2870614528656006,0.5698493719100952,0.9381583333015442
-0.17005664110183716,0.0924345850944519,1.2172958850860596,-0.19018489122390747,-0.04660312831401825,1.299560546875,-0.2113562524318695,-0.1860407143831253,1.3808811902999878,-0.23252825438976288,-0.32548248767852783,1.4622043371200562,-0.18891000747680664,-0.3282981216907501,1.4705034494400024,-0.05142958462238312,-0.33476725220680237,1.4952032566070557,0.16367162764072418,-0.4476839303970337,1.3823997974395752,0.21457163989543915,-0.6971718072891235,1.421074390411377,0.22475165128707886,-0.7470693588256836,1.4288092851638794,0.24511165916919708,-0.8468645215034485,1.4442790746688843,0.20120839774608612,-0.8115522861480713,1.386838436126709,-0.2763766050338745,-0.324182391166687,1.454789161682129,-0.41385704278945923,-0.31771326065063477,1.4300893545150757,-0.5657128691673279,-0.39806243777275085,1.2245968580245972,-0.6228297352790833,-0.6491779685020447,1.2215319871902466,-0.6342530846595764,-0.6994010806083679,1.2209190130233765,-0.6570998430252075,-0.7998473048210144,1.2196930646896362,-0.594778299331665,-0.7607953548431396,1.187061071395874,-0.0804067924618721,0.08991698175668716,1.234976053237915,0.0416831448674202,0.1612907201051712,0.9036641120910645,0.048176951706409454,0.47951430082321167,0.8686763644218445,0.08335597813129425,0.5485567450523376,0.7705346941947937,-0.2597064971923828,0.09495218843221664,1.199615716934204,-0.27552667260169983,0.1786748170852661,0.8496042490005493,-0.2851986885070801,0.4957183003425598,0.893449604511261,-0.2915690541267395,0.5880092978477478,0.8093187808990479,-0.21884292364120483,-0.4699442982673645,1.347575068473816,-0.21873325109481812,-0.5242048501968384,1.3343127965927124,-0.19231238961219788,-0.5726432204246521,1.3680263757705688,-0.14994849264621735,-0.5749222040176392,1.4859213829040527,-0.25835686922073364,-0.5700510740280151,1.3568745851516724,-0.33707451820373535,-0.5675776600837708,1.4543248414993286,0.038615208119153976,0.5625746846199036,0.8897276520729065,-0.2862992286682129,0.5706357955932617,0.9361083507537842
-0.169782817363739,0.09281301498413086,1.215280532836914,-0.18960125744342804,-0.046320974826812744,1.2980698347091675,-0.21079877018928528,-0.1858464926481247,1.3798524141311646,-0.23199690878391266,-0.3253761827945709,1.4616374969482422,-0.1882776916027069,-0.32824647426605225,1.4698402881622314,-0.05072386562824249,-0.33487409353256226,1.494186282157898,0.16464799642562866,-0.4461928904056549,1.3802447319030762,0.2177066206932068,-0.6957164406776428,1.415860891342163,0.22831834852695465,-0.7456211447715759,1.4229841232299805,0.24954180419445038,-0.8454305529594421,1.4372305870056152,0.2052026093006134,-0.8098059892654419,1.3803071975708008,-0.2759465277194977,-0.32402241230010986,1.4543235301971436,-0.4135003685951233,-0.31739479303359985,1.429977536201477,-0.565314769744873,-0.3962617814540863,1.223841667175293,-0.6211846470832825,-0.6476565599441528,1.2188459634780884,-0.6323586106300354,-0.6979355216026306,1.2178468704223633,-0.654706597328186,-0.7984934449195862,1.2158485651016235,-0.5926265120506287,-0.7588637471199036,1.1834309101104736,-0.07990746945142746,0.09040328115224838,1.2327455282211304,0.03891528397798538,0.1549520194530487,0.8988323211669922,0.049597594887018204,0.46819567680358887,0.833187997341156,0.08516614139080048,0.5269203782081604,0.728668212890625,-0.25965815782546997,0.09522274881601334,1.1978155374526978,-0.27395734190940857,0.17970913648605347,0.847899854183197,-0.28423047065734863,0.496850848197937,0.8910332918167114,-0.2903139293193817,0.5889624953269958,0.8066737651824951,-0.21826288104057312,-0.47134116291999817,1.348896861076355,-0.21810878813266754,-0.5257785320281982,1.3363497257232666,-0.19160416722297668,-0.5737468600273132,1.370679259300232,-0.14912685751914978,-0.5744274258613586,1.488569974899292,-0.25766947865486145,-0.5713694095611572,1.3595530986785889,-0.336311936378479,-0.5676913261413574,1.4570459127426147,0.04130218178033829,0.553035318851471,0.8461464643478394,-0.2856270372867584,0.5718608498573303,0.9335309267044067
-0.16853941977024078,0.09372910857200623,1.2125694751739502,-0.18777941167354584,-0.04568549990653992,1.296188473701477,-0.2090444713830948,-0.18547749519348145,1.3786792755126953,-0.23031017184257507,-0.32527369260787964,1.4611725807189941,-0.18640369176864624,-0.32824671268463135,1.469218373298645,-0.048738762736320496,-0.33516815304756165,1.492977261543274,0.16687795519828796,-0.4435057044029236,1.3765501976013184,0.22349120676517487,-0.6932002305984497,1.405096173286438,0.23481385409832,-0.7431391477584839,1.410805344581604,0.2574591636657715,-0.8430169820785522,1.422223687171936,0.21239073574543,-0.8064513206481934,1.366463303565979,-0.27444779872894287,-0.3238200545310974,1.4540233612060547,-0.4121127128601074,-0.3168986141681671,1.4302644729614258,-0.5639786720275879,-0.39422327280044556,1.2235267162322998,-0.6194590926170349,-0.6456611752510071,1.215266227722168,-0.6305551528930664,-0.6959487795829773,1.2136141061782837,-0.6527473330497742,-0.796523928642273,1.2103099822998047,-0.5907495021820068,-0.7563639879226685,1.1783584356307983,-0.07829424738883972,0.09160404652357101,1.2297910451889038,0.03379309922456741,0.14748573303222656,0.8919857740402222,0.05074412003159523,0.44411569833755493,0.7724853754043579,0.08671577274799347,0.4828333258628845,0.6591410636901855,-0.25878459215164185,0.09585417062044144,1.1953479051589966,-0.27300822734832764,0.1831936240196228,0.8461083173751831,-0.28374797105789185,0.5006803274154663,0.8866535425186157,-0.2898670434951782,0.5921003222465515,0.8015366196632385,-0.21605418622493744,-0.4738903343677521,1.3519597053527832,-0.2156124711036682,-0.528626024723053,1.3407412767410278,-0.18870581686496735,-0.5755928754806519,1.3761487007141113,-0.14584273099899292,-0.5731433629989624,1.493901014328003,-0.25483155250549316,-0.5738794803619385,1.3651854991912842,-0.33319902420043945,-0.5682889223098755,1.4628387689590454,0.044403910636901855,0.5300864577293396,0.7704333066940308,-0.2852881848812103,0.5760358572006226,0.9285409450531006
-0.16853941977024078,0.09372910857200623,1.2125694751739502,-0.18777941167354584,-0.04568549990653992,1.296188473701477,-0.2090444713830948,-0.18547749519348145,1.3786792755126953,-0.23031017184257507,-0.32527369260787964,1.4611725807189941,-0.18640369176864624,-0.32824671268463135,1.469218373298645,-0.048738762736320496,-0.33516815304756165,1.492977261543274,0.16687795519828796,-0.4435057044029236,1.3765501976013184,0.22349120676517487,-0.6932002305984497,1.405096173286438,0.23481385409832,-0.7431391477584839,1.410805344581604,0.2574591636657715,-0.8430169820785522,1.422223687171936,0.21239073574543,-0.8064513206481934,1.366463303565979,-0.27444779872894287,-0.3238200545310974,1.4540233612060547,-0.4121127128601074,-0.3168986141681671,1.4302644729614258,-0.5639786720275879,-0.39422327280044556,1.2235267162322998,-0.6194590926170349,-0.6456611752510071,1.215266227722168,-0.6305551528930664,-0.6959487795829773,1.2136141061782837,-0.6527473330497742,-0.796523928642273,1.2103099822998047,-0.5907495021820068,-0.7563639879226685,1.1783584356307983,-0.07829424738883972,0.09160404652357101,1.2297910451889038,0.03379309922456741,0.14748573303222656,0.8919857740402222,0.05074412003159523,0.44411569833755493,0.7724853754043579,0.08671577274799347,0.4828333258628845,0.6591410636901855,-0.25878459215164185,0.09585417062044144,1.1953479051589966,-0.27300822734832764,0.1831936240196228,0.8461083173751831,-0.28374797105789185,0.5006803274154663,0.8866535425186157,-0.2898670434951782,0.5921003222465515,0.8015366196632385,-0.21605418622493744,-0.4738903343677521,1.3519597053527832,-0.2156124711036682,-0.528626024723053,1.3407412767410278,-0.18870581686496735,-0.5755928754806519,1.3761487007141113,-0.14584273099899292,-0.5731433629989624,1.493901014328003,-0.25483155250549316,-0.5738794803619385,1.3651854991912842,-0.33319902420043945,-0.5682889223098755,1.4628387689590454,0.044403910636901855,0.5300864577293396,0.7704333066940308,-0.2852881848812103,0.5760358572006226,0.9285409450531006
-0.1680362969636917,0.09467339515686035,1.2132542133331299,-0.18719908595085144,-0.04509817063808441,1.2969497442245483,-0.20851314067840576,-0.18520526587963104,1.3795568943023682,-0.22982783615589142,-0.32531654834747314,1.4621665477752686,-0.18582317233085632,-0.32833799719810486,1.4701662063598633,-0.04813098907470703,-0.3353911340236664,1.4937305450439453,0.16731689870357513,-0.44245797395706177,1.375788688659668,0.2252568006515503,-0.6922314167022705,1.400914192199707,0.23684477806091309,-0.7421861290931702,1.4059393405914307,0.26002073287963867,-0.8420954942703247,1.4159895181655884,0.21459075808525085,-0.8050325512886047,1.3608472347259521,-0.27406418323516846,-0.3238179385662079,1.4550647735595703,-0.41175636649131775,-0.31676480174064636,1.4315004348754883,-0.5633168816566467,-0.3937019407749176,1.2243738174438477,-0.6191678643226624,-0.6450011730194092,1.2141529321670532,-0.6303380727767944,-0.6952610015869141,1.2121087312698364,-0.6526784896850586,-0.7957807183265686,1.2080204486846924,-0.5905559659004211,-0.7554790377616882,1.1764802932739258,-0.07764659821987152,0.09263171255588531,1.2305400371551514,0.0347246378660202,0.15516197681427002,0.8941135406494141,0.05135784298181534,0.4555797874927521,0.7847180962562561,0.08721057325601578,0.4981178939342499,0.672755777835846,-0.2584260106086731,0.09671507775783539,1.1959683895111084,-0.2742210924625397,0.18518440425395966,0.847193717956543,-0.28480589389801025,0.5029812455177307,0.8844496011734009,-0.29127684235572815,0.593478798866272,0.7984333634376526,-0.21501074731349945,-0.4749758541584015,1.3544436693191528,-0.21432210505008698,-0.529823362827301,1.3437811136245728,-0.18713943660259247,-0.5763010382652283,1.3796275854110718,-0.1441216617822647,-0.5724483132362366,1.4972939491271973,-0.25329187512397766,-0.5750155448913574,1.3687424659729004,-0.33155351877212524,-0.568805992603302,1.466452717781067,0.04495133459568024,0.5415396690368652,0.7855737209320068,-0.2861771583557129,0.5787476897239685,0.9255403280258179
-0.16768532991409302,0.09537246823310852,1.2138205766677856,-0.18688249588012695,-0.04470318555831909,1.2976278066635132,-0.20822158455848694,-0.1850965917110443,1.3803787231445312,-0.22956131398677826,-0.3254942297935486,1.4631321430206299,-0.18546250462532043,-0.3285520374774933,1.4710901975631714,-0.04773828387260437,-0.33570024371147156,1.4944777488708496,0.16772209107875824,-0.44134294986724854,1.3752530813217163,0.22633659839630127,-0.691268265247345,1.3972307443618774,0.23805950582027435,-0.7412533164024353,1.4016262292861938,0.2615053057670593,-0.841223418712616,1.4104173183441162,0.21592122316360474,-0.8035979270935059,1.3557801246643066,-0.27389204502105713,-0.32396233081817627,1.456073522567749,-0.4116162657737732,-0.316814124584198,1.4326859712600708,-0.5628093481063843,-0.3935137093067169,1.225186824798584,-0.6191856265068054,-0.6446229219436646,1.2130539417266846,-0.6304608583450317,-0.6948447823524475,1.2106273174285889,-0.6530113816261292,-0.7952884435653687,1.205774188041687,-0.5907237529754639,-0.7548990249633789,1.1746653318405151,-0.07714734226465225,0.09330849349498749,1.2311097383499146,0.03651361167430878,0.1643926501274109,0.8969404101371765,0.04879097267985344,0.4724632203578949,0.8110678195953369,0.08396086096763611,0.5239987969398499,0.7027715444564819,-0.2582233250141144,0.09743644297122955,1.1965314149856567,-0.27565646171569824,0.18716305494308472,0.8482698202133179,-0.2860512435436249,0.5050879716873169,0.8835970163345337,-0.29289811849594116,0.595025360584259,0.79707932472229,-0.2143383026123047,-0.47613346576690674,1.3568298816680908,-0.2134132832288742,-0.5310807824134827,1.3467020988464355,-0.1858931928873062,-0.5770735740661621,1.3829187154769897,-0.14253534376621246,-0.5718581080436707,1.5004123449325562,-0.25208625197410583,-0.576216995716095,1.3722257614135742,-0.33008235692977905,-0.5694311857223511,1.4701155424118042,0.041160132735967636,0.5579748749732971,0.8185424208641052,-0.2872338891029358,0.5810838341712952,0.9242119789123535
-0.16756442189216614,0.095844566822052,1.2152348756790161,-0.18684343993663788,-0.04462242126464844,1.2989895343780518,-0.20814402401447296,-0.18539170920848846,1.381740927696228,-0.22944524884223938,-0.32616519927978516,1.4644948244094849,-0.18525245785713196,-0.32924556732177734,1.472411036491394,-0.04748640954494476,-0.33644455671310425,1.495626449584961,0.16776756942272186,-0.44083064794540405,1.374918818473816,0.22686858475208282,-0.6908693313598633,1.3942034244537354,0.23868878185749054,-0.7408770322799683,1.3980603218078613,0.26232919096946716,-0.840892493724823,1.4057741165161133,0.21653956174850464,-0.802791953086853,1.351637840270996,-0.2738695740699768,-0.32461488246917725,1.4574779272079468,-0.4116356372833252,-0.31741589307785034,1.4342625141143799,-0.562391459941864,-0.3937510550022125,1.2263041734695435,-0.6188895106315613,-0.6447293758392334,1.2120920419692993,-0.6301891207695007,-0.69492506980896,1.2092496156692505,-0.6527883410453796,-0.7953163981437683,1.2035647630691528,-0.5904102325439453,-0.7547218203544617,1.1729029417037964,-0.07689022272825241,0.09373234212398529,1.2325642108917236,0.03975411504507065,0.17593659460544586,0.902104377746582,0.04618391767144203,0.4919976592063904,0.852726936340332,0.08054998517036438,0.5564360618591309,0.7513429522514343,-0.25823861360549927,0.09795679152011871,1.1979055404663086,-0.2772023379802704,0.18856120109558105,0.8500573635101318,-0.28735432028770447,0.506616473197937,0.8834015727043152,-0.2945423424243927,0.5959799885749817,0.7963697910308838,-0.21391645073890686,-0.4773954749107361,1.359079360961914,-0.21279679238796234,-0.5324001908302307,1.349287986755371,-0.18498453497886658,-0.578056275844574,1.385706901550293,-0.14130783081054688,-0.5719391107559204,1.5030388832092285,-0.2512113153934479,-0.5775344967842102,1.3752024173736572,-0.3289504051208496,-0.5704606771469116,1.4732762575149536,0.03687182813882828,0.5758718848228455,0.8700624704360962,-0.28834232687950134,0.5828470587730408,0.9235268831253052
-0.16789507865905762,0.09611541032791138,1.2167131900787354,-0.1872597634792328,-0.04476077854633331,1.3003997802734375,-0.20844244956970215,-0.18594196438789368,1.3831263780593872,-0.22962577641010284,-0.3271273970603943,1.4658554792404175,-0.18533280491828918,-0.33021676540374756,1.4737130403518677,-0.04750862717628479,-0.337423712015152,1.4967044591903687,0.1677638441324234,-0.4404049515724182,1.3748142719268799,0.22707931697368622,-0.6905639171600342,1.3918291330337524,0.23894241452217102,-0.7405956983566284,1.395232081413269,0.2626686096191406,-0.8406593203544617,1.4020379781723022,0.21679894626140594,-0.8021157383918762,1.3482815027236938,-0.27414897084236145,-0.32557249069213867,1.4588969945907593,-0.41197314858436584,-0.31836554408073425,1.4359055757522583,-0.562427282333374,-0.3945656418800354,1.2276709079742432,-0.6185168027877808,-0.6456015110015869,1.212760329246521,-0.6297346949577332,-0.6958087086677551,1.2097781896591187,-0.6521704792976379,-0.7962230443954468,1.203813910484314,-0.5898290276527405,-0.7554495930671692,1.1733102798461914,-0.07708198577165604,0.09391885995864868,1.2340292930603027,0.04305644333362579,0.18591457605361938,0.9074804782867432,0.04275080934166908,0.5056300163269043,0.8962094783782959,0.07614681124687195,0.5824218392372131,0.8034983277320862,-0.2587081789970398,0.09831196069717407,1.199397087097168,-0.2783634066581726,0.18960827589035034,0.8518209457397461,-0.2883855700492859,0.5076923370361328,0.8844899535179138,-0.29572418332099915,0.5968557000160217,0.7972909212112427,-0.214303657412529,-0.478598415851593,1.3607348203659058,-0.21317130327224731,-0.5336282253265381,1.3510663509368896,-0.18520937860012054,-0.5791816115379333,1.3875067234039307,-0.1411726325750351,-0.5727593302726746,1.5046964883804321,-0.25147294998168945,-0.5787351727485657,1.3772050142288208,-0.3289194107055664,-0.5714944005012512,1.475508213043213,0.03151692822575569,0.5866045951843262,0.9233561754226685,-0.28928008675575256,0.5839992165565491,0.9244459867477417
-0.16839170455932617,0.09674942493438721,1.2184234857559204,-0.18788307905197144,-0.04456549882888794,1.3019812107086182,-0.2089325487613678,-0.18619199097156525,1.3846285343170166,-0.2299826443195343,-0.327822744846344,1.4672783613204956,-0.1855885088443756,-0.33092284202575684,1.4750697612762451,-0.04770353436470032,-0.3381424844264984,1.4978159666061401,0.16766105592250824,-0.43971505761146545,1.3748947381973267,0.22705188393592834,-0.6899818181991577,1.390071153640747,0.23893004655838013,-0.7400351762771606,1.393106460571289,0.2626863718032837,-0.8401418924331665,1.399177074432373,0.21677960455417633,-0.8012214303016663,1.3457211256027222,-0.27460557222366333,-0.3262619376182556,1.4603850841522217,-0.4124905467033386,-0.31904229521751404,1.4376388788223267,-0.5626294612884521,-0.39517346024513245,1.229142189025879,-0.6176576614379883,-0.6464643478393555,1.2144519090652466,-0.6286633014678955,-0.6967225074768066,1.211513876914978,-0.65067458152771,-0.7972388863563538,1.205637812614441,-0.5884993076324463,-0.7562292814254761,1.1751055717468262,-0.07743044942617416,0.09442242234945297,1.2357063293457031,0.04583406448364258,0.1947464942932129,0.9128110408782959,0.04078804329037666,0.5140557289123535,0.9316067099571228,0.07356525957584381,0.5996917486190796,0.8467625379562378,-0.2593529522418976,0.09907642751932144,1.2011406421661377,-0.2792932689189911,0.19047939777374268,0.8536233305931091,-0.2892332375049591,0.5085384845733643,0.8864368200302124,-0.29663240909576416,0.597737193107605,0.7992860674858093,-0.21487383544445038,-0.4792567789554596,1.3620425462722778,-0.2137591540813446,-0.53428715467453,1.3523441553115845,-0.18571551144123077,-0.5798611044883728,1.388706922531128,-0.14142750203609467,-0.5734925866127014,1.5058177709579468,-0.25200703740119934,-0.5794128179550171,1.3785444498062134,-0.32925349473953247,-0.5722225904464722,1.4770238399505615,0.02818029746413231,0.5919467806816101,0.9661533236503601,-0.29008015990257263,0.5848252773284912,0.9264249205589294
-0.16887643933296204,0.09719926118850708,1.219952940940857,-0.18847568333148956,-0.04446026682853699,1.30342435836792,-0.20939162373542786,-0.18644048273563385,1.3860267400741577,-0.2303081899881363,-0.32842493057250977,1.468631625175476,-0.18582917749881744,-0.3315345048904419,1.476353406906128,-0.047883376479148865,-0.33876684308052063,1.4988517761230469,0.16766074299812317,-0.4389869272708893,1.3751221895217896,0.22697925567626953,-0.689361572265625,1.388847827911377,0.23884296417236328,-0.7394365072250366,1.3915929794311523,0.2625703811645508,-0.8395863771438599,1.3970832824707031,0.2166863977909088,-0.8003395795822144,1.3438435792922974,-0.2750145494937897,-0.3268585801124573,1.4618076086044312,-0.41296035051345825,-0.31962624192237854,1.4393092393875122,-0.5628541111946106,-0.39560380578041077,1.2305710315704346,-0.6164536476135254,-0.6472426652908325,1.2164455652236938,-0.6271735429763794,-0.6975704431533813,1.2136204242706299,-0.6486133337020874,-0.798225998878479,1.2079702615737915,-0.5866905450820923,-0.7569249868392944,1.1773124933242798,-0.07776530832052231,0.09472934901714325,1.2371543645858765,0.04780390113592148,0.20073840022087097,0.9169751405715942,0.04060975834727287,0.5182939767837524,0.9549705982208252,0.07323773205280304,0.6090940833091736,0.8756160736083984,-0.25998756289482117,0.09966917335987091,1.2027515172958374,-0.2798595428466797,0.19149179756641388,0.8553411960601807,-0.2897818386554718,0.5094159245491028,0.8894411325454712,-0.29716527462005615,0.5989671945571899,0.8026514649391174,-0.21572665870189667,-0.4796646237373352,1.3630114793777466,-0.21470282971858978,-0.5346806049346924,1.3531914949417114,-0.18657468259334564,-0.5803647041320801,1.3893612623214722,-0.1418611854314804,-0.5742899179458618,1.5063387155532837,-0.2529076635837555,-0.5798271894454956,1.3794337511062622,-0.3298046588897705,-0.572766900062561,1.4782110452651978,0.027335718274116516,0.5938791632652283,0.994087278842926,-0.2906281352043152,0.5855401754379272,0.9297376871109009
-0.16937294602394104,0.09759721159934998,1.2214114665985107,-0.18902963399887085,-0.044389158487319946,1.3047305345535278,-0.20976056158542633,-0.18670402467250824,1.387224793434143,-0.23049211502075195,-0.329023152589798,1.4697214365005493,-0.18594495952129364,-0.3321145176887512,1.4773941040039062,-0.0479465126991272,-0.3392769396305084,1.499717116355896,0.16766901314258575,-0.4383351802825928,1.3751691579818726,0.22681070864200592,-0.6888144612312317,1.3877849578857422,0.23863905668258667,-0.7389103174209595,1.390308141708374,0.2622957229614258,-0.839102029800415,1.3953545093536377,0.2164178490638733,-0.7995906472206116,1.3423035144805908,-0.27526459097862244,-0.32747864723205566,1.4629454612731934,-0.4132630228996277,-0.32031622529029846,1.4406224489212036,-0.5629467368125916,-0.39603447914123535,1.2316336631774902,-0.6150010824203491,-0.6480193138122559,1.2178223133087158,-0.6254119277000427,-0.6984162926673889,1.2150599956512451,-0.6462336778640747,-0.799210250377655,1.2095354795455933,-0.5845954418182373,-0.7575583457946777,1.178775668144226,-0.07813248783349991,0.09503232687711716,1.2385660409927368,0.04928877204656601,0.20530709624290466,0.9205561876296997,0.04165955260396004,0.5210553407669067,0.9714202880859375,0.07449421286582947,0.6150383353233337,0.8959466218948364,-0.26061341166496277,0.1001620963215828,1.2042568922042847,-0.28012797236442566,0.19236943125724792,0.8569185137748718,-0.28996676206588745,0.5101321339607239,0.8925884366035461,-0.2972453534603119,0.6001179814338684,0.8062358498573303,-0.21643613278865814,-0.48000991344451904,1.363647699356079,-0.21551693975925446,-0.5350044965744019,1.3536773920059204,-0.18733949959278107,-0.5808260440826416,1.3896418809890747,-0.14225998520851135,-0.5751237273216248,1.5065065622329712,-0.2537059187889099,-0.5801721811294556,1.3799169063568115,-0.33029818534851074,-0.5732711553573608,1.478952407836914,0.028171593323349953,0.594977080821991,1.0135328769683838,-0.2908201515674591,0.5860577821731567,0.9332625865936279
-0.16994914412498474,0.09783145785331726,1.222374439239502,-0.18965482711791992,-0.04440777003765106,1.3055930137634277,-0.21020877361297607,-0.18698738515377045,1.3880201578140259,-0.23076334595680237,-0.32957127690315247,1.4704498052597046,-0.186157688498497,-0.3326486349105835,1.4780654907226562,-0.04810750484466553,-0.33975693583488464,1.5001938343048096,0.16777843236923218,-0.4376547932624817,1.3751850128173828,0.22671572864055634,-0.6882257461547852,1.3870303630828857,0.23850318789482117,-0.7383399605751038,1.3893994092941284,0.26207810640335083,-0.8385683298110962,1.3941375017166138,0.2162807285785675,-0.7988455295562744,1.3411723375320435,-0.2755923867225647,-0.3280435800552368,1.4637298583984375,-0.4136425852775574,-0.32093527913093567,1.4416015148162842,-0.5632796287536621,-0.39646753668785095,1.2325044870376587,-0.6137322187423706,-0.6488218307495117,1.219406008720398,-0.6238227486610413,-0.6992927193641663,1.21678626537323,-0.6440037488937378,-0.8002344369888306,1.2115468978881836,-0.5826868414878845,-0.7582616806030273,1.180577039718628,-0.07859107106924057,0.09516000747680664,1.2394413948059082,0.04999253898859024,0.207403302192688,0.9225401282310486,0.04253407195210457,0.5219237208366394,0.9807524085044861,0.07560165226459503,0.6176245808601379,0.9075478911399841,-0.2613072097301483,0.10050290822982788,1.2053074836730957,-0.2812538743019104,0.19405490159988403,0.8583077192306519,-0.2904725968837738,0.5115517377853394,0.8967547416687012,-0.29775065183639526,0.6023070216178894,0.8111887574195862,-0.21700909733772278,-0.4803164601325989,1.36397385597229,-0.21613487601280212,-0.535290539264679,1.3538681268692017,-0.18789264559745789,-0.5812128782272339,1.389660120010376,-0.14254248142242432,-0.5758103728294373,1.5064425468444824,-0.2542847990989685,-0.5805088877677917,1.38008713722229,-0.3306535482406616,-0.5738157629966736,1.4793189764022827,0.02902539074420929,0.5948635339736938,1.0245580673217773,-0.2911194860935211,0.5871322751045227,0.9380924105644226
-0.1703614592552185,0.09802472591400146,1.2232660055160522,-0.19005732238292694,-0.044485464692115784,1.3063229322433472,-0.21043811738491058,-0.187352254986763,1.3885983228683472,-0.23081952333450317,-0.33022332191467285,1.4708760976791382,-0.1861630231142044,-0.333284854888916,1.4784448146820068,-0.048068687319755554,-0.34033381938934326,1.5004125833511353,0.16842444241046906,-0.43678605556488037,1.3753148317337036,0.22697512805461884,-0.6874687075614929,1.38685941696167,0.2386852651834488,-0.7376052141189575,1.389168381690979,0.2621055245399475,-0.8378782868385315,1.3937861919403076,0.21652251482009888,-0.7979890704154968,1.340757966041565,-0.2756975591182709,-0.32871460914611816,1.464201807975769,-0.4137918949127197,-0.3216656446456909,1.4422340393066406,-0.5637714862823486,-0.3968583941459656,1.2332508563995361,-0.6126150488853455,-0.6495895981788635,1.2212315797805786,-0.6223837733268738,-0.7001358270645142,1.218827724456787,-0.6419212222099304,-0.8012282848358154,1.214020013809204,-0.5809871554374695,-0.7589659094810486,1.1826848983764648,-0.0788908451795578,0.09525028616189957,1.240196704864502,0.050107210874557495,0.20747874677181244,0.9233622550964355,0.04320880025625229,0.5215028524398804,0.9846559166908264,0.0764467716217041,0.6178775429725647,0.9123680591583252,-0.261832058429718,0.10079916566610336,1.2063353061676025,-0.28176021575927734,0.19512799382209778,0.8594567775726318,-0.290715754032135,0.5124017596244812,0.9003565907478333,-0.29794546961784363,0.6038397550582886,0.8154730796813965,-0.21719416975975037,-0.48054343461990356,1.3637393712997437,-0.2163468450307846,-0.5354823470115662,1.3533995151519775,-0.18809135258197784,-0.5815720558166504,1.3889816999435425,-0.14264875650405884,-0.5766783356666565,1.5057696104049683,-0.2544994652271271,-0.5808038711547852,1.3794584274291992,-0.33080509305000305,-0.5745019316673279,1.4787867069244385,0.029830005019903183,0.5940526723861694,1.0291831493377686,-0.2912910282611847,0.5876803398132324,0.942284345626831
-0.17214040458202362,0.10361894965171814,1.2312906980514526,-0.19138203561306,-0.04075174033641815,1.3113501071929932,-0.21103349328041077,-0.18558265268802643,1.3904732465744019,-0.2306855469942093,-0.3304179012775421,1.4695987701416016,-0.18598812818527222,-0.3334333896636963,1.477077603340149,-0.04784524440765381,-0.34030407667160034,1.4988110065460205,0.16961021721363068,-0.43484923243522644,1.373924970626831,0.22642752528190613,-0.6857645511627197,1.3886542320251465,0.23779098689556122,-0.7359476089477539,1.3916001319885254,0.2605178952217102,-0.8363137245178223,1.3974918127059937,0.21540525555610657,-0.796750545501709,1.343820571899414,-0.275596559047699,-0.3289766311645508,1.4629799127578735,-0.4137394428253174,-0.32210594415664673,1.441246509552002,-0.5639672875404358,-0.3968832790851593,1.2322916984558105,-0.6106145977973938,-0.6501859426498413,1.224202036857605,-0.6199440360069275,-0.7008464932441711,1.2225841283798218,-0.6386029720306396,-0.802167534828186,1.2193483114242554,-0.578141987323761,-0.7598444819450378,1.1871888637542725,-0.08055152744054794,0.10070041567087173,1.2480403184890747,0.05134206265211105,0.20283126831054688,0.9279568195343018,0.0474911592900753,0.5192212462425232,0.9810593128204346,0.08214012533426285,0.6135414838790894,0.9062188863754272,-0.2637292742729187,0.10653748363256454,1.2145410776138306,-0.2845568060874939,0.1949685513973236,0.8652185201644897,-0.29200443625450134,0.5136204957962036,0.901863157749176,-0.29916858673095703,0.6041408181190491,0.8155341744422913,-0.2170279175043106,-0.47889626026153564,1.3599003553390503,-0.2161489874124527,-0.5336554646492004,1.3486254215240479,-0.18783360719680786,-0.5803278088569641,1.3834017515182495,-0.14230877161026,-0.5773894786834717,1.5002349615097046,-0.2542547583580017,-0.5794453024864197,1.373937726020813,-0.3305019736289978,-0.5748889446258545,1.4734200239181519,0.03465786948800087,0.5932444930076599,1.0237069129943848,-0.2920989394187927,0.5896643400192261,0.9428543448448181
-0.1731051206588745,0.10692653059959412,1.234874963760376,-0.1920621395111084,-0.03833967447280884,1.3135004043579102,-0.2113330364227295,-0.18406139314174652,1.3912012577056885,-0.23060451447963715,-0.3297874629497528,1.4689044952392578,-0.18587608635425568,-0.33278506994247437,1.4763094186782837,-0.04769088327884674,-0.3395833671092987,1.4978315830230713,0.17139580845832825,-0.4324731230735779,1.3745696544647217,0.22635816037654877,-0.6836466193199158,1.3917031288146973,0.23735062777996063,-0.7338812947273254,1.3951297998428345,0.25933557748794556,-0.8343507051467896,1.4019832611083984,0.2150794118642807,-0.7948747873306274,1.3475412130355835,-0.27554237842559814,-0.3283737301826477,1.4623439311981201,-0.4137275815010071,-0.32157543301582336,1.4408217668533325,-0.5652756690979004,-0.39596983790397644,1.232688069343567,-0.6093428730964661,-0.6498193144798279,1.22809898853302,-0.6181563138961792,-0.7005891799926758,1.2271811962127686,-0.6357831954956055,-0.8021289706230164,1.2253456115722656,-0.5760565400123596,-0.7595803737640381,1.1921305656433105,-0.0814276710152626,0.1039472371339798,1.251474380493164,0.05167040973901749,0.20148934423923492,0.9294358491897583,0.048249501734972,0.5190582275390625,0.9803847670555115,0.08327633142471313,0.6130165457725525,0.9047393798828125,-0.264782577753067,0.10990582406520844,1.218275547027588,-0.28526541590690613,0.19598108530044556,0.8674054145812988,-0.29306793212890625,0.515058696269989,0.9072315692901611,-0.300242155790329,0.6066361665725708,0.8215614557266235,-0.21756727993488312,-0.47791576385498047,1.3586376905441284,-0.21688134968280792,-0.5326395034790039,1.3471601009368896,-0.18867389857769012,-0.579534649848938,1.3817319869995117,-0.14299221336841583,-0.5771739482879639,1.4985260963439941,-0.25510793924331665,-0.5784003734588623,1.372353434562683,-0.3312219977378845,-0.5739600658416748,1.4719536304473877,0.03543359041213989,0.5935950875282288,1.0225828886032104,-0.2932773530483246,0.5908920764923096,0.9490636587142944
-0.17388302087783813,0.10945186018943787,1.2361679077148438,-0.19256016612052917,-0.036352261900901794,1.3139879703521729,-0.21149757504463196,-0.18258126080036163,1.390943169593811,-0.2304355502128601,-0.32881462574005127,1.4679006338119507,-0.18567514419555664,-0.3317856788635254,1.4752235412597656,-0.04743658006191254,-0.3384917080402374,1.4964991807937622,0.17464378476142883,-0.42776209115982056,1.375994324684143,0.22843074798583984,-0.6790961027145386,1.3941837549209595,0.23918813467025757,-0.7293629050254822,1.3978216648101807,0.260702908039093,-0.8298965096473694,1.405097484588623,0.21764075756072998,-0.7902806997299194,1.3498148918151855,-0.2754018008708954,-0.3274329900741577,1.4614142179489136,-0.4136403799057007,-0.3207269608974457,1.440138578414917,-0.5679751634597778,-0.3925875425338745,1.2331914901733398,-0.6088810563087463,-0.6469821929931641,1.2315399646759033,-0.6170622110366821,-0.6978611350059509,1.231209635734558,-0.6334245800971985,-0.7996190190315247,1.2305490970611572,-0.5747946500778198,-0.7566255927085876,1.1959943771362305,-0.08213915675878525,0.10645599663257599,1.2525737285614014,0.05133283883333206,0.20143768191337585,0.9290791749954224,0.04780959337949753,0.5195922255516052,0.9806026220321655,0.0828654021024704,0.613869309425354,0.904931902885437,-0.2656268775463104,0.11244772374629974,1.2197620868682861,-0.2854878008365631,0.19860616326332092,0.8680984973907471,-0.29353994131088257,0.5176411867141724,0.9132784008979797,-0.30063194036483765,0.6108137369155884,0.8289474248886108,-0.21795858442783356,-0.4769313633441925,1.3575526475906372,-0.2174498587846756,-0.5316517949104309,1.3460493087768555,-0.18934912979602814,-0.5786480903625488,1.3805711269378662,-0.14354157447814941,-0.5764792561531067,1.4973200559616089,-0.2557891309261322,-0.5773085355758667,1.3712607622146606,-0.33178824186325073,-0.5726839303970337,1.4709408283233643,0.034949906170368195,0.5942180752754211,1.023000717163086,-0.29385998845100403,0.5929286479949951,0.9564486742019653
-0.17467908561229706,0.11216512322425842,1.2363141775131226,-0.19305157661437988,-0.034042149782180786,1.3136483430862427,-0.21161827445030212,-0.18065772950649261,1.3901586532592773,-0.23018552362918854,-0.3272777199745178,1.466671347618103,-0.18538227677345276,-0.33020076155662537,1.4739093780517578,-0.047083646059036255,-0.3367493450641632,1.4949212074279785,0.17972181737422943,-0.41962793469429016,1.3788955211639404,0.23226386308670044,-0.6711336374282837,1.3973625898361206,0.24277226626873016,-0.7214347720146179,1.4010560512542725,0.2637890875339508,-0.8220370411872864,1.4084428548812866,0.22258059680461884,-0.7820166945457458,1.352081060409546,-0.2751905918121338,-0.32594823837280273,1.460264801979065,-0.4134892225265503,-0.3193996548652649,1.4392529726028442,-0.5727913975715637,-0.3852918744087219,1.234185814857483,-0.6100514531135559,-0.6401792168617249,1.2351491451263428,-0.6175034642219543,-0.6911566853523254,1.2353417873382568,-0.6324074864387512,-0.7931116223335266,1.2357271909713745,-0.5753548741340637,-0.7495215535163879,1.1993770599365234,-0.08290204405784607,0.10922341048717499,1.252556324005127,0.051769986748695374,0.20482312142848969,0.9289791584014893,0.04703080654144287,0.5229268670082092,0.9843551516532898,0.08208771049976349,0.6183847188949585,0.909780740737915,-0.26645612716674805,0.11510683596134186,1.2200720310211182,-0.28548064827919006,0.20297425985336304,0.868084192276001,-0.2936480641365051,0.521729588508606,0.919145941734314,-0.30056872963905334,0.616600513458252,0.8363561034202576,-0.21820726990699768,-0.4754926860332489,1.3563263416290283,-0.21785733103752136,-0.5302303433418274,1.3448346853256226,-0.189846470952034,-0.5773046016693115,1.3793522119522095,-0.1439170092344284,-0.5752280950546265,1.496086835861206,-0.2563067078590393,-0.5757868885993958,1.3700991868972778,-0.33222103118896484,-0.5709279775619507,1.4698699712753296,0.03376544639468193,0.5971421599388123,1.0276719331741333,-0.29406365752220154,0.5963577032089233,0.9637631177902222
-0.1744517982006073,0.12200045585632324,1.2339916229248047,-0.19185861945152283,-0.024929478764533997,1.310739517211914,-0.20941638946533203,-0.17227333784103394,1.3866549730300903,-0.22697468101978302,-0.31962162256240845,1.462572693824768,-0.18205538392066956,-0.3223767876625061,1.4696029424667358,-0.043614089488983154,-0.3283874988555908,1.4899555444717407,0.1983451396226883,-0.3873686194419861,1.3935208320617676,0.24710136651992798,-0.6386152505874634,1.4144911766052246,0.2568526268005371,-0.6888645887374878,1.4186851978302002,0.276355117559433,-0.7893632650375366,1.427073359489441,0.24208804965019226,-0.7485250234603882,1.3671239614486694,-0.2720848321914673,-0.31846797466278076,1.4563674926757812,-0.4105261266231537,-0.31245726346969604,1.4360148906707764,-0.5898551940917969,-0.3514083921909332,1.2419875860214233,-0.6187018156051636,-0.6064796447753906,1.2489426136016846,-0.624471127986908,-0.6574938893318176,1.2503336668014526,-0.6360097527503967,-0.7595223784446716,1.2531156539916992,-0.5845932960510254,-0.7147864699363708,1.2107957601547241,-0.08248542994260788,0.11933226883411407,1.249742031097412,0.05566912144422531,0.2168024778366089,0.9270679950714111,0.047647252678871155,0.5342309474945068,0.9905393719673157,0.08279068022966385,0.632089376449585,0.9185749292373657,-0.2664181590080261,0.12466864287853241,1.2182412147521973,-0.28457432985305786,0.21301163733005524,0.8652942776679993,-0.2918102443218231,0.5315232872962952,0.9231890439987183,-0.2983270585536957,0.6283999681472778,0.8421788811683655,-0.21681877970695496,-0.46915340423583984,1.3529046773910522,-0.21695950627326965,-0.5241352319717407,1.3417749404907227,-0.18899554014205933,-0.571310818195343,1.3765501976013184,-0.14214232563972473,-0.5687371492385864,1.4933066368103027,-0.2556985318660736,-0.5693479180335999,1.3676966428756714,-0.33113420009613037,-0.563175618648529,1.468221664428711,0.033258818089962006,0.6074209809303284,1.035684585571289,-0.29204994440078735,0.6054016351699829,0.9694907069206238
-0.1744517982006073,0.12200045585632324,1.2339916229248047,-0.19185861945152283,-0.024929478764533997,1.310739517211914,-0.20941638946533203,-0.17227333784103394,1.3866549730300903,-0.22697468101978302,-0.31962162256240845,1.462572693824768,-0.18205538392066956,-0.3223767876625061,1.4696029424667358,-0.043614089488983154,-0.3283874988555908,1.4899555444717407,0.1983451396226883,-0.3873686194419861,1.3935208320617676,0.24710136651992798,-0.6386152505874634,1.4144911766052246,0.2568526268005371,-0.6888645887374878,1.4186851978302002,0.276355117559433,-0.7893632650375366,1.427073359489441,0.24208804965019226,-0.7485250234603882,1.3671239614486694,-0.2720848321914673,-0.31846797466278076,1.4563674926757812,-0.4105261266231537,-0.31245726346969604,1.4360148906707764,-0.5898551940917969,-0.3514083921909332,1.2419875860214233,-0.6187018156051636,-0.6064796447753906,1.2489426136016846,-0.624471127986908,-0.6574938893318176,1.2503336668014526,-0.6360097527503967,-0.7595223784446716,1.2531156539916992,-0.5845932960510254,-0.7147864699363708,1.2107957601547241,-0.08248542994260788,0.11933226883411407,1.249742031097412,0.05566912144422531,0.2168024778366089,0.9270679950714111,0.047647252678871155,0.5342309474945068,0.9905393719673157,0.08279068022966385,0.632089376449585,0.9185749292373657,-0.2664181590080261,0.12466864287853241,1.2182412147521973,-0.28457432985305786,0.21301163733005524,0.8652942776679993,-0.2918102443218231,0.5315232872962952,0.9231890439987183,-0.2983270585536957,0.6283999681472778,0.8421788811683655,-0.21681877970695496,-0.46915340423583984,1.3529046773910522,-0.21695950627326965,-0.5241352319717407,1.3417749404907227,-0.18899554014205933,-0.571310818195343,1.3765501976013184,-0.14214232563972473,-0.5687371492385864,1.4933066368103027,-0.2556985318660736,-0.5693479180335999,1.3676966428756714,-0.33113420009613037,-0.563175618648529,1.468221664428711,0.033258818089962006,0.6074209809303284,1.035684585571289,-0.29204994440078735,0.6054016351699829,0.9694907069206238
-0.17505189776420593,0.13314658403396606,1.2389460802078247,-0.19142091274261475,-0.01533442735671997,1.312464714050293,-0.20779934525489807,-0.16430427134037018,1.3849855661392212,-0.2241782695055008,-0.31327855587005615,1.4575086832046509,-0.17927178740501404,-0.3159021735191345,1.4643384218215942,-0.04071210324764252,-0.32148829102516174,1.4841564893722534,0.21114756166934967,-0.3601825535297394,1.4087989330291748,0.25911834836006165,-0.6099437475204468,1.4333022832870483,0.26871252059936523,-0.6598960161209106,1.438202977180481,0.28790083527565,-0.7598004937171936,1.4480042457580566,0.2596307694911957,-0.7190932035446167,1.3854321241378784,-0.26926276087760925,-0.31227412819862366,1.4514670372009277,-0.4078224301338196,-0.30668801069259644,1.4316489696502686,-0.6029715538024902,-0.3202405273914337,1.2518088817596436,-0.6276751160621643,-0.5745007991790771,1.2566776275634766,-0.6326158046722412,-0.6253528594970703,1.2576513290405273,-0.6424972414970398,-0.7270569801330566,1.2595988512039185,-0.5959501266479492,-0.6811047792434692,1.2138460874557495,-0.08292893320322037,0.1306043565273285,1.2543230056762695,0.059065140783786774,0.21674472093582153,0.9283400774002075,0.051905713975429535,0.5372115969657898,0.9831637144088745,0.08824077248573303,0.6332980990409851,0.9084982872009277,-0.2671748697757721,0.13568881154060364,1.2235691547393799,-0.2858552038669586,0.216114342212677,0.8671562671661377,-0.2912989556789398,0.5370655059814453,0.9192773103713989,-0.29754990339279175,0.6328413486480713,0.8361166715621948,-0.21497049927711487,-0.4627929925918579,1.3472779989242554,-0.2152685970067978,-0.5178290009498596,1.3360090255737305,-0.1871008276939392,-0.5651931762695312,1.3705387115478516,-0.13938994705677032,-0.5629500150680542,1.4871516227722168,-0.25395581126213074,-0.5631086826324463,1.3621268272399902,-0.3288123607635498,-0.5570439100265503,1.46331787109375,0.03740755096077919,0.6120050549507141,1.0263267755508423,-0.2910299003124237,0.612123966217041,0.9643712043762207
-0.17657865583896637,0.14546191692352295,1.2451308965682983,-0.19166940450668335,-0.0042711347341537476,1.314389705657959,-0.20659908652305603,-0.15453790128231049,1.3825182914733887,-0.22152921557426453,-0.3048091530799866,1.4506489038467407,-0.1767999678850174,-0.30728086829185486,1.457188367843628,-0.03811423480510712,-0.31240323185920715,1.4762818813323975,0.22040726244449615,-0.3304644525051117,1.4337446689605713,0.2691406011581421,-0.5767844915390015,1.4605249166488647,0.2788872718811035,-0.6260485053062439,1.4658809900283813,0.29838061332702637,-0.7245765328407288,1.4765931367874146,0.27831530570983887,-0.6837812066078186,1.4121209383010864,-0.26642075181007385,-0.30397072434425354,1.4448498487472534,-0.40510648488998413,-0.29884836077690125,1.4257563352584839,-0.6143105626106262,-0.27858272194862366,1.2683018445968628,-0.6319759488105774,-0.5301951169967651,1.256267786026001,-0.6355090141296387,-0.580517590045929,1.2538609504699707,-0.642575204372406,-0.6811625361442566,1.2490472793579102,-0.6026129722595215,-0.6310812830924988,1.2030210494995117,-0.08427638560533524,0.14301016926765442,1.2599420547485352,0.06279031187295914,0.21662786602973938,0.9293409585952759,0.05731743201613426,0.5418350100517273,0.9733859896659851,0.09538198262453079,0.6358975172042847,0.8950782418251038,-0.2688809335231781,0.14791366457939148,1.2303197383880615,-0.28661614656448364,0.21840816736221313,0.8682959675788879,-0.28981173038482666,0.5437153577804565,0.9118229150772095,-0.29529115557670593,0.6380409002304077,0.8252121806144714,-0.21311332285404205,-0.4550992548465729,1.3410639762878418,-0.21360349655151367,-0.5102543830871582,1.3300775289535522,-0.18541371822357178,-0.5575644969940186,1.3647985458374023,-0.13723261654376984,-0.5548303127288818,1.4813584089279175,-0.25236597657203674,-0.5553367137908936,1.356601357460022,-0.3269307017326355,-0.548518180847168,1.4581332206726074,0.04280495643615723,0.6188832521438599,1.0141702890396118,-0.28905045986175537,0.620709240436554,0.9552021622657776
-0.18032142519950867,0.15698999166488647,1.2531310319900513,-0.19375097751617432,0.006585940718650818,1.3175232410430908,-0.20678290724754333,-0.14435583353042603,1.380728006362915,-0.2198152244091034,-0.2953021228313446,1.443934679031372,-0.17544664442539215,-0.29748180508613586,1.4501944780349731,-0.036695852875709534,-0.30172616243362427,1.4686667919158936,0.2195238620042801,-0.3054158687591553,1.45144522190094,0.2728375196456909,-0.5445641279220581,1.4822404384613037,0.2835002541542053,-0.5923937559127808,1.4883995056152344,0.30482572317123413,-0.6880530714988708,1.5007176399230957,0.2901078760623932,-0.6486634612083435,1.4360357522964478,-0.26432543992996216,-0.2947630286216736,1.4383617639541626,-0.4030762314796448,-0.2905186712741852,1.4198894500732422,-0.6081609725952148,-0.2244729995727539,1.280114769935608,-0.615963339805603,-0.46478354930877686,1.2237895727157593,-0.6175237894058228,-0.5128456354141235,1.2125245332717896,-0.620644748210907,-0.6089698672294617,1.18999445438385,-0.5840402245521545,-0.5510820150375366,1.1544837951660156,-0.08789829909801483,0.15485890209674835,1.267428994178772,0.06514240801334381,0.21733736991882324,0.9313805103302002,0.06058462709188461,0.548528790473938,0.9646841883659363,0.10045495629310608,0.6409959197044373,0.882465660572052,-0.2727445363998413,0.1591210812330246,1.2388330698013306,-0.2872145473957062,0.22053620219230652,0.8696820735931396,-0.28923892974853516,0.5515729188919067,0.9047294855117798,-0.29357433319091797,0.6448156237602234,0.8142490983009338,-0.21200641989707947,-0.44751080870628357,1.3363850116729736,-0.2126641869544983,-0.5029244422912598,1.3262038230895996,-0.18447192013263702,-0.5498729348182678,1.3616328239440918,-0.13594818115234375,-0.54552161693573,1.4782546758651733,-0.25155940651893616,-0.5475873947143555,1.3535271883010864,-0.3260294198989868,-0.5390458106994629,1.4552886486053467,0.04577525705099106,0.6281035542488098,1.003191590309143,-0.288468599319458,0.6308375597000122,0.9465721249580383
-0.1855137199163437,0.16659215092658997,1.2642474174499512,-0.19700703024864197,0.015931785106658936,1.3234776258468628,-0.20795127749443054,-0.13524100184440613,1.3814938068389893,-0.21889585256576538,-0.2864183187484741,1.4395116567611694,-0.17503570020198822,-0.2880989611148834,1.445873498916626,-0.036440134048461914,-0.2908099889755249,1.4649542570114136,0.21020202338695526,-0.2679364085197449,1.4338270425796509,0.2847234606742859,-0.49609893560409546,1.4305261373519897,0.29962775111198425,-0.5417314171791077,1.4298659563064575,0.329436331987381,-0.6329964399337769,1.428545594215393,0.307456374168396,-0.5888480544090271,1.3720499277114868,-0.262874960899353,-0.2863807678222656,1.433780550956726,-0.4014705419540405,-0.28366973996162415,1.4146997928619385,-0.5887551307678223,-0.1597130000591278,1.305687427520752,-0.5727740526199341,-0.34743088483810425,1.1569288969039917,-0.5695778131484985,-0.3849744498729706,1.1271772384643555,-0.5631853938102722,-0.46006160974502563,1.0676738023757935,-0.5284452438354492,-0.3936513662338257,1.0650742053985596,-0.09315432608127594,0.1652488261461258,1.278752326965332,0.06641881167888641,0.21824254095554352,0.9355264902114868,0.06067364662885666,0.557181715965271,0.9580032229423523,0.10202464461326599,0.6487593054771423,0.8713725209236145,-0.27787309885025024,0.16793547570705414,1.2497425079345703,-0.28905245661735535,0.22344724833965302,0.8717617988586426,-0.29263025522232056,0.561917781829834,0.9007939696311951,-0.296446293592453,0.655211329460144,0.806544303894043,-0.21163229644298553,-0.44115740060806274,1.3345787525177002,-0.21256792545318604,-0.49692004919052124,1.3254245519638062,-0.1846284568309784,-0.5434770584106445,1.361920952796936,-0.13621076941490173,-0.5371460914611816,1.4789137840270996,-0.2518876791000366,-0.5409796237945557,1.3535823822021484,-0.3267785906791687,-0.5300701260566711,1.4552879333496094,0.0449749231338501,0.6396355628967285,0.9943723678588867,-0.29255086183547974,0.6436434388160706,0.9418879151344299
-0.1884637475013733,0.17469656467437744,1.2762622833251953,-0.19862066209316254,0.02403266727924347,1.3304579257965088,-0.208192840218544,-0.12710702419281006,1.3834211826324463,-0.21776530146598816,-0.2782512307167053,1.436385989189148,-0.1744633913040161,-0.2795547842979431,1.4431333541870117,-0.03620345890522003,-0.28109246492385864,1.463733434677124,0.19010844826698303,-0.1970830261707306,1.4229656457901,0.2868634760379791,-0.3625440001487732,1.286305546760559,0.30621448159217834,-0.3956362009048462,1.258973479270935,0.3449164927005768,-0.4618206024169922,1.2043094635009766,0.30718135833740234,-0.4015113115310669,1.1856725215911865,-0.26117128133773804,-0.27859044075012207,1.430214285850525,-0.3994312286376953,-0.27705276012420654,1.4096142053604126,-0.5684188604354858,-0.11045117676258087,1.3494163751602173,-0.5438762903213501,-0.22047626972198486,1.1427596807479858,-0.5389677882194519,-0.2424812912940979,1.1014283895492554,-0.5291507840156555,-0.286491334438324,1.0187656879425049,-0.4931902289390564,-0.22824923694133759,1.0456578731536865,-0.09632482379674911,0.17395004630088806,1.2914549112319946,0.06486264616250992,0.22114297747612,0.9382897615432739,0.057498183101415634,0.5683727860450745,0.9529231190681458,0.09892138838768005,0.6600913405418396,0.8618217706680298,-0.28060266375541687,0.17544308304786682,1.261069655418396,-0.2924942970275879,0.2279776781797409,0.87372887134552,-0.2979882061481476,0.574619472026825,0.8991489410400391,-0.302436500787735,0.6688550710678101,0.8015400767326355,-0.21099403500556946,-0.43555504083633423,1.3339017629623413,-0.21231256425380707,-0.4916929602622986,1.3257169723510742,-0.18487198650836945,-0.5379836559295654,1.3633899688720703,-0.13699054718017578,-0.5298764109611511,1.4810521602630615,-0.25232598185539246,-0.5351054072380066,1.3545154333114624,-0.3281101584434509,-0.5217214822769165,1.4559075832366943,0.04123562574386597,0.65354323387146,0.9881680011749268,-0.2983367443084717,0.658754825592041,0.9401585459709167
-0.18850016593933105,0.1802697777748108,1.2791805267333984,-0.19795556366443634,0.03029996156692505,1.330806851387024,-0.20698927342891693,-0.1200971007347107,1.381252408027649,-0.216023251414299,-0.270498663187027,1.431699514389038,-0.1732015460729599,-0.27160048484802246,1.4388025999069214,-0.03529095649719238,-0.2725157141685486,1.4607707262039185,0.1516846865415573,-0.11812293529510498,1.4510467052459717,0.2473619133234024,-0.15560011565685272,1.2415474653244019,0.2664973735809326,-0.16309554874897003,1.1996476650238037,0.30476826429367065,-0.17808642983436584,1.1158479452133179,0.2522255480289459,-0.13153448700904846,1.1355040073394775,-0.2589431405067444,-0.2710314989089966,1.4251445531845093,-0.3968537449836731,-0.27011626958847046,1.4031764268875122,-0.5471969246864319,-0.07981981337070465,1.394472360610962,-0.5241692662239075,-0.11151649057865143,1.1644426584243774,-0.5195637345314026,-0.11785582453012466,1.1184366941452026,-0.5103526711463928,-0.13053449988365173,1.0264248847961426,-0.4710078835487366,-0.08948983252048492,1.072048306465149,-0.09662998467683792,0.1798725575208664,1.2948527336120605,0.05791277438402176,0.2172544300556183,0.9330357313156128,0.053148649632930756,0.5683900117874146,0.9234245419502258,0.09360525012016296,0.6540896892547607,0.8242325782775879,-0.2803703546524048,0.1806669980287552,1.2635083198547363,-0.2949628531932831,0.24001376330852509,0.873050332069397,-0.30435776710510254,0.5895330309867859,0.9070985913276672,-0.31044942140579224,0.6870248913764954,0.8107738494873047,-0.20979522168636322,-0.43087145686149597,1.3319936990737915,-0.2115539312362671,-0.4874771535396576,1.3249260187149048,-0.1846669465303421,-0.5334705710411072,1.3639953136444092,-0.13737544417381287,-0.5232692956924438,1.4825221300125122,-0.2524072825908661,-0.5301759243011475,1.3544646501541138,-0.32930636405944824,-0.5139344930648804,1.4555187225341797,0.038075074553489685,0.6568686366081238,0.9532848000526428,-0.30545884370803833,0.6735422015190125,0.9505562782287598
-0.18725472688674927,0.18440201878547668,1.2773646116256714,-0.19642381370067596,0.03542278707027435,1.3276660442352295,-0.2054445892572403,-0.11393724381923676,1.3768526315689087,-0.21446563303470612,-0.2633017301559448,1.426040768623352,-0.17207962274551392,-0.2643185555934906,1.4334677457809448,-0.03456577658653259,-0.264983206987381,1.4566693305969238,0.11128246784210205,-0.0751175731420517,1.4930899143218994,0.1899794191122055,-0.018783435225486755,1.281298041343689,0.20571881532669067,-0.007516607642173767,1.238939642906189,0.23719759285449982,0.01501704752445221,1.154222846031189,0.1781245768070221,0.03836039826273918,1.189685344696045,-0.25694966316223145,-0.26390835642814636,1.419148325920105,-0.39446350932121277,-0.263243705034256,1.395946741104126,-0.5276673436164856,-0.064115971326828,1.4313305616378784,-0.5116077661514282,-0.026289217174053192,1.2021280527114868,-0.5083958506584167,-0.0187238659709692,1.1562875509262085,-0.5019720196723938,-0.0035931644961237907,1.0646065473556519,-0.45857205986976624,0.018569711595773697,1.1186192035675049,-0.09572068601846695,0.1841951459646225,1.2934370040893555,0.05069076269865036,0.21908842027187347,0.9266111850738525,0.048194531351327896,0.5704376697540283,0.8989195823669434,0.08722858875989914,0.6508538722991943,0.7942628264427185,-0.2787887752056122,0.18460889160633087,1.2612922191619873,-0.2974316477775574,0.25432881712913513,0.871411919593811,-0.31059715151786804,0.6037406325340271,0.9156544208526611,-0.31865864992141724,0.7041851878166199,0.821902871131897,-0.2079935222864151,-0.42624205350875854,1.3279001712799072,-0.20997785031795502,-0.4833446741104126,1.321546196937561,-0.1835201531648636,-0.5292586088180542,1.3618031740188599,-0.13702797889709473,-0.517570972442627,1.4815170764923096,-0.2516386806964874,-0.5257419347763062,1.35147225856781,-0.33003050088882446,-0.5076070427894592,1.4522461891174316,0.034351103007793427,0.6607487201690674,0.924574613571167,-0.3122984766960144,0.6867297291755676,0.9616524577140808
-0.18519967794418335,0.18685638904571533,1.2716803550720215,-0.19421003758907318,0.03898578882217407,1.3216522932052612,-0.20346790552139282,-0.10922722518444061,1.3705531358718872,-0.21272604167461395,-0.25744467973709106,1.4194554090499878,-0.17070592939853668,-0.25843489170074463,1.4271259307861328,-0.033649131655693054,-0.2590368092060089,1.451249122619629,0.07958509773015976,-0.056490570306777954,1.5204657316207886,0.14235155284404755,0.047618478536605835,1.3218814134597778,0.15490484237670898,0.06844028830528259,1.2821645736694336,0.18001142144203186,0.11008390784263611,1.2027308940887451,0.11882723867893219,0.11677329242229462,1.241499900817871,-0.2548467814922333,-0.258065402507782,1.4123164415359497,-0.3919035792350769,-0.2574634850025177,1.3881932497024536,-0.508665919303894,-0.05576424300670624,1.4539341926574707,-0.4988498091697693,0.035403043031692505,1.239910364151001,-0.49688658118247986,0.053636498749256134,1.1971056461334229,-0.492960125207901,0.09010341763496399,1.111496090888977,-0.4461212158203125,0.09603641927242279,1.1668332815170288,-0.09406107664108276,0.18682855367660522,1.288030982017517,0.04547865688800812,0.22446689009666443,0.9187477827072144,0.042165230959653854,0.5749313831329346,0.8811047077178955,0.07943454384803772,0.6523686051368713,0.7735728025436401,-0.27633827924728394,0.18688422441482544,1.2553297281265259,-0.2978936433792114,0.2693755626678467,0.8680460453033447,-0.31542879343032837,0.6172440052032471,0.9222064018249512,-0.3252650499343872,0.7201893329620361,0.8313541412353516,-0.20583048462867737,-0.42258453369140625,1.3221161365509033,-0.20792073011398315,-0.48018693923950195,1.3162273168563843,-0.18168677389621735,-0.5261476039886475,1.3574327230453491,-0.13574662804603577,-0.5133659839630127,1.4783360958099365,-0.2502473294734955,-0.5225369930267334,1.3464502096176147,-0.3300015330314636,-0.5031358003616333,1.4472191333770752,0.028637651354074478,0.6659404635429382,0.9044009447097778,-0.3179950714111328,0.6988850831985474,0.9705439209938049
-0.1834157109260559,0.18741625547409058,1.2631926536560059,-0.1923312097787857,0.04073737561702728,1.3135639429092407,-0.20176738500595093,-0.10625499486923218,1.3629162311553955,-0.21120384335517883,-0.2532517611980438,1.412269949913025,-0.1694946587085724,-0.25418567657470703,1.4201204776763916,-0.03294685482978821,-0.2546273469924927,1.4449129104614258,0.05259564518928528,-0.045197874307632446,1.5315451622009277,0.10388512909412384,0.08064025640487671,1.3423620462417603,0.11414302885532379,0.10580788552761078,1.304525375366211,0.1346588283777237,0.15614314377307892,1.2288521528244019,0.07264510542154312,0.1521056890487671,1.2667123079299927,-0.25301557779312134,-0.25391554832458496,1.4049558639526367,-0.3895633816719055,-0.2534738779067993,1.3801634311676025,-0.48813164234161377,-0.04569670557975769,1.4562969207763672,-0.47648048400878906,0.06949178129434586,1.2541782855987549,-0.47415024042129517,0.09252947568893433,1.2137545347213745,-0.46948978304862976,0.13860487937927246,1.1329070329666138,-0.4210876226425171,0.1345902681350708,1.1870967149734497,-0.09272711724042892,0.18760773539543152,1.2798017263412476,0.04315502196550369,0.2311640977859497,0.9097391366958618,0.037944406270980835,0.5812468528747559,0.868420422077179,0.07407218217849731,0.657722532749176,0.7597887516021729,-0.2741042971611023,0.18722477555274963,1.2465835809707642,-0.2967958152294159,0.2839818000793457,0.8626165986061096,-0.3186248540878296,0.6299881935119629,0.9266120791435242,-0.3297055959701538,0.7353549599647522,0.8386937379837036,-0.20320579409599304,-0.4199885427951813,1.3149890899658203,-0.20510636270046234,-0.47803932428359985,1.3092972040176392,-0.17878513038158417,-0.5240746736526489,1.3511523008346558,-0.1332506686449051,-0.5105373859405518,1.4731379747390747,-0.24778810143470764,-0.5206906199455261,1.3396788835525513,-0.3287590742111206,-0.5009491443634033,1.4406299591064453,0.024164941161870956,0.6724492311477661,0.8908580541610718,-0.32220762968063354,0.7102013826370239,0.9772500395774841
-0.1817474514245987,0.18585169315338135,1.254580020904541,-0.19049832224845886,0.04041901230812073,1.3057725429534912,-0.19998225569725037,-0.10531237721443176,1.3559755086898804,-0.20946645736694336,-0.25104814767837524,1.4061800241470337,-0.16803258657455444,-0.2518884539604187,1.414149522781372,-0.03201355040073395,-0.25204697251319885,1.439384937286377,0.030084915459156036,-0.03533311188220978,1.5286296606063843,0.07727877795696259,0.0953671932220459,1.3414374589920044,0.08671755343675613,0.12150725722312927,1.3039990663528442,0.10559509694576263,0.17378738522529602,1.2291221618652344,0.04265150427818298,0.16386952996253967,1.2643978595733643,-0.2510034143924713,-0.251791775226593,1.3987561464309692,-0.3870224356651306,-0.25163325667381287,1.3735207319259644,-0.4681563973426819,-0.034359410405159,1.4441967010498047,-0.44916459918022156,0.08264503628015518,1.2434481382369995,-0.445366233587265,0.1060459241271019,1.2032984495162964,-0.43776950240135193,0.15284770727157593,1.1229989528656006,-0.3894347548484802,0.14446301758289337,1.1768327951431274,-0.09154501557350159,0.18634061515331268,1.2713881731033325,0.04243724048137665,0.23802338540554047,0.9018229246139526,0.035883937031030655,0.5877857208251953,0.8590285181999207,0.07149321585893631,0.6638968586921692,0.750029444694519,-0.2719498872756958,0.18536277115345,1.2377718687057495,-0.2947929799556732,0.29529228806495667,0.8575160503387451,-0.3200393319129944,0.6395001411437988,0.9288714528083801,-0.3318488597869873,0.7465980052947998,0.8432425856590271,-0.1998915672302246,-0.418689489364624,1.3083107471466064,-0.20136839151382446,-0.47709593176841736,1.302565097808838,-0.17470717430114746,-0.5232261419296265,1.3447492122650146,-0.12942267954349518,-0.5093142986297607,1.4676198959350586,-0.24410253763198853,-0.5203126668930054,1.3329694271087646,-0.32604289054870605,-0.501059353351593,1.43424391746521,0.021829742938280106,0.6790027618408203,0.8810967206954956,-0.32451826333999634,0.7185367941856384,0.9811995029449463
-0.1804441213607788,0.18290501832962036,1.2466163635253906,-0.18900957703590393,0.03868718445301056,1.298811435699463,-0.1984093189239502,-0.1058206856250763,1.350051999092102,-0.20780934393405914,-0.25033289194107056,1.4012941122055054,-0.16662123799324036,-0.25103509426116943,1.409372091293335,-0.03113958239555359,-0.2507619857788086,1.4349955320358276,0.012273561209440231,-0.026014864444732666,1.5154218673706055,0.060335006564855576,0.0983656719326973,1.323998212814331,0.06994729489088058,0.12324178218841553,1.2857134342193604,0.0891718715429306,0.1729939877986908,1.2091439962387085,0.02525753155350685,0.16058674454689026,1.2418967485427856,-0.24909961223602295,-0.2512013614177704,1.393773078918457,-0.3845812678337097,-0.2514744699001312,1.3681496381759644,-0.45189905166625977,-0.027861520648002625,1.433951735496521,-0.4246816039085388,0.08675054460763931,1.232589602470398,-0.4192381203174591,0.10967295616865158,1.1923171281814575,-0.4083511531352997,0.1555177867412567,1.1117722988128662,-0.3608664274215698,0.14444005489349365,1.1659406423568726,-0.09074592590332031,0.18371060490608215,1.2635620832443237,0.04267251491546631,0.24449044466018677,0.8955665230751038,0.03549405559897423,0.5939499735832214,0.8530339002609253,0.0710948258638382,0.6701362133026123,0.7442424297332764,-0.2701423168182373,0.18209943175315857,1.2296706438064575,-0.2937675714492798,0.30299049615859985,0.8531835079193115,-0.32063034176826477,0.645801305770874,0.928957462310791,-0.33288946747779846,0.753856897354126,0.8448085188865662,-0.196554496884346,-0.4182235300540924,1.3021348714828491,-0.19751395285129547,-0.4768991768360138,1.2960712909698486,-0.17038145661354065,-0.5232271552085876,1.3382784128189087,-0.12519124150276184,-0.5094544291496277,1.4618936777114868,-0.24012288451194763,-0.5208534002304077,1.3263434171676636,-0.3227919638156891,-0.5027287006378174,1.4280778169631958,0.021234313026070595,0.685041069984436,0.8751201629638672,-0.32549822330474854,0.7240530252456665,0.9822651147842407
-0.1795949786901474,0.1791193187236786,1.23902428150177,-0.18797346949577332,0.03608158230781555,1.2923808097839355,-0.1971834897994995,-0.10724346339702606,1.3448214530944824,-0.2063937783241272,-0.2505728006362915,1.3972636461257935,-0.16541658341884613,-0.25111114978790283,1.4054116010665894,-0.030459031462669373,-0.25031980872154236,1.4312766790390015,-0.0013485569506883621,-0.01935054361820221,1.4997105598449707,0.05110778659582138,0.09479279816150665,1.3031015396118164,0.06159905344247818,0.11762146651744843,1.2637797594070435,0.08258159458637238,0.16327880322933197,1.185136079788208,0.017649240791797638,0.14997664093971252,1.215463399887085,-0.24747107923030853,-0.2515922784805298,1.3896856307983398,-0.3824286460876465,-0.25238361954689026,1.3638205528259277,-0.44102543592453003,-0.02557961642742157,1.4270960092544556,-0.40725746750831604,0.0853106677532196,1.2246149778366089,-0.40050387382507324,0.1074887216091156,1.1841187477111816,-0.38699668645858765,0.1518448293209076,1.1031262874603271,-0.3404882550239563,0.1394539773464203,1.1578651666641235,-0.09040211141109467,0.1802579015493393,1.2560824155807495,0.04363991320133209,0.24915853142738342,0.8904855847358704,0.03650979697704315,0.5981484055519104,0.849118709564209,0.07251592725515366,0.674569308757782,0.7409258484840393,-0.26878786087036133,0.17798073589801788,1.2219661474227905,-0.2934657037258148,0.30615365505218506,0.8486857414245605,-0.3203994333744049,0.6480894088745117,0.9255656599998474,-0.3328324556350708,0.7562439441680908,0.8419576287269592,-0.19352608919143677,-0.41825151443481445,1.2965353727340698,-0.19393810629844666,-0.4771045446395874,1.2900278568267822,-0.16626931726932526,-0.5236482620239258,1.3320567607879639,-0.12103727459907532,-0.5102895498275757,1.456223487854004,-0.2362874299287796,-0.5218353271484375,1.3200942277908325,-0.3194219470024109,-0.5051530599594116,1.4223299026489258,0.022131048142910004,0.6890047192573547,0.8713940382003784,-0.32523301243782043,0.7260164618492126,0.9790616631507874
-0.17898491024971008,0.17461562156677246,1.2328463792800903,-0.18720242381095886,0.03263324499130249,1.287414789199829,-0.19624245166778564,-0.10964015126228333,1.341087818145752,-0.20528274774551392,-0.2519177794456482,1.3947625160217285,-0.16447953879833221,-0.2522887587547302,1.403001070022583,-0.02999405562877655,-0.2509646415710449,1.4291620254516602,-0.009183276444673538,-0.01654660701751709,1.488251805305481,0.05104059353470802,0.08737024664878845,1.28822922706604,0.06308536976575851,0.10815361887216568,1.2482247352600098,0.0871749222278595,0.14972035586833954,1.1682157516479492,0.0210488960146904,0.13681139051914215,1.1960281133651733,-0.24618422985076904,-0.2530932128429413,1.3871073722839355,-0.3806697130203247,-0.2544173300266266,1.3609464168548584,-0.4358666241168976,-0.025874897837638855,1.420931100845337,-0.3972902297973633,0.07882173359394073,1.2160284519195557,-0.38957494497299194,0.09976106137037277,1.1750478744506836,-0.37414437532424927,0.14163970947265625,1.093086838722229,-0.3285726010799408,0.12972652912139893,1.1487115621566772,-0.09028273075819016,0.1761023849248886,1.2500725984573364,0.046088553965091705,0.25004515051841736,0.8871608376502991,0.03955996781587601,0.5981204509735107,0.8438223600387573,0.07656359672546387,0.6737573146820068,0.7357525825500488,-0.2676870822906494,0.1731288582086563,1.2156201601028442,-0.29380327463150024,0.3051358759403229,0.844592273235321,-0.3202090859413147,0.6467229127883911,0.9200791120529175,-0.33280760049819946,0.754351019859314,0.8362534642219543,-0.190834641456604,-0.41899508237838745,1.2922784090042114,-0.19069048762321472,-0.47794097661972046,1.2852299213409424,-0.16248801350593567,-0.5247118473052979,1.326939582824707,-0.11720837652683258,-0.511995255947113,1.451522946357727,-0.23270675539970398,-0.5234547853469849,1.3149908781051636,-0.31616145372390747,-0.5084336400032043,1.417668342590332,0.025049230083823204,0.688933253288269,0.8653994798660278,-0.32481151819229126,0.7247092127799988,0.973183274269104
-0.1777391880750656,0.1650729775428772,1.2258515357971191,-0.18581479787826538,0.024727612733840942,1.2826579809188843,-0.19486980140209198,-0.115923672914505,1.3385528326034546,-0.20392507314682007,-0.2565791606903076,1.3944493532180786,-0.1633792221546173,-0.2566855251789093,1.4029853343963623,-0.029569193720817566,-0.2545165717601776,1.4301204681396484,-0.000993175432085991,-0.019829198718070984,1.4843279123306274,0.07717594504356384,0.06474054604768753,1.2815172672271729,0.0928097665309906,0.08165449649095535,1.240955114364624,0.12407741695642471,0.1154823899269104,1.1598308086395264,0.05579078570008278,0.10869194567203522,1.1843204498291016,-0.24456936120986938,-0.25800156593322754,1.3865208625793457,-0.3783794045448303,-0.26017051935195923,1.3593857288360596,-0.4468109607696533,-0.03238189220428467,1.4069530963897705,-0.40486541390419006,0.056557439267635345,1.1954703330993652,-0.39647629857063293,0.07434530556201935,1.153173804283142,-0.37969809770584106,0.10992103815078735,1.0685806274414062,-0.3357945680618286,0.10458351671695709,1.126484990119934,-0.08984235674142838,0.1671379804611206,1.2434487342834473,0.048325054347515106,0.24668747186660767,0.8841202259063721,0.043322280049324036,0.5921932458877563,0.8321325182914734,0.08164443075656891,0.664686381816864,0.7230604887008667,-0.26563602685928345,0.1630079746246338,1.208254337310791,-0.29612353444099426,0.2933746576309204,0.8386459350585938,-0.3210623264312744,0.6354377865791321,0.9055253267288208,-0.3343835473060608,0.7405247688293457,0.819503128528595,-0.1857561469078064,-0.42140060663223267,1.287770390510559,-0.18445853888988495,-0.48033884167671204,1.279300570487976,-0.15548984706401825,-0.5277034640312195,1.3201732635498047,-0.11093100160360336,-0.517072319984436,1.4456692934036255,-0.22588668763637543,-0.527480959892273,1.3078398704528809,-0.3103887438774109,-0.5164419412612915,1.4107248783111572,0.028880637139081955,0.6831974387168884,0.8511606454849243,-0.32493484020233154,0.7144298553466797,0.95649254322052
-0.1777391880750656,0.1650729775428772,1.2258515357971191,-0.18581479787826538,0.024727612733840942,1.2826579809188843,-0.19486980140209198,-0.115923672914505,1.3385528326034546,-0.20392507314682007,-0.2565791606903076,1.3944493532180786,-0.1633792221546173,-0.2566855251789093,1.4029853343963623,-0.029569193720817566,-0.2545165717601776,1.4301204681396484,-0.000993175432085991,-0.019829198718070984,1.4843279123306274,0.07717594504356384,0.06474054604768753,1.2815172672271729,0.0928097665309906,0.08165449649095535,1.240955114364624,0.12407741695642471,0.1154823899269104,1.1598308086395264,0.05579078570008278,0.10869194567203522,1.1843204498291016,-0.24456936120986938,-0.25800156593322754,1.3865208625793457,-0.3783794045448303,-0.26017051935195923,1.3593857288360596,-0.4468109607696533,-0.03238189220428467,1.4069530963897705,-0.40486541390419006,0.056557439267635345,1.1954703330993652,-0.39647629857063293,0.07434530556201935,1.153173804283142,-0.37969809770584106,0.10992103815078735,1.0685806274414062,-0.3357945680618286,0.10458351671695709,1.126484990119934,-0.08984235674142838,0.1671379804611206,1.2434487342834473,0.048325054347515106,0.24668747186660767,0.8841202259063721,0.043322280049324036,0.5921932458877563,0.8321325182914734,0.08164443075656891,0.664686381816864,0.7230604887008667,-0.26563602685928345,0.1630079746246338,1.208254337310791,-0.29612353444099426,0.2933746576309204,0.8386459350585938,-0.3210623264312744,0.6354377865791321,0.9055253267288208,-0.3343835473060608,0.7405247688293457,0.819503128528595,-0.1857561469078064,-0.42140060663223267,1.287770390510559,-0.18445853888988495,-0.48033884167671204,1.279300570487976,-0.15548984706401825,-0.5277034640312195,1.3201732635498047,-0.11093100160360336,-0.517072319984436,1.4456692934036255,-0.22588668763637543,-0.527480959892273,1.3078398704528809,-0.3103887438774109,-0.5164419412612915,1.4107248783111572,0.028880637139081955,0.6831974387168884,0.8511606454849243,-0.32493484020233154,0.7144298553466797,0.95649254322052
-0.17705677449703217,0.1611233651638031,1.2240996360778809,-0.18520686030387878,0.02135920524597168,1.281929850578308,-0.19443123042583466,-0.11872190237045288,1.3388242721557617,-0.20365586876869202,-0.2588072121143341,1.395720362663269,-0.16318924725055695,-0.258821576833725,1.40443754196167,-0.029594123363494873,-0.2563588321208954,1.4321610927581787,0.015885308384895325,-0.024762645363807678,1.487830400466919,0.10027248412370682,0.04940508306026459,1.2835124731063843,0.11714991927146912,0.06423863023519516,1.2426488399505615,0.1509047895669937,0.0939057245850563,1.1609216928482056,0.08235210180282593,0.09312397241592407,1.1855432987213135,-0.2442227602005005,-0.2603153884410858,1.387621521949768,-0.37781786918640137,-0.2627781331539154,1.3598979711532593,-0.46133163571357727,-0.03885345160961151,1.4009764194488525,-0.41886308789253235,0.043536581099033356,1.1870226860046387,-0.4103693664073944,0.06001459062099457,1.144231915473938,-0.3933819532394409,0.09297060966491699,1.0586504936218262,-0.35081028938293457,0.09254427254199982,1.1177586317062378,-0.08947140723466873,0.16342079639434814,1.2419955730438232,0.049485884606838226,0.24359381198883057,0.8840318918228149,0.04422890394926071,0.5874669551849365,0.8265542387962341,0.08300226181745529,0.6581031084060669,0.7167903184890747,-0.2646421492099762,0.15882593393325806,1.2062036991119385,-0.2964787483215332,0.286593496799469,0.8366949558258057,-0.32240116596221924,0.6286284923553467,0.8993063569068909,-0.33624592423439026,0.7323857545852661,0.8122218251228333,-0.18381522595882416,-0.42246919870376587,1.2871618270874023,-0.18210116028785706,-0.48136383295059204,1.2780195474624634,-0.15304972231388092,-0.5290672779083252,1.3185685873031616,-0.1092512458562851,-0.5195865631103516,1.4445830583572388,-0.22345131635665894,-0.5291347503662109,1.3058032989501953,-0.30872243642807007,-0.5197775363922119,1.4084148406982422,0.029552124440670013,0.6785459518432617,0.843982994556427,-0.32642704248428345,0.7080544233322144,0.9492049813270569
-0.17641879618167877,0.1579420268535614,1.2229869365692139,-0.18464282155036926,0.01864747703075409,1.2817790508270264,-0.19408267736434937,-0.12097674608230591,1.3395984172821045,-0.20352281630039215,-0.2606051564216614,1.3974194526672363,-0.16310712695121765,-0.2605542838573456,1.406295657157898,-0.029652640223503113,-0.25788414478302,1.4345320463180542,0.03355598449707031,-0.031077831983566284,1.4924010038375854,0.1194796934723854,0.03456749767065048,1.285862684249878,0.13666443526744843,0.047696564346551895,1.2445549964904785,0.17103391885757446,0.07395469397306442,1.1619396209716797,0.1031607836484909,0.07886908948421478,1.1878949403762817,-0.2440411001443863,-0.262173593044281,1.3891717195510864,-0.37749558687210083,-0.26484373211860657,1.3609353303909302,-0.4740062654018402,-0.04532010853290558,1.396716833114624,-0.43038585782051086,0.031609632074832916,1.181010127067566,-0.42166176438331604,0.046995580196380615,1.1378687620162964,-0.4042136073112488,0.07776747643947601,1.0515861511230469,-0.3631479740142822,0.08151739835739136,1.1116206645965576,-0.08907356858253479,0.16045869886875153,1.2411677837371826,0.050021201372146606,0.24035677313804626,0.8841073513031006,0.04479336366057396,0.5824737548828125,0.8209104537963867,0.08386825025081635,0.6511151790618896,0.7103484869003296,-0.26376402378082275,0.15542535483837128,1.2048060894012451,-0.29591694474220276,0.2805534303188324,0.8353031873703003,-0.32372018694877625,0.6222909688949585,0.8945289850234985,-0.3380061388015747,0.7249263525009155,0.8066407442092896,-0.1823805421590805,-0.4233245849609375,1.2873585224151611,-0.18040528893470764,-0.48218032717704773,1.2776652574539185,-0.1514408439397812,-0.5302138328552246,1.3179981708526611,-0.1084853783249855,-0.521769642829895,1.444510579109192,-0.2218208760023117,-0.5303927659988403,1.3047430515289307,-0.3078954815864563,-0.5222766995429993,1.406954288482666,0.030025791376829147,0.6736322641372681,0.8366988301277161,-0.3282259404659271,0.7019916772842407,0.9435669779777527
-0.1759718954563141,0.1554802656173706,1.2221866846084595,-0.18425901234149933,0.01659068465232849,1.2818357944488525,-0.19388410449028015,-0.12263789772987366,1.3404853343963623,-0.20350947976112366,-0.2618706524372101,1.3991365432739258,-0.16313070058822632,-0.2617652416229248,1.4081369638442993,-0.02976858615875244,-0.2589218020439148,1.436773419380188,0.04667212814092636,-0.03671373426914215,1.4964197874069214,0.13085748255252838,0.023210760205984116,1.2874585390090942,0.14769455790519714,0.03519565984606743,1.245666265487671,0.18136869370937347,0.059165455400943756,1.1620817184448242,0.11461111903190613,0.06813867390155792,1.1897724866867065,-0.2439928650856018,-0.26348933577537537,1.3907736539840698,-0.3773549795150757,-0.2663327753543854,1.3621371984481812,-0.48226863145828247,-0.05019606649875641,1.3946231603622437,-0.4370979964733124,0.022395141422748566,1.177752137184143,-0.42806386947631836,0.03691338375210762,1.1343779563903809,-0.4099956154823303,0.06594986468553543,1.0476295948028564,-0.3701765239238739,0.07255318015813828,1.1082488298416138,-0.08880625665187836,0.1581917405128479,1.2406102418899536,0.05101831257343292,0.23789066076278687,0.8845556378364563,0.04549000784754753,0.5784618854522705,0.8166225552558899,0.08495239913463593,0.6454914808273315,0.7055078744888306,-0.2631375193595886,0.1527687907218933,1.2037631273269653,-0.295755535364151,0.27525946497917175,0.8341554999351501,-0.3248404562473297,0.6166532039642334,0.8910638093948364,-0.3395080268383026,0.7184776663780212,0.8026706576347351,-0.18144701421260834,-0.42392298579216003,1.2879531383514404,-0.17932721972465515,-0.48275938630104065,1.2778455018997192,-0.15051384270191193,-0.531082272529602,1.3180489540100098,-0.10830165445804596,-0.5234707593917847,1.444993257522583,-0.22087597846984863,-0.5312643647193909,1.3043521642684937,-0.3076610565185547,-0.5239865779876709,1.4061856269836426,0.030493110418319702,0.669642448425293,0.8310164213180542,-0.3296462297439575,0.6965096592903137,0.9394976496696472
-0.1755828559398651,0.15337467193603516,1.2216405868530273,-0.18395912647247314,0.014827385544776917,1.2820155620574951,-0.19378885626792908,-0.12406709790229797,1.3413649797439575,-0.2036188691854477,-0.26296573877334595,1.4007161855697632,-0.16326187551021576,-0.26284217834472656,1.4097872972488403,-0.02996504306793213,-0.25994476675987244,1.438645362854004,0.0552254244685173,-0.041330039501190186,1.4996944665908813,0.13596558570861816,0.015586774796247482,1.2885452508926392,0.15211361646652222,0.026970136910676956,1.246315360069275,0.18440967798233032,0.0497368648648262,1.161855697631836,0.11880480498075485,0.0611882284283638,1.1913293600082397,-0.2440827190876007,-0.2645989656448364,1.3922899961471558,-0.37737953662872314,-0.26749637722969055,1.3634319305419922,-0.48648759722709656,-0.05319030582904816,1.3941751718521118,-0.440207302570343,0.015624858438968658,1.1763103008270264,-0.43095123767852783,0.02938789129257202,1.1327372789382935,-0.41243910789489746,0.05691395699977875,1.0455913543701172,-0.37331265211105347,0.06530530005693436,1.1064398288726807,-0.08855217695236206,0.15622888505458832,1.2402647733688354,0.05242544412612915,0.235708087682724,0.8853325247764587,0.04628167673945427,0.5750141143798828,0.8141594529151917,0.08614031970500946,0.6409675478935242,0.7028185129165649,-0.26261353492736816,0.150520458817482,1.2030164003372192,-0.2948213815689087,0.2707885801792145,0.8333317041397095,-0.32574838399887085,0.6117883920669556,0.8880544304847717,-0.3406688868999481,0.712845504283905,0.7991713285446167,-0.18124215304851532,-0.4244571030139923,1.288414478302002,-0.17916999757289886,-0.483288049697876,1.2779014110565186,-0.1506170779466629,-0.5319886803627014,1.3179599046707153,-0.10900072008371353,-0.52531898021698,1.4453023672103882,-0.220982164144516,-0.5319522023200989,1.303886890411377,-0.308368444442749,-0.5252156853675842,1.4054287672042847,0.03094753995537758,0.6661316752433777,0.8275487422943115,-0.33108389377593994,0.6917693018913269,0.9359230399131775
-0.17518240213394165,0.15141960978507996,1.2208478450775146,-0.18364810943603516,0.013193994760513306,1.2819278240203857,-0.19370199739933014,-0.12539362907409668,1.3419374227523804,-0.203756183385849,-0.26398539543151855,1.4019488096237183,-0.16340839862823486,-0.2638685405254364,1.41105318069458,-0.030153214931488037,-0.26099899411201477,1.4400055408477783,0.06004520505666733,-0.04466943442821503,1.5020718574523926,0.13690872490406036,0.01078084111213684,1.2890726327896118,0.15228143334388733,0.021870896220207214,1.2464728355407715,0.18302683532238007,0.04405100643634796,1.1612731218338013,0.11838489770889282,0.0568225234746933,1.1923054456710815,-0.2442132532596588,-0.26560860872268677,1.3934966325759888,-0.37746843695640564,-0.2684781551361084,1.3645442724227905,-0.48692625761032104,-0.05410608649253845,1.3937000036239624,-0.4406411945819855,0.011352919042110443,1.1747840642929077,-0.4313841760158539,0.024444719776511192,1.1310008764266968,-0.4128701388835907,0.05062831938266754,1.043434500694275,-0.3737339675426483,0.05994317680597305,1.104149341583252,-0.088250070810318,0.1544012874364853,1.2396442890167236,0.053952962160110474,0.23302923142910004,0.8857063055038452,0.046950191259384155,0.5711579322814941,0.8117954134941101,0.08713927865028381,0.6362308859825134,0.7003216743469238,-0.2621147334575653,0.14843793213367462,1.2020514011383057,-0.29448750615119934,0.2658926248550415,0.8321425914764404,-0.3261948525905609,0.6065219640731812,0.8851439356803894,-0.34133419394493103,0.7069524526596069,0.7959219813346863,-0.18154539167881012,-0.42517513036727905,1.2888028621673584,-0.17965483665466309,-0.4840245842933655,1.2779920101165771,-0.1514071822166443,-0.5330861806869507,1.3179569244384766,-0.11020077764987946,-0.527203381061554,1.4456253051757812,-0.22179485857486725,-0.5327109098434448,1.303605079650879,-0.30963248014450073,-0.5261400938034058,1.4049617052078247,0.031219571828842163,0.6621764898300171,0.8243163228034973,-0.33171752095222473,0.6865882873535156,0.9325516819953918
-0.1748075783252716,0.1498883068561554,1.2212002277374268,-0.18344342708587646,0.01186440885066986,1.28267502784729,-0.1937187910079956,-0.1265186220407486,1.3430808782577515,-0.20399446785449982,-0.26490581035614014,1.4034885168075562,-0.16364268958568573,-0.2648428678512573,1.4125574827194214,-0.03037552535533905,-0.2621549665927887,1.4413846731185913,0.061584532260894775,-0.04658174514770508,1.5039175748825073,0.13514843583106995,0.00791376456618309,1.2893985509872437,0.14986121654510498,0.018812865018844604,1.2464947700500488,0.17928677797317505,0.04061106592416763,1.1606872081756592,0.1152464896440506,0.053880173712968826,1.1928149461746216,-0.2444579303264618,-0.26647281646728516,1.3950762748718262,-0.37772509455680847,-0.2691607177257538,1.3662490844726562,-0.4847215414047241,-0.053118541836738586,1.393013834953308,-0.43993186950683594,0.008762627840042114,1.1726404428482056,-0.43097394704818726,0.021138861775398254,1.128565788269043,-0.4130580723285675,0.045891329646110535,1.0404164791107178,-0.37321650981903076,0.055683478713035583,1.100634217262268,-0.08790260553359985,0.15281963348388672,1.2399898767471313,0.054430752992630005,0.22985008358955383,0.8866093158721924,0.04786939173936844,0.5665243864059448,0.809333860874176,0.08827219903469086,0.6302785277366638,0.6975033283233643,-0.26171255111694336,0.14695698022842407,1.2024105787277222,-0.2937565743923187,0.2644428014755249,0.8333027958869934,-0.3199229836463928,0.6038961410522461,0.892047107219696,-0.33397266268730164,0.7058249115943909,0.8047764301300049,-0.1824253648519516,-0.4256950616836548,1.289292335510254,-0.1808331459760666,-0.48454874753952026,1.2781175374984741,-0.15289956331253052,-0.5340555906295776,1.3178787231445312,-0.11186040937900543,-0.5291637778282166,1.4457894563674927,-0.2233300656080246,-0.5332087874412537,1.3033835887908936,-0.3114135265350342,-0.526764452457428,1.4047200679779053,0.03221467137336731,0.657497763633728,0.8208522200584412,-0.32396188378334045,0.6830710172653198,0.9407187700271606
-0.17449501156806946,0.14870420098304749,1.2203900814056396,-0.1832873672246933,0.010911032557487488,1.2823481559753418,-0.19370347261428833,-0.12724097073078156,1.343246340751648,-0.20411989092826843,-0.2653971314430237,1.404146432876587,-0.16375350952148438,-0.2653748393058777,1.4131450653076172,-0.03043334186077118,-0.26282522082328796,1.4417322874069214,0.060398511588573456,-0.04663640260696411,1.504279613494873,0.13225480914115906,0.006849072873592377,1.2887974977493286,0.1466260701417923,0.017546167597174644,1.2457010746002197,0.17536859214305878,0.03894035518169403,1.159508228302002,0.11145678162574768,0.052122510969638824,1.1920115947723389,-0.24459949135780334,-0.2669209837913513,1.3958096504211426,-0.37791967391967773,-0.26947060227394104,1.3672224283218384,-0.480814129114151,-0.05110651254653931,1.3923234939575195,-0.43862441182136536,0.008740775287151337,1.1707499027252197,-0.4301864802837372,0.020710233598947525,1.1264351606369019,-0.41331058740615845,0.0446491464972496,1.0378056764602661,-0.37233901023864746,0.05421175807714462,1.0973442792892456,-0.08757536858320236,0.15154512226581573,1.23904287815094,0.05427492409944534,0.2280731499195099,0.8860318660736084,0.04893123358488083,0.5638944506645203,0.807393491268158,0.08943204581737518,0.6269012093544006,0.6954310536384583,-0.26141464710235596,0.14586327970027924,1.2017372846603394,-0.2927199900150299,0.2621753215789795,0.8328384757041931,-0.3150183856487274,0.6004346609115601,0.896649956703186,-0.32817426323890686,0.7036486864089966,0.8110957145690918,-0.1835838258266449,-0.4260532855987549,1.2892543077468872,-0.1823859065771103,-0.4849291741847992,1.2778509855270386,-0.15477675199508667,-0.5348179340362549,1.3174736499786377,-0.11371098458766937,-0.5306752920150757,1.4455335140228271,-0.22526031732559204,-0.5334382057189941,1.3029460906982422,-0.31341448426246643,-0.5267662405967712,1.404371976852417,0.033649735152721405,0.654832661151886,0.8185015320777893,-0.31806591153144836,0.678783118724823,0.9464385509490967
-0.17417557537555695,0.14769050478935242,1.2194255590438843,-0.18311363458633423,0.010148212313652039,1.2818719148635864,-0.19364646077156067,-0.12775596976280212,1.3432625532150269,-0.20417959988117218,-0.265664279460907,1.4046549797058105,-0.1637970507144928,-0.2656881809234619,1.413556694984436,-0.030419975519180298,-0.2632952332496643,1.4418156147003174,0.05716376006603241,-0.045476481318473816,1.5039243698120117,0.12879812717437744,0.006765812635421753,1.2879070043563843,0.1431249976158142,0.017214272171258926,1.2447035312652588,0.17177873849868774,0.03811119124293327,1.1582965850830078,0.10760433226823807,0.05082247406244278,1.1905709505081177,-0.2446766495704651,-0.2671392560005188,1.3964205980300903,-0.3780537247657776,-0.2695322036743164,1.368161678314209,-0.47627872228622437,-0.04879368841648102,1.392652153968811,-0.43887606263160706,0.009988125413656235,1.1697845458984375,-0.4313955307006836,0.021744489669799805,1.1252110004425049,-0.41643446683883667,0.045257218182086945,1.0360639095306396,-0.3737576901912689,0.05427810922265053,1.0945351123809814,-0.08722861856222153,0.15043215453624725,1.2379090785980225,0.05500636249780655,0.22661787271499634,0.8855022192001343,0.05126209557056427,0.5618012547492981,0.8059101104736328,0.09214361011981964,0.6242022514343262,0.6939454674720764,-0.26112252473831177,0.14494885504245758,1.200942039489746,-0.29199445247650146,0.2593241333961487,0.8319015502929688,-0.3117489814758301,0.596601665019989,0.8993587493896484,-0.3243297338485718,0.7007055282592773,0.815065324306488,-0.18485036492347717,-0.42630258202552795,1.2892346382141113,-0.1840740591287613,-0.4852065145969391,1.2776695489883423,-0.15675829350948334,-0.5354322195053101,1.3171743154525757,-0.11552097648382187,-0.5319034457206726,1.4453189373016357,-0.22730328142642975,-0.5335198044776917,1.3026986122131348,-0.3153984546661377,-0.5264849662780762,1.4043045043945312,0.03638683632016182,0.6527287364006042,0.8167009353637695,-0.3141402304172516,0.6743262410163879,0.9499422907829285
-0.1738322675228119,0.1468658745288849,1.2186206579208374,-0.18291939795017242,0.009550362825393677,1.2814748287200928,-0.19355237483978271,-0.12812958657741547,1.343280553817749,-0.20418566465377808,-0.2658136487007141,1.4050880670547485,-0.16378648579120636,-0.26589152216911316,1.4138774871826172,-0.030355125665664673,-0.2636805474758148,1.441758155822754,0.05253776162862778,-0.04365052282810211,1.503059983253479,0.12496927380561829,0.007245048880577087,1.286839485168457,0.13945557177066803,0.017424164339900017,1.2435953617095947,0.1684281826019287,0.037782393395900726,1.1571071147918701,0.10374842584133148,0.049745358526706696,1.1887489557266235,-0.24470043182373047,-0.2672322690486908,1.3969703912734985,-0.37813180685043335,-0.26944324374198914,1.3690897226333618,-0.47142648696899414,-0.046414896845817566,1.393519639968872,-0.43827787041664124,0.011922169476747513,1.1697207689285278,-0.4316481351852417,0.02358958311378956,1.124961018562317,-0.418388694524765,0.0469244122505188,1.035441517829895,-0.37415415048599243,0.05514096841216087,1.0929182767868042,-0.08684829622507095,0.14946548640727997,1.2368756532669067,0.05526944249868393,0.2250719517469406,0.8848024606704712,0.052829090505838394,0.5598458051681519,0.8052048683166504,0.09384265542030334,0.6219737529754639,0.6933284401893616,-0.2608162462711334,0.1442662626504898,1.200365662574768,-0.29180458188056946,0.2563227117061615,0.831106424331665,-0.3100198805332184,0.5929358005523682,0.9002085328102112,-0.32234933972358704,0.6973859071731567,0.8165635466575623,-0.18609115481376648,-0.42644786834716797,1.2891877889633179,-0.1857214719057083,-0.48537710309028625,1.2774817943572998,-0.15864968299865723,-0.5359095931053162,1.3168613910675049,-0.11714423447847366,-0.5329344272613525,1.4450472593307495,-0.22926117479801178,-0.5334990620613098,1.3024964332580566,-0.3172101378440857,-0.5261046290397644,1.4043467044830322,0.038344450294971466,0.6507277488708496,0.8159644603729248,-0.31198182702064514,0.6703234910964966,0.9511242508888245
-0.17342546582221985,0.14625364542007446,1.2179518938064575,-0.18265466392040253,0.009146258234977722,1.2811660766601562,-0.19341476261615753,-0.1283293515443802,1.3433297872543335,-0.2041751891374588,-0.2658090591430664,1.4054954051971436,-0.16376595199108124,-0.26594078540802,1.414198875427246,-0.03030294179916382,-0.2639111876487732,1.4417887926101685,0.04756657034158707,-0.04159240424633026,1.5018389225006104,0.12125947326421738,0.008236575871706009,1.285683035850525,0.13599805533885956,0.018202371895313263,1.2424519062042236,0.16547521948814392,0.03813396394252777,1.1559895277023315,0.1002236157655716,0.04920271039009094,1.186848521232605,-0.24470137059688568,-0.26717159152030945,1.3974676132202148,-0.3781643807888031,-0.2692011892795563,1.3698776960372925,-0.4670785665512085,-0.04430288076400757,1.3945823907852173,-0.43703457713127136,0.013791292905807495,1.1701734066009521,-0.43102577328681946,0.025410126894712448,1.1252915859222412,-0.41900816559791565,0.04864779859781265,1.0355280637741089,-0.3735857605934143,0.056064728647470474,1.0922234058380127,-0.08641493320465088,0.14871488511562347,1.2359936237335205,0.05492885410785675,0.22379323840141296,0.8839627504348755,0.05351909250020981,0.5581045150756836,0.8040287494659424,0.0944565013051033,0.6198728680610657,0.6921023726463318,-0.2604359984397888,0.14379240572452545,1.1999101638793945,-0.29211413860321045,0.253614604473114,0.8304834365844727,-0.3097583055496216,0.5897630453109741,0.9001137018203735,-0.32218024134635925,0.694250226020813,0.8167660236358643,-0.1868988573551178,-0.4266909658908844,1.2896218299865723,-0.18678869307041168,-0.4856628477573395,1.277951955795288,-0.15985393524169922,-0.5363063216209412,1.3173519372940063,-0.11812981963157654,-0.5334075689315796,1.445548176765442,-0.23051506280899048,-0.5336136817932129,1.303078055381775,-0.3183363676071167,-0.5257784128189087,1.4051055908203125,0.039403367787599564,0.6489521861076355,0.8146928548812866,-0.31149905920028687,0.6669834852218628,0.9511063098907471
-0.17327331006526947,0.14611107110977173,1.2186737060546875,-0.1826922446489334,0.00907200574874878,1.2819596529006958,-0.1935369372367859,-0.12833823263645172,1.3442039489746094,-0.20438195765018463,-0.2657525837421417,1.4064501523971558,-0.1639571189880371,-0.26595067977905273,1.4150530099868774,-0.030445203185081482,-0.2641412913799286,1.4423089027404785,0.04283934831619263,-0.039756953716278076,1.5007927417755127,0.11790478974580765,0.009270519018173218,1.2848317623138428,0.1329178810119629,0.019076013937592506,1.2416396141052246,0.16294404864311218,0.03868700563907623,1.1552551984786987,0.09715993702411652,0.04887978732585907,1.1853400468826294,-0.24492467939853668,-0.2670480012893677,1.3985238075256348,-0.3784365952014923,-0.2688573896884918,1.3712679147720337,-0.46437138319015503,-0.04268895089626312,1.395810842514038,-0.43590065836906433,0.015043079853057861,1.1710129976272583,-0.4302065074443817,0.026589486747980118,1.1260534524917603,-0.4188182055950165,0.04968229681253433,1.0361343622207642,-0.37272974848747253,0.05658532679080963,1.0923902988433838,-0.08622822910547256,0.14834024012088776,1.2364557981491089,0.054241813719272614,0.22204309701919556,0.8841338157653809,0.054008375853300095,0.5557506084442139,0.8028901815414429,0.09486666321754456,0.6168355941772461,0.6906924843788147,-0.260318398475647,0.1438819020986557,1.2008916139602661,-0.29312875866889954,0.2540767192840576,0.8320077061653137,-0.306434690952301,0.5901243686676025,0.901694118976593,-0.3181900084018707,0.6946676969528198,0.8184979557991028,-0.18780387938022614,-0.42688918113708496,1.2906818389892578,-0.18788224458694458,-0.4859003722667694,1.2790777683258057,-0.16098566353321075,-0.5365922451019287,1.3184943199157715,-0.118944451212883,-0.5336533784866333,1.446647047996521,-0.23170171678066254,-0.5337212085723877,1.3043715953826904,-0.3193066120147705,-0.5255187749862671,1.406632661819458,0.04031113162636757,0.6466248035430908,0.8132082223892212,-0.3069515824317932,0.6672924757003784,0.9526549577713013
-0.17317457497119904,0.14638718962669373,1.2198312282562256,-0.18274326622486115,0.009327322244644165,1.283017635345459,-0.19365201890468597,-0.12810377776622772,1.3451720476150513,-0.20456109941005707,-0.2655389904975891,1.4073283672332764,-0.16412046551704407,-0.2658052146434784,1.415837049484253,-0.03055696189403534,-0.26422005891799927,1.4427838325500488,0.03958911448717117,-0.038304075598716736,1.4995102882385254,0.11551672220230103,0.010163642466068268,1.2836450338363647,0.13070224225521088,0.019857186824083328,1.2404719591140747,0.16107328236103058,0.03924427181482315,1.1541259288787842,0.09493377804756165,0.048787444829940796,1.1836957931518555,-0.2451203167438507,-0.2667665183544159,1.399495244026184,-0.37868380546569824,-0.268351674079895,1.3725484609603882,-0.46310263872146606,-0.0414537638425827,1.3963642120361328,-0.43477481603622437,0.015786215662956238,1.1713463068008423,-0.42910924553871155,0.027234211564064026,1.1263427734375,-0.4177781045436859,0.0501302033662796,1.0363355875015259,-0.37150681018829346,0.05683467537164688,1.0924952030181885,-0.08609672635793686,0.14838595688343048,1.2373535633087158,0.0536678209900856,0.2203102707862854,0.8847620487213135,0.05566461756825447,0.5531591176986694,0.8013467192649841,0.09665895998477936,0.6131353378295898,0.6887444257736206,-0.2602524161338806,0.14438842236995697,1.2023088932037354,-0.2934066653251648,0.25605279207229614,0.8342601656913757,-0.30441534519195557,0.5918517112731934,0.9040342569351196,-0.31574127078056335,0.6964021325111389,0.8209807872772217,-0.18867996335029602,-0.4268636703491211,1.2916098833084106,-0.1889418214559555,-0.4859032928943634,1.2800489664077759,-0.1620756983757019,-0.5366518497467041,1.3194544315338135,-0.11970594525337219,-0.5337221622467041,1.4475464820861816,-0.23284120857715607,-0.5336043238639832,1.305493950843811,-0.32020819187164307,-0.5250874757766724,1.4079920053482056,0.04266543686389923,0.6441166996955872,0.8110756874084473,-0.304309606552124,0.6689345240592957,0.9549767971038818
-0.1732141077518463,0.14660152792930603,1.2197173833847046,-0.1828697919845581,0.009616225957870483,1.2829207181930542,-0.1938052922487259,-0.1277351975440979,1.345112919807434,-0.20474112033843994,-0.2650907337665558,1.4073069095611572,-0.1643034964799881,-0.2653888761997223,1.4157557487487793,-0.030714750289916992,-0.2639100253582001,1.4425112009048462,0.03777901828289032,-0.03708784282207489,1.497810959815979,0.11438436806201935,0.011162083595991135,1.282090663909912,0.12970544397830963,0.02081206813454628,1.238946557044983,0.160347580909729,0.04011204093694687,1.152658462524414,0.09398597478866577,0.04926826432347298,1.181883692741394,-0.2452976107597351,-0.2662854790687561,1.3995341062545776,-0.378886342048645,-0.2677643299102783,1.3727786540985107,-0.46264350414276123,-0.04050417244434357,1.3959153890609741,-0.4335048496723175,0.016782041639089584,1.170969009399414,-0.42767712473869324,0.028239283710718155,1.1259797811508179,-0.4160216748714447,0.051153771579265594,1.036001205444336,-0.36988312005996704,0.057696785777807236,1.0923060178756714,-0.08613055944442749,0.14847412705421448,1.2370799779891968,0.053822293877601624,0.22010000050067902,0.8847918510437012,0.05645263195037842,0.5526756644248962,0.8012707829475403,0.09758398681879044,0.6124822497367859,0.6887374520301819,-0.26029765605926514,0.14472892880439758,1.2023547887802124,-0.29322221875190735,0.25673606991767883,0.8346669673919678,-0.30355340242385864,0.592144250869751,0.9052634239196777,-0.31467097997665405,0.6968600153923035,0.8225387334823608,-0.1891212910413742,-0.4269598722457886,1.2922780513763428,-0.18944115936756134,-0.48605671525001526,1.280980110168457,-0.16256070137023926,-0.5366542935371399,1.3205827474594116,-0.12002507597208023,-0.533183753490448,1.4486217498779297,-0.23334889113903046,-0.5336161255836487,1.3066951036453247,-0.32059159874916077,-0.5245755910873413,1.4092732667922974,0.043618958443403244,0.6435986757278442,0.8109415173530579,-0.3032912611961365,0.6690417528152466,0.95637047290802
-0.17347075045108795,0.14703339338302612,1.2205300331115723,-0.1832217425107956,0.01008632779121399,1.2835994958877563,-0.194153293967247,-0.12722572684288025,1.3456740379333496,-0.2050851732492447,-0.264541894197464,1.4077503681182861,-0.16465003788471222,-0.26489177346229553,1.4160957336425781,-0.031003594398498535,-0.2635836899280548,1.4425249099731445,0.03785504400730133,-0.03629794716835022,1.495564341545105,0.11419700086116791,0.012354616075754166,1.2798073291778564,0.12946538627147675,0.022085128352046013,1.2366559505462646,0.16000217199325562,0.04154615104198456,1.150353193283081,0.09363558888435364,0.05053076148033142,1.1796444654464722,-0.2456391155719757,-0.26568445563316345,1.4000798463821411,-0.3792855739593506,-0.2669925391674042,1.3736506700515747,-0.46349433064460754,-0.03974783420562744,1.3956105709075928,-0.43216249346733093,0.01814129948616028,1.171081304550171,-0.42589613795280457,0.029719125479459763,1.1261754035949707,-0.41336339712142944,0.05287478119134903,1.0363637208938599,-0.36780282855033875,0.059353411197662354,1.093157172203064,-0.08639426529407501,0.14870759844779968,1.2376279830932617,0.054324373602867126,0.21952953934669495,0.8859001398086548,0.05643204227089882,0.5517174601554871,0.8022118806838989,0.09768985211849213,0.6114705204963684,0.6898539662361145,-0.2605472207069397,0.14535918831825256,1.2034320831298828,-0.2943739891052246,0.2591173052787781,0.8367649912834167,-0.30275994539260864,0.5936794281005859,0.9099418520927429,-0.3136911988258362,0.6989868879318237,0.8281630277633667,-0.18947935104370117,-0.4275743365287781,1.294263243675232,-0.1896853744983673,-0.48680171370506287,1.2835599184036255,-0.16250522434711456,-0.536941647529602,1.3235769271850586,-0.11946199089288712,-0.5320646166801453,1.4514455795288086,-0.23337790369987488,-0.5342298746109009,1.309935450553894,-0.320267915725708,-0.5243812203407288,1.4127947092056274,0.04338199272751808,0.6425290703773499,0.8117684125900269,-0.30191150307655334,0.6700976490974426,0.961593747138977
-0.17347075045108795,0.14703339338302612,1.2205300331115723,-0.1832217425107956,0.01008632779121399,1.2835994958877563,-0.194153293967247,-0.12722572684288025,1.3456740379333496,-0.2050851732492447,-0.264541894197464,1.4077503681182861,-0.16465003788471222,-0.26489177346229553,1.4160957336425781,-0.031003594398498535,-0.2635836899280548,1.4425249099731445,0.03785504400730133,-0.03629794716835022,1.495564341545105,0.11419700086116791,0.012354616075754166,1.2798073291778564,0.12946538627147675,0.022085128352046013,1.2366559505462646,0.16000217199325562,0.04154615104198456,1.150353193283081,0.09363558888435364,0.05053076148033142,1.1796444654464722,-0.2456391155719757,-0.26568445563316345,1.4000798463821411,-0.3792855739593506,-0.2669925391674042,1.3736506700515747,-0.46349433064460754,-0.03974783420562744,1.3956105709075928,-0.43216249346733093,0.01814129948616028,1.171081304550171,-0.42589613795280457,0.029719125479459763,1.1261754035949707,-0.41336339712142944,0.05287478119134903,1.0363637208938599,-0.36780282855033875,0.059353411197662354,1.093157172203064,-0.08639426529407501,0.14870759844779968,1.2376279830932617,0.054324373602867126,0.21952953934669495,0.8859001398086548,0.05643204227089882,0.5517174601554871,0.8022118806838989,0.09768985211849213,0.6114705204963684,0.6898539662361145,-0.2605472207069397,0.14535918831825256,1.2034320831298828,-0.2943739891052246,0.2591173052787781,0.8367649912834167,-0.30275994539260864,0.5936794281005859,0.9099418520927429,-0.3136911988258362,0.6989868879318237,0.8281630277633667,-0.18947935104370117,-0.4275743365287781,1.294263243675232,-0.1896853744983673,-0.48680171370506287,1.2835599184036255,-0.16250522434711456,-0.536941647529602,1.3235769271850586,-0.11946199089288712,-0.5320646166801453,1.4514455795288086,-0.23337790369987488,-0.5342298746109009,1.309935450553894,-0.320267915725708,-0.5243812203407288,1.4127947092056274,0.04338199272751808,0.6425290703773499,0.8117684125900269,-0.30191150307655334,0.6700976490974426,0.961593747138977
-0.1736650913953781,0.14708825945854187,1.2200571298599243,-0.18342897295951843,0.01022656261920929,1.2832063436508179,-0.1943291425704956,-0.12700313329696655,1.3453632593154907,-0.20522964000701904,-0.2642369270324707,1.4075220823287964,-0.16480350494384766,-0.26457804441452026,1.4158529043197632,-0.03115031123161316,-0.2632421553134918,1.4422404766082764,0.03864867985248566,-0.036052554845809937,1.4944623708724976,0.1145925521850586,0.01295706257224083,1.2786444425582886,0.1297813206911087,0.022758986800909042,1.2354809045791626,0.16015887260437012,0.04236283153295517,1.149153709411621,0.09387649595737457,0.05140725150704384,1.1786177158355713,-0.24577422440052032,-0.2653873562812805,1.3998667001724243,-0.379427433013916,-0.26672324538230896,1.3734791278839111,-0.46387866139411926,-0.03955577313899994,1.3953211307525635,-0.43168380856513977,0.019078083336353302,1.1711061000823975,-0.42524483799934387,0.03080485388636589,1.12626314163208,-0.4123668968677521,0.054258398711681366,1.0365771055221558,-0.3670470714569092,0.06060434877872467,1.0935782194137573,-0.08661752939224243,0.14876629412174225,1.2371528148651123,0.05432724952697754,0.219574436545372,0.885688841342926,0.05570587143301964,0.5519798398017883,0.8034457564353943,0.09686027467250824,0.6122789978981018,0.6914084553718567,-0.2607126533985138,0.1454102247953415,1.2029614448547363,-0.29466870427131653,0.2585280239582062,0.8362770080566406,-0.3039834797382355,0.5925881862640381,0.9109510183334351,-0.3151692748069763,0.6981949806213379,0.829685389995575,-0.1892877072095871,-0.427851140499115,1.2948505878448486,-0.18934738636016846,-0.48714596033096313,1.284454345703125,-0.161996990442276,-0.5370152592658997,1.324717402458191,-0.1188514307141304,-0.5313573479652405,1.4525485038757324,-0.23290230333805084,-0.5345597267150879,1.3111191987991333,-0.3197498619556427,-0.5243999361991882,1.4140201807022095,0.042447276413440704,0.642681896686554,0.8133771419525146,-0.3033598065376282,0.6687393188476562,0.9629309177398682
-0.17388953268527985,0.1471354365348816,1.219688057899475,-0.18364407122135162,0.010355159640312195,1.282885193824768,-0.1944975107908249,-0.12679576873779297,1.3450920581817627,-0.20535127818584442,-0.26395082473754883,1.4073007106781006,-0.16494342684745789,-0.26426589488983154,1.4156477451324463,-0.03130349516868591,-0.2628450095653534,1.4420970678329468,0.03943665325641632,-0.03581652045249939,1.4937856197357178,0.11510685831308365,0.01344616711139679,1.2779213190078735,0.13024090230464935,0.023298704996705055,1.2347484827041626,0.16050899028778076,0.043003782629966736,1.1484026908874512,0.09430193901062012,0.05215395614504814,1.178008794784546,-0.24587708711624146,-0.26512640714645386,1.399629831314087,-0.3795170187950134,-0.266547292470932,1.3731805086135864,-0.46399402618408203,-0.0393727570772171,1.3949329853057861,-0.43136483430862427,0.020047791302204132,1.170980453491211,-0.42483898997306824,0.03193189948797226,1.126189947128296,-0.4117873013019562,0.05570011958479881,1.0366089344024658,-0.3665861487388611,0.06187085062265396,1.0937262773513794,-0.08688593655824661,0.14885950088500977,1.2368485927581787,0.05380948632955551,0.21980132162570953,0.8854622840881348,0.054911427199840546,0.5522825717926025,0.8040343523025513,0.09592513740062714,0.6128514409065247,0.692147970199585,-0.2608931362628937,0.14541137218475342,1.2025275230407715,-0.2951025366783142,0.2574574947357178,0.8356819152832031,-0.30604270100593567,0.5911110639572144,0.9113859534263611,-0.31767717003822327,0.6968841552734375,0.8304789066314697,-0.18894517421722412,-0.42808133363723755,1.2953753471374512,-0.18883125483989716,-0.4874369204044342,1.2852568626403809,-0.16131862998008728,-0.5370447635650635,1.3257570266723633,-0.11815335601568222,-0.5306544899940491,1.4535768032073975,-0.2322486937046051,-0.5348631143569946,1.312160849571228,-0.31912192702293396,-0.5244731903076172,1.4150543212890625,0.04160750284790993,0.6429200172424316,0.8141871690750122,-0.3058112561702728,0.6670712232589722,0.9635896682739258
-0.1741742491722107,0.1474364995956421,1.2208126783370972,-0.18394489586353302,0.010591626167297363,1.2837584018707275,-0.19476911425590515,-0.12661872804164886,1.3457286357879639,-0.20559366047382355,-0.2638331651687622,1.407700777053833,-0.165198415517807,-0.2641527056694031,1.4160470962524414,-0.03156335651874542,-0.2627449333667755,1.442505955696106,0.03980044275522232,-0.03577888011932373,1.493610143661499,0.11528456211090088,0.013491753488779068,1.2776820659637451,0.13038139045238495,0.023345880210399628,1.2344964742660522,0.1605750322341919,0.04305413365364075,1.1481252908706665,0.0944189578294754,0.05229238048195839,1.1778180599212646,-0.2461065649986267,-0.2650050222873688,1.400027871131897,-0.3797416090965271,-0.26641279458999634,1.3735690116882324,-0.464223712682724,-0.03921838104724884,1.3950977325439453,-0.43147486448287964,0.02034398540854454,1.171199917793274,-0.4249250888824463,0.03225645795464516,1.1264203786849976,-0.411825567483902,0.05608140677213669,1.0368613004684448,-0.36665940284729004,0.06222745403647423,1.0940091609954834,-0.08719746023416519,0.1491183638572693,1.2379698753356934,0.05283287912607193,0.21959546208381653,0.8862960934638977,0.05430907756090164,0.5517364144325256,0.8037365078926086,0.09521883726119995,0.6118463277816772,0.6915919780731201,-0.2611510455608368,0.1457546353340149,1.203655481338501,-0.2952239513397217,0.25967106223106384,0.8374423384666443,-0.3058396577835083,0.5929696559906006,0.914482593536377,-0.31736135482788086,0.6990629434585571,0.8340171575546265,-0.18868564069271088,-0.42835545539855957,1.2963231801986694,-0.1883554458618164,-0.48776406049728394,1.2864184379577637,-0.16059556603431702,-0.5371318459510803,1.3270779848098755,-0.11728934198617935,-0.5301064848899841,1.4548583030700684,-0.23157045245170593,-0.535271942615509,1.3135559558868408,-0.31838488578796387,-0.5248367190361023,1.416546106338501,0.04116456210613251,0.6424134373664856,0.8135981559753418,-0.3055376410484314,0.6687047481536865,0.9669845104217529
-0.17435646057128906,0.14749687910079956,1.2208282947540283,-0.1840672343969345,0.01066628098487854,1.2836822271347046,-0.1948404312133789,-0.1265346109867096,1.345548152923584,-0.20561394095420837,-0.26373961567878723,1.4074158668518066,-0.16523613035678864,-0.2640436589717865,1.4157729148864746,-0.03161190450191498,-0.262584388256073,1.4422781467437744,0.039873816072940826,-0.03552010655403137,1.4927781820297241,0.11541873961687088,0.013550840318202972,1.2768244743347168,0.13052771985530853,0.02336503006517887,1.2336337566375732,0.16074569523334503,0.04299341142177582,1.1472523212432861,0.09458135813474655,0.0522606298327446,1.176918625831604,-0.24610885977745056,-0.26492685079574585,1.3997312784194946,-0.3797330856323242,-0.26638612151145935,1.3732260465621948,-0.46386322379112244,-0.03903014957904816,1.3944402933120728,-0.43122708797454834,0.020679503679275513,1.1705639362335205,-0.4246998727321625,0.032621435821056366,1.125788688659668,-0.41164541244506836,0.05650530010461807,1.0362380743026733,-0.36642834544181824,0.06255899369716644,1.0933561325073242,-0.0874231830239296,0.1492474526166916,1.2380702495574951,0.05294661968946457,0.21969455480575562,0.8865762948989868,0.053928010165691376,0.5517445802688599,0.8038142919540405,0.09487512707710266,0.6118497848510742,0.6916999816894531,-0.2612897455692291,0.14574630558490753,1.2035863399505615,-0.2948785424232483,0.2595784366130829,0.8373506665229797,-0.3061363399028778,0.5924566388130188,0.9159199595451355,-0.31768709421157837,0.6988942623138428,0.8359414935112,-0.1885892152786255,-0.4285234212875366,1.2963759899139404,-0.18820491433143616,-0.4879647195339203,1.2866014242172241,-0.16037389636039734,-0.5372239947319031,1.3273661136627197,-0.11701148003339767,-0.5298706889152527,1.4551358222961426,-0.2313697189092636,-0.5354633927345276,1.3138682842254639,-0.3181663155555725,-0.5248823165893555,1.4168918132781982,0.04060610011219978,0.6423928737640381,0.8135983943939209,-0.30603867769241333,0.6679368615150452,0.9687691926956177
-0.17464189231395721,0.1475708782672882,1.2218271493911743,-0.1843322217464447,0.010655730962753296,1.2844250202178955,-0.1950809359550476,-0.12663190066814423,1.3460263013839722,-0.20582996308803558,-0.26392364501953125,1.4076294898986816,-0.16546015441417694,-0.2642369866371155,1.415982961654663,-0.03184017539024353,-0.2628067135810852,1.4424856901168823,0.039761029183864594,-0.03566896915435791,1.4925130605697632,0.11539702862501144,0.013238869607448578,1.2765491008758545,0.13052423298358917,0.023020436987280846,1.2333563566207886,0.16077862679958344,0.04258356988430023,1.1469707489013672,0.09460263699293137,0.051880404353141785,1.176605463027954,-0.24631661176681519,-0.2651025056838989,1.3999454975128174,-0.3799365758895874,-0.2665327787399292,1.3734427690505981,-0.46382609009742737,-0.039056986570358276,1.3943793773651123,-0.4312454164028168,0.020413555204868317,1.170426368713379,-0.42472928762435913,0.032307662069797516,1.1256357431411743,-0.41169703006744385,0.05609587952494621,1.0360544919967651,-0.3664448857307434,0.06216098740696907,1.093145489692688,-0.08773567527532578,0.14931266009807587,1.239090085029602,0.05343911796808243,0.21928220987319946,0.8878695368766785,0.05358882620930672,0.5511237382888794,0.8044240474700928,0.09466192126274109,0.6111202836036682,0.6923151016235352,-0.26154810190200806,0.14582909643650055,1.2045642137527466,-0.29544201493263245,0.2603888511657715,0.8386281132698059,-0.3057452142238617,0.5933444499969482,0.9168358445167542,-0.3171525299549103,0.6997101902961731,0.8367657661437988,-0.18871858716011047,-0.42873525619506836,1.2965788841247559,-0.18829159438610077,-0.4881880581378937,1.2868083715438843,-0.16040006279945374,-0.5374303460121155,1.3275740146636963,-0.11698288470506668,-0.5300288200378418,1.4553483724594116,-0.2314157634973526,-0.5357264876365662,1.3141026496887207,-0.31819403171539307,-0.5252012014389038,1.417179822921753,0.03994769975543022,0.6417387127876282,0.8139785528182983,-0.30537718534469604,0.6688743829727173,0.9695950746536255
-0.17470267415046692,0.14754003286361694,1.2219319343566895,-0.18438391387462616,0.010592535138130188,1.2844088077545166,-0.19515404105186462,-0.1267288625240326,1.3458786010742188,-0.20592449605464935,-0.2640543580055237,1.4073503017425537,-0.16556183993816376,-0.26437872648239136,1.415709137916565,-0.0319506973028183,-0.2629840075969696,1.4422348737716675,0.03954995423555374,-0.03574281930923462,1.4919695854187012,0.11535296589136124,0.013207986950874329,1.2760666608810425,0.13051356375217438,0.022998148575425148,1.2328860759735107,0.16083477437496185,0.042578473687171936,1.1465249061584473,0.09462273120880127,0.051829513162374496,1.1760985851287842,-0.24640420079231262,-0.26522260904312134,1.399659514427185,-0.3800153434276581,-0.2666173279285431,1.3731337785720825,-0.4636480212211609,-0.039023399353027344,1.3938944339752197,-0.43107447028160095,0.020284298807382584,1.1698901653289795,-0.4245597720146179,0.03214583918452263,1.1250892877578735,-0.41153034567832947,0.05586891993880272,1.0354875326156616,-0.36625251173973083,0.0619196854531765,1.0925623178482056,-0.08783359825611115,0.1493072658777237,1.2392666339874268,0.053457677364349365,0.21931079030036926,0.8881029486656189,0.05307479947805405,0.5512828826904297,0.8051897287368774,0.09408161044120789,0.6115276217460632,0.69319087266922,-0.2615717649459839,0.1457727998495102,1.2045972347259521,-0.2945255935192108,0.25998032093048096,0.8384683728218079,-0.3062976896762848,0.5928276777267456,0.9169174432754517,-0.31779199838638306,0.6992197036743164,0.8368964791297913,-0.1888411045074463,-0.4287433624267578,1.2960858345031738,-0.18844003975391388,-0.4881882667541504,1.2862374782562256,-0.16059264540672302,-0.5375017523765564,1.3269565105438232,-0.11723314970731735,-0.5302881598472595,1.4547723531723022,-0.2316061109304428,-0.5357433557510376,1.3134504556655884,-0.31843796372413635,-0.5253059267997742,1.4165050983428955,0.03927823528647423,0.641858696937561,0.8148849606513977,-0.30639028549194336,0.6683127880096436,0.9697408080101013
-0.1746823787689209,0.14761483669281006,1.2219525575637817,-0.1843784898519516,0.010606899857521057,1.284277319908142,-0.19518150389194489,-0.12677381932735443,1.3455913066864014,-0.20598484575748444,-0.2641586661338806,1.406907081604004,-0.16562587022781372,-0.2644982933998108,1.4152734279632568,-0.032021865248680115,-0.2631530165672302,1.441827654838562,0.03981669247150421,-0.03597864508628845,1.4913947582244873,0.1154102012515068,0.013209756463766098,1.2754693031311035,0.13052889704704285,0.02304743602871895,1.2322841882705688,0.16076630353927612,0.04272279888391495,1.145914077758789,0.09459351003170013,0.05198049172759056,1.1755754947662354,-0.24646122753620148,-0.26531222462654114,1.3992071151733398,-0.3800652325153351,-0.2666575014591217,1.3726528882980347,-0.46334877610206604,-0.03890673816204071,1.3931304216384888,-0.4309098720550537,0.020200099796056747,1.1690505743026733,-0.42442208528518677,0.03202146664261818,1.1242345571517944,-0.41144654154777527,0.05566420033574104,1.0346026420593262,-0.3661065101623535,0.06169712170958519,1.0916310548782349,-0.08784574270248413,0.14938335120677948,1.2393498420715332,0.0529400110244751,0.2193363904953003,0.8879856467247009,0.052555717527866364,0.5514870882034302,0.8058330416679382,0.0933784693479538,0.6119664907455444,0.6938981413841248,-0.26151901483535767,0.14584632217884064,1.2045552730560303,-0.2942466139793396,0.25937455892562866,0.838206946849823,-0.30781733989715576,0.5920196175575256,0.917177677154541,-0.3196716010570526,0.6984831690788269,0.8373111486434937,-0.18908089399337769,-0.42865803837776184,1.2953283786773682,-0.18876266479492188,-0.48808521032333374,1.285363793373108,-0.16101250052452087,-0.5375208258628845,1.3260033130645752,-0.11771724373102188,-0.5306220650672913,1.4538609981536865,-0.23201659321784973,-0.5356298685073853,1.3124585151672363,-0.31889551877975464,-0.5252643823623657,1.415484070777893,0.03882003575563431,0.642044186592102,0.8157604932785034,-0.30838948488235474,0.6674134731292725,0.9701234102249146
-0.17465072870254517,0.14760956168174744,1.221781849861145,-0.18437466025352478,0.010591715574264526,1.2840150594711304,-0.1952058970928192,-0.12679122388362885,1.345252513885498,-0.20603744685649872,-0.2641782760620117,1.406491756439209,-0.16568632423877716,-0.2645294666290283,1.4148590564727783,-0.0320846289396286,-0.2632221281528473,1.441422462463379,0.04017084836959839,-0.036196500062942505,1.4910778999328613,0.11551110446453094,0.01336558535695076,1.275146722793579,0.1305791586637497,0.023278001695871353,1.2319605350494385,0.1607152670621872,0.04310283809900284,1.1455880403518677,0.09459476917982101,0.052371930330991745,1.1753642559051514,-0.24650630354881287,-0.2653203010559082,1.3987900018692017,-0.3801079988479614,-0.26662763953208923,1.372226595878601,-0.46321138739585876,-0.03880222141742706,1.3926366567611694,-0.4308314323425293,0.020299747586250305,1.1685444116592407,-0.4243554472923279,0.03212014213204384,1.1237260103225708,-0.41140347719192505,0.05576092749834061,1.0340890884399414,-0.36603397130966187,0.06175995245575905,1.0910985469818115,-0.08784196525812149,0.14937928318977356,1.2392420768737793,0.052165307104587555,0.21980541944503784,0.8876742124557495,0.05215881019830704,0.5521856546401978,0.8064981698989868,0.09278727322816849,0.6129177212715149,0.6946343183517456,-0.26145949959754944,0.1458398401737213,1.2043216228485107,-0.2944567799568176,0.25947999954223633,0.8380445241928101,-0.30998772382736206,0.5917884111404419,0.9180196523666382,-0.3223717212677002,0.6984245777130127,0.8384712338447571,-0.18915678560733795,-0.42841410636901855,1.2945078611373901,-0.18887314200401306,-0.48781850934028625,1.2843929529190063,-0.16119247674942017,-0.53737872838974,1.3249328136444092,-0.11799979954957962,-0.5308341383934021,1.4528493881225586,-0.23218640685081482,-0.5354018211364746,1.3113317489624023,-0.3191492557525635,-0.5252329707145691,1.4143130779266357,0.03861382231116295,0.6427350044250488,0.8167274594306946,-0.31103670597076416,0.6670125126838684,0.9711941480636597
-0.1746182143688202,0.14758571982383728,1.2216236591339111,-0.18436726927757263,0.010558977723121643,1.2838201522827148,-0.1952238529920578,-0.12683041393756866,1.3450253009796143,-0.20608076453208923,-0.26422393321990967,1.406232237815857,-0.16573169827461243,-0.2645832300186157,1.4146019220352173,-0.032133445143699646,-0.26330259442329407,1.4411742687225342,0.04075273126363754,-0.03649544715881348,1.4909073114395142,0.1156448945403099,0.013497773557901382,1.2749193906784058,0.13062332570552826,0.023496419191360474,1.2317217588424683,0.16058018803596497,0.043493710458278656,1.1453266143798828,0.09455044567584991,0.05280238389968872,1.1752915382385254,-0.24654781818389893,-0.2653579115867615,1.3985278606414795,-0.3801460862159729,-0.26663854718208313,1.3719555139541626,-0.46314123272895813,-0.038782358169555664,1.3924643993377686,-0.4308447539806366,0.02045721560716629,1.168396234512329,-0.4243854582309723,0.03230512887239456,1.1235826015472412,-0.4114668667316437,0.0560009591281414,1.0339553356170654,-0.3660684823989868,0.061945684254169464,1.0909476280212402,-0.08783847093582153,0.149374857544899,1.2391678094863892,0.05138716101646423,0.2203078269958496,0.8874367475509644,0.051876965910196304,0.5528402924537659,0.8070446848869324,0.09233835339546204,0.6137405633926392,0.6952288150787354,-0.26139795780181885,0.14579658210277557,1.204079508781433,-0.2950443923473358,0.2599027752876282,0.8380498886108398,-0.3126138150691986,0.5917575359344482,0.919319212436676,-0.32564878463745117,0.6986156105995178,0.8401978611946106,-0.18917369842529297,-0.4283946454524994,1.2941080331802368,-0.1889045387506485,-0.487798810005188,1.2839421033859253,-0.1612696349620819,-0.5374101996421814,1.3244670629501343,-0.11816639453172684,-0.5309882164001465,1.4524396657943726,-0.23226216435432434,-0.5353950262069702,1.3108115196228027,-0.31931185722351074,-0.5252785086631775,1.413749098777771,0.03855310380458832,0.6433843374252319,0.8175193071365356,-0.31412529945373535,0.6667564511299133,0.9727827906608582
-0.17448920011520386,0.14744845032691956,1.2215193510055542,-0.18422064185142517,0.010412752628326416,1.2836858034133911,-0.19510197639465332,-0.12698695063591003,1.3448500633239746,-0.20598363876342773,-0.264390766620636,1.406016230583191,-0.16563816368579865,-0.26475510001182556,1.4143956899642944,-0.03204977512359619,-0.26349085569381714,1.441001534461975,0.04135816544294357,-0.03692300617694855,1.4910848140716553,0.11590132862329483,0.01362374797463417,1.2750990390777588,0.1308099627494812,0.023733098059892654,1.2319018840789795,0.16062723100185394,0.04395179823040962,1.145507574081421,0.09467041492462158,0.05327148362994194,1.175633430480957,-0.2464473843574524,-0.2655198574066162,1.3983014822006226,-0.38003575801849365,-0.26678410172462463,1.371695637702942,-0.46309417486190796,-0.038989052176475525,1.3926901817321777,-0.43095487356185913,0.020691704005002975,1.168710708618164,-0.42452701926231384,0.032627854496240616,1.1239148378372192,-0.41167131066322327,0.0565001554787159,1.0343230962753296,-0.3662385642528534,0.062350716441869736,1.0912998914718628,-0.08774375915527344,0.14929313957691193,1.2391647100448608,0.05159999430179596,0.22129449248313904,0.8877413272857666,0.05191750451922417,0.5539977550506592,0.8082103133201599,0.09239614009857178,0.6152043342590332,0.6965846419334412,-0.2612346410751343,0.14560376107692719,1.2038739919662476,-0.29581427574157715,0.2594633102416992,0.837896466255188,-0.3151683211326599,0.5909460186958313,0.9201239943504333,-0.32887890934944153,0.6979437470436096,0.8413295745849609,-0.18923628330230713,-0.42833244800567627,1.29349684715271,-0.1890418380498886,-0.4877185821533203,1.2831878662109375,-0.16149285435676575,-0.5374692678451538,1.3236128091812134,-0.11844523251056671,-0.5314111709594727,1.451636791229248,-0.23248261213302612,-0.5353252291679382,1.3099229335784912,-0.31958287954330444,-0.5253363847732544,1.4128485918045044,0.038530461490154266,0.6444966197013855,0.8189085125923157,-0.31704947352409363,0.6657743453979492,0.9737979769706726
-0.17462050914764404,0.1472788155078888,1.222440242767334,-0.18441429734230042,0.010126709938049316,1.284313440322876,-0.1952950656414032,-0.12737922370433807,1.3452119827270508,-0.20617616176605225,-0.26488927006721497,1.4061124324798584,-0.16582821309566498,-0.265281617641449,1.4144642353057861,-0.03222864866256714,-0.26410815119743347,1.4409841299057007,0.04148852080106735,-0.037715256214141846,1.4914106130599976,0.11587708443403244,0.013334967195987701,1.2754883766174316,0.13075479865074158,0.02354501187801361,1.2323039770126343,0.16051022708415985,0.04396510124206543,1.14593505859375,0.09458954632282257,0.05326492339372635,1.1761471033096313,-0.2466423660516739,-0.2659914493560791,1.3984224796295166,-0.38024193048477173,-0.2671649158000946,1.371902585029602,-0.4633708894252777,-0.03942754864692688,1.393257737159729,-0.4313170313835144,0.02043389156460762,1.1693127155303955,-0.42490625381469727,0.03240618109703064,1.1245237588882446,-0.412084698677063,0.05635076016187668,1.0349457263946533,-0.36663442850112915,0.06216691806912422,1.0919126272201538,-0.08786732703447342,0.1490238755941391,1.2400404214859009,0.05140653997659683,0.22081121802330017,0.8885482549667358,0.052238259464502335,0.553518533706665,0.8090475797653198,0.09275836497545242,0.6146669387817383,0.6974061727523804,-0.26137369871139526,0.1455337554216385,1.204840064048767,-0.29690372943878174,0.2613808512687683,0.8395805954933167,-0.31357279419898987,0.5931752324104309,0.9211273193359375,-0.3268861770629883,0.7000859379768372,0.8421483039855957,-0.18980205059051514,-0.4283014237880707,1.292734980583191,-0.1896948516368866,-0.4876413941383362,1.2821272611618042,-0.16213800013065338,-0.5376316905021667,1.3222625255584717,-0.11887473613023758,-0.5322656035423279,1.4502592086791992,-0.23315411806106567,-0.5353347659111023,1.308695673942566,-0.3200870454311371,-0.5257576704025269,1.4118199348449707,0.03900879621505737,0.6440381407737732,0.8197611570358276,-0.31469136476516724,0.668136477470398,0.974635899066925
-0.17452815175056458,0.1464558243751526,1.2221351861953735,-0.18440309166908264,0.009329438209533691,1.2840067148208618,-0.1953258365392685,-0.12814861536026,1.3449143171310425,-0.2062489092350006,-0.2656307816505432,1.4058237075805664,-0.16590216755867004,-0.2660437822341919,1.414155125617981,-0.032294631004333496,-0.2649388909339905,1.440609335899353,0.04169081151485443,-0.03872320055961609,1.4914532899856567,0.11582103371620178,0.013352014124393463,1.2756834030151367,0.13064707815647125,0.023767057806253433,1.2325294017791748,0.1602991670370102,0.044597141444683075,1.146221399307251,0.09441620111465454,0.05376109853386879,1.176559567451477,-0.24671436846256256,-0.2667120695114136,1.398154377937317,-0.3803219199180603,-0.267816960811615,1.3717001676559448,-0.46341902017593384,-0.04010312259197235,1.3934663534164429,-0.43147343397140503,0.020458556711673737,1.169690728187561,-0.42508432269096375,0.032570891082286835,1.1249356269836426,-0.4123060703277588,0.05679555982351303,1.0354254245758057,-0.36683082580566406,0.062442392110824585,1.092390775680542,-0.08778370171785355,0.14816607534885406,1.2397704124450684,0.051507867872714996,0.2198534607887268,0.8884469866752625,0.05353067070245743,0.5525690317153931,0.8096415400505066,0.09418930113315582,0.613761305809021,0.6981436610221863,-0.2612726092338562,0.1447455734014511,1.2044999599456787,-0.2949681878089905,0.26102209091186523,0.8393783569335938,-0.3122672438621521,0.5927143096923828,0.9205886125564575,-0.32522523403167725,0.6995201110839844,0.84150630235672,-0.18993745744228363,-0.4285864233970642,1.291701078414917,-0.18981729447841644,-0.48789411783218384,1.2808367013931274,-0.16218367218971252,-0.538055419921875,1.3207331895828247,-0.11875750124454498,-0.5332174897193909,1.4487290382385254,-0.23323366045951843,-0.5357310771942139,1.307259202003479,-0.32006585597991943,-0.5266319513320923,1.4105526208877563,0.04065205901861191,0.6430767774581909,0.8205389976501465,-0.31371426582336426,0.6676764488220215,0.974019467830658
-0.17441366612911224,0.1451113224029541,1.2221267223358154,-0.18433555960655212,0.007997587323188782,1.2839200496673584,-0.19530735909938812,-0.12945455312728882,1.34477698802948,-0.20627948641777039,-0.2669108211994171,1.4056357145309448,-0.16592955589294434,-0.2673735022544861,1.4138939380645752,-0.032286450266838074,-0.2664332985877991,1.440111756324768,0.042367853224277496,-0.04060684144496918,1.4917060136795044,0.11582326143980026,0.013340786099433899,1.2761647701263428,0.13051433861255646,0.024130310863256454,1.2330565452575684,0.15989650785923004,0.045709364116191864,1.1468400955200195,0.09412281960248947,0.05465563386678696,1.1774792671203613,-0.246748685836792,-0.26794207096099854,1.3980389833450317,-0.38039177656173706,-0.26888227462768555,1.3718211650848389,-0.4635293781757355,-0.04117050766944885,1.3934615850448608,-0.4315725862979889,0.02013346180319786,1.1698890924453735,-0.42518123984336853,0.03239425644278526,1.125174641609192,-0.4123985171318054,0.05691584199666977,1.035745620727539,-0.3669430911540985,0.062417175620794296,1.0927413702011108,-0.08765556663274765,0.1467234492301941,1.2396342754364014,0.05157863348722458,0.21963852643966675,0.8889178037643433,0.05596934258937836,0.5520687103271484,0.8103309869766235,0.09698928892612457,0.6129616498947144,0.6989445686340332,-0.26117175817489624,0.1434991955757141,1.2046191692352295,-0.29188671708106995,0.2627158463001251,0.8405466079711914,-0.3089176416397095,0.5936090350151062,0.9237610101699829,-0.3210108280181885,0.7008751034736633,0.845369279384613,-0.1900547444820404,-0.4291761517524719,1.2903954982757568,-0.18991300463676453,-0.48843419551849365,1.2791452407836914,-0.16216275095939636,-0.5388500690460205,1.3186827898025513,-0.11849368363618851,-0.5348039269447327,1.446675419807434,-0.23326437175273895,-0.5364882946014404,1.3053467273712158,-0.3199482858181,-0.5281121730804443,1.4088901281356812,0.04375959932804108,0.6425811648368835,0.8212642073631287,-0.3105635643005371,0.6681513786315918,0.9776297211647034
-0.17463305592536926,0.13952401280403137,1.22078275680542,-0.18468503654003143,0.002442285418510437,1.2823282480239868,-0.19587337970733643,-0.13498029112815857,1.3429100513458252,-0.20706206560134888,-0.2724069654941559,1.4034936428070068,-0.16671310365200043,-0.2730247676372528,1.4115785360336304,-0.033009931445121765,-0.2725978493690491,1.4372395277023315,0.04512793570756912,-0.04875820875167847,1.4922765493392944,0.11443392187356949,0.013317957520484924,1.2775375843048096,0.12829512357711792,0.025733191519975662,1.2345898151397705,0.1560175120830536,0.05056365951895714,1.1486941576004028,0.09094493836164474,0.05863317847251892,1.1810353994369507,-0.24753263592720032,-0.27328282594680786,1.3960672616958618,-0.381235808134079,-0.2737097442150116,1.3704062700271606,-0.46407267451286316,-0.04575476050376892,1.3907376527786255,-0.43062493205070496,0.01564333587884903,1.1673967838287354,-0.4239353835582733,0.02792295441031456,1.1227285861968994,-0.41055628657341003,0.05248219519853592,1.0333921909332275,-0.3654545545578003,0.057897426187992096,1.0906811952590942,-0.08786173909902573,0.1408873200416565,1.2379913330078125,0.04874061793088913,0.217222660779953,0.8885538578033447,0.060559675097465515,0.5476179122924805,0.8077673316001892,0.10205358266830444,0.6064614653587341,0.6960563659667969,-0.2614043653011322,0.13816070556640625,1.2035741806030273,-0.2823573648929596,0.2591349482536316,0.8409172296524048,-0.301845520734787,0.5881623029708862,0.9257017374038696,-0.3118940591812134,0.6955758929252625,0.8480808734893799,-0.1899503618478775,-0.4321267604827881,1.2846086025238037,-0.189379021525383,-0.49117064476013184,1.272063970565796,-0.16106711328029633,-0.5422490835189819,1.3104335069656372,-0.11694026738405228,-0.5406291484832764,1.4384363889694214,-0.23228874802589417,-0.5401654839515686,1.2973829507827759,-0.31873494386672974,-0.5347256660461426,1.401459813117981,0.050668057054281235,0.6381351351737976,0.8180754780769348,-0.30499204993247986,0.6620335578918457,0.9798368215560913
-0.17463305592536926,0.13952401280403137,1.22078275680542,-0.18468503654003143,0.002442285418510437,1.2823282480239868,-0.19587337970733643,-0.13498029112815857,1.3429100513458252,-0.20706206560134888,-0.2724069654941559,1.4034936428070068,-0.16671310365200043,-0.2730247676372528,1.4115785360336304,-0.033009931445121765,-0.2725978493690491,1.4372395277023315,0.04512793570756912,-0.04875820875167847,1.4922765493392944,0.11443392187356949,0.013317957520484924,1.2775375843048096,0.12829512357711792,0.025733191519975662,1.2345898151397705,0.1560175120830536,0.05056365951895714,1.1486941576004028,0.09094493836164474,0.05863317847251892,1.1810353994369507,-0.24753263592720032,-0.27328282594680786,1.3960672616958618,-0.381235808134079,-0.2737097442150116,1.3704062700271606,-0.46407267451286316,-0.04575476050376892,1.3907376527786255,-0.43062493205070496,0.01564333587884903,1.1673967838287354,-0.4239353835582733,0.02792295441031456,1.1227285861968994,-0.41055628657341003,0.05248219519853592,1.0333921909332275,-0.3654545545578003,0.057897426187992096,1.0906811952590942,-0.08786173909902573,0.1408873200416565,1.2379913330078125,0.04874061793088913,0.217222660779953,0.8885538578033447,0.060559675097465515,0.5476179122924805,0.8077673316001892,0.10205358266830444,0.6064614653587341,0.6960563659667969,-0.2614043653011322,0.13816070556640625,1.2035741806030273,-0.2823573648929596,0.2591349482536316,0.8409172296524048,-0.301845520734787,0.5881623029708862,0.9257017374038696,-0.3118940591812134,0.6955758929252625,0.8480808734893799,-0.1899503618478775,-0.4321267604827881,1.2846086025238037,-0.189379021525383,-0.49117064476013184,1.272063970565796,-0.16106711328029633,-0.5422490835189819,1.3104335069656372,-0.11694026738405228,-0.5406291484832764,1.4384363889694214,-0.23228874802589417,-0.5401654839515686,1.2973829507827759,-0.31873494386672974,-0.5347256660461426,1.401459813117981,0.050668057054281235,0.6381351351737976,0.8180754780769348,-0.30499204993247986,0.6620335578918457,0.9798368215560913
-0.17494070529937744,0.1358601450920105,1.2211796045303345,-0.18509122729301453,-0.001515224575996399,1.2819217443466187,-0.19649462401866913,-0.13924573361873627,1.3416284322738647,-0.20789834856987,-0.27698037028312683,1.401336908340454,-0.16754844784736633,-0.2777498960494995,1.409331202507019,-0.033825889229774475,-0.27781951427459717,1.4347102642059326,0.047277696430683136,-0.055974796414375305,1.4934685230255127,0.11280687153339386,0.012192793190479279,1.279377818107605,0.12591271102428436,0.025826312601566315,1.2365596294403076,0.15212437510490417,0.05309335142374039,1.1509233713150024,0.08774835616350174,0.06057894602417946,1.1847730875015259,-0.24837221205234528,-0.2777078151702881,1.3939917087554932,-0.38209477066993713,-0.27763819694519043,1.3686126470565796,-0.4655904769897461,-0.050003305077552795,1.38997220993042,-0.43080559372901917,0.01263989508152008,1.167168378829956,-0.42384862899780273,0.025168536230921745,1.1226075887680054,-0.4099346697330475,0.050225816667079926,1.033486008644104,-0.3652160167694092,0.05542685091495514,1.091099500656128,-0.08814962208271027,0.13694489002227783,1.2381364107131958,0.046339020133018494,0.2138901650905609,0.888852059841156,0.06219150871038437,0.5419440269470215,0.8022889494895935,0.10382145643234253,0.5981041789054871,0.6895682215690613,-0.2617318034172058,0.13477540016174316,1.2042227983474731,-0.277726948261261,0.2545821964740753,0.8417344689369202,-0.2978942394256592,0.5838820934295654,0.9224725961685181,-0.30672401189804077,0.6902356743812561,0.8437075614929199,-0.18959984183311462,-0.4342914819717407,1.2793534994125366,-0.1885944902896881,-0.493094265460968,1.265665888786316,-0.1599040925502777,-0.5447121262550354,1.3030593395233154,-0.11578921973705292,-0.5452438592910767,1.4311197996139526,-0.23115980625152588,-0.542897641658783,1.2900304794311523,-0.3176804780960083,-0.5401027798652649,1.3942044973373413,0.05359902232885361,0.632575273513794,0.8110081553459167,-0.30167341232299805,0.6581975221633911,0.9756402969360352
-0.1751326322555542,0.13251373171806335,1.2212650775909424,-0.18549591302871704,-0.005456835031509399,1.2805359363555908,-0.19727091491222382,-0.14379820227622986,1.338667869567871,-0.20904625952243805,-0.2821437120437622,1.3968015909194946,-0.16869910061359406,-0.2831292152404785,1.4047468900680542,-0.03497226536273956,-0.28390249609947205,1.4299938678741455,0.050557948648929596,-0.0652657151222229,1.4942293167114258,0.11120140552520752,0.010153435170650482,1.2811367511749268,0.12333009392023087,0.02523726597428322,1.238518238067627,0.14758747816085815,0.05540492385625839,1.1532812118530273,0.084236741065979,0.0623510517179966,1.189119577407837,-0.249521404504776,-0.2826618552207947,1.3894879817962646,-0.3832482397556305,-0.28188857436180115,1.3642410039901733,-0.4686741828918457,-0.05523756146430969,1.3882280588150024,-0.4314116835594177,0.009981326758861542,1.1665704250335693,-0.4239591956138611,0.02302510291337967,1.1222388744354248,-0.4090541899204254,0.049112655222415924,1.0335757732391357,-0.36511358618736267,0.05396750196814537,1.091813325881958,-0.08834822475910187,0.13323338329792023,1.2381142377853394,0.043601348996162415,0.21000179648399353,0.8884486556053162,0.06261881440877914,0.5352541208267212,0.7942805290222168,0.10414966940879822,0.5882076025009155,0.6802129745483398,-0.2619170546531677,0.13179408013820648,1.2044159173965454,-0.2724929451942444,0.247907817363739,0.8411310911178589,-0.2939022183418274,0.5789076089859009,0.9118353724479675,-0.3014417886734009,0.6827710270881653,0.8300071954727173,-0.18878857791423798,-0.435823917388916,1.270493984222412,-0.18715886771678925,-0.49422165751457214,1.2551641464233398,-0.1580803543329239,-0.5465995073318481,1.29120934009552,-0.1143803671002388,-0.550294816493988,1.4193955659866333,-0.2293243110179901,-0.5451136231422424,1.277975082397461,-0.31623828411102295,-0.5460848212242126,1.3818985223770142,0.05511435121297836,0.6260203719139099,0.8009136915206909,-0.29852545261383057,0.6546197533607483,0.9626795053482056
-0.17441940307617188,0.12944132089614868,1.2200837135314941,-0.1849566251039505,-0.009418398141860962,1.2771525382995605,-0.19711993634700775,-0.14865243434906006,1.3329722881317139,-0.20928362011909485,-0.28789064288139343,1.388793706893921,-0.1689409613609314,-0.2891308665275574,1.3966960906982422,-0.03517244756221771,-0.29073160886764526,1.4218518733978271,0.05546245723962784,-0.07646216452121735,1.493363380432129,0.11009460687637329,0.007699392735958099,1.2819328308105469,0.12102103978395462,0.024531705304980278,1.2396466732025146,0.14287389814853668,0.058196328580379486,1.1550744771957397,0.08085179328918457,0.0643322616815567,1.193300485610962,-0.24975848197937012,-0.2881637513637543,1.3814979791641235,-0.3835269808769226,-0.2865630090236664,1.3563421964645386,-0.47245165705680847,-0.06181241571903229,1.3849700689315796,-0.43157505989074707,0.00766637921333313,1.1652599573135376,-0.42339974641799927,0.021562138572335243,1.121317982673645,-0.4070490896701813,0.04935365915298462,1.0334339141845703,-0.36431676149368286,0.05366036668419838,1.092603325843811,-0.08764885365962982,0.12975972890853882,1.236879825592041,0.04037070274353027,0.2065228372812271,0.8863108158111572,0.0625247061252594,0.5284985899925232,0.7835923433303833,0.1035284548997879,0.5778469443321228,0.6679344177246094,-0.26118993759155273,0.12912291288375854,1.2032876014709473,-0.26735714077949524,0.24037912487983704,0.8389194011688232,-0.28984686732292175,0.5728840827941895,0.8992927670478821,-0.2963285744190216,0.6741054654121399,0.8144073486328125,-0.18693183362483978,-0.43666762113571167,1.2570245265960693,-0.18466296792030334,-0.4944574236869812,1.2395724058151245,-0.15524479746818542,-0.5478529334068298,1.2738312482833862,-0.11211417615413666,-0.5558302402496338,1.4020434617996216,-0.2264498919248581,-0.5465600490570068,1.2602930068969727,-0.3138619661331177,-0.5521670579910278,1.3636852502822876,0.056241460144519806,0.6193743944168091,0.7879054546356201,-0.29518285393714905,0.6499785780906677,0.9477123618125916
-0.17339029908180237,0.12682181596755981,1.2173452377319336,-0.1840025931596756,-0.013222888112068176,1.2711366415023804,-0.19640763103961945,-0.1536388099193573,1.323559284210205,-0.20881304144859314,-0.2940589487552643,1.375983476638794,-0.1684938669204712,-0.29557448625564575,1.3838098049163818,-0.03461258113384247,-0.29806894063949585,1.4088093042373657,0.061557620763778687,-0.08926469087600708,1.4887703657150269,0.11078944802284241,0.004316262900829315,1.2799854278564453,0.12063581496477127,0.023032454773783684,1.238228440284729,0.1403285413980484,0.06046483665704727,1.1547144651412964,0.0796649307012558,0.06564153730869293,1.1951978206634521,-0.24926704168319702,-0.2940695285797119,1.3687270879745483,-0.38314831256866455,-0.2915750741958618,1.3437275886535645,-0.4763966202735901,-0.06960217654705048,1.379427433013916,-0.43089184165000916,0.005564279854297638,1.1625134944915771,-0.4217908978462219,0.02059757150709629,1.1191307306289673,-0.4035889804363251,0.050664156675338745,1.0323652029037476,-0.36239543557167053,0.054036326706409454,1.0926768779754639,-0.08663280308246613,0.12668932974338531,1.2341163158416748,0.0375283807516098,0.20341649651527405,0.8827096223831177,0.06293128430843353,0.5214962363243103,0.7705416083335876,0.10341121256351471,0.5668238401412964,0.6532682180404663,-0.2601478099822998,0.12695430219173431,1.2005741596221924,-0.26279863715171814,0.23310357332229614,0.8351770639419556,-0.28549328446388245,0.5668616890907288,0.8850986957550049,-0.29095956683158875,0.6653252840042114,0.7972277402877808,-0.184590145945549,-0.43630748987197876,1.237470269203186,-0.18176046013832092,-0.49319952726364136,1.217331051826477,-0.1520691066980362,-0.547917902469635,1.2492015361785889,-0.10949842631816864,-0.5615748167037964,1.3771393299102783,-0.22322407364845276,-0.5465576648712158,1.235361099243164,-0.3111041784286499,-0.5577207207679749,1.3379249572753906,0.05790561065077782,0.6124136447906494,0.7722433805465698,-0.2912360727787018,0.6452931761741638,0.9310295581817627
-0.17230241000652313,0.12524288892745972,1.2144008874893188,-0.18288476765155792,-0.01626405119895935,1.263680338859558,-0.19536033272743225,-0.1581292301416397,1.3114641904830933,-0.20783627033233643,-0.2999986410140991,1.359249472618103,-0.16756822168827057,-0.30178558826446533,1.3670238256454468,-0.03354734182357788,-0.3051612675189972,1.391992449760437,0.06788228452205658,-0.10384856164455414,1.4837965965270996,0.11364706605672836,0.002415195107460022,1.280358910560608,0.12280002236366272,0.023667946457862854,1.2396713495254517,0.14110593497753143,0.06617344915866852,1.1582962274551392,0.08152856677770615,0.06961680948734283,1.20054030418396,-0.2482399195432663,-0.29975366592407227,1.3519943952560425,-0.382260799407959,-0.2963779866695404,1.3270257711410522,-0.4802519977092743,-0.07811243832111359,1.3717542886734009,-0.4294191598892212,0.004188694059848785,1.158644437789917,-0.4192526042461395,0.02064892090857029,1.1160224676132202,-0.3989194631576538,0.05356937646865845,1.0307785272598267,-0.35950005054473877,0.05549228563904762,1.09232759475708,-0.08556240797042847,0.1246100440621376,1.2312103509902954,0.03444187343120575,0.20059236884117126,0.8786435723304749,0.06367805600166321,0.5140184164047241,0.7559059858322144,0.10352383553981781,0.5547546744346619,0.636903703212738,-0.2590424120426178,0.12587574124336243,1.1975914239883423,-0.2595497667789459,0.2272237092256546,0.8312500715255737,-0.2814663350582123,0.5620066523551941,0.8711903095245361,-0.28608238697052,0.6577650308609009,0.78053879737854,-0.18144738674163818,-0.4336165487766266,1.212794542312622,-0.17796365916728973,-0.4891921281814575,1.1893686056137085,-0.14795777201652527,-0.5454154014587402,1.2181607484817505,-0.10604043304920197,-0.566188395023346,1.3453398942947388,-0.21903002262115479,-0.5438834428787231,1.203956961631775,-0.3074118494987488,-0.5618476867675781,1.3050956726074219,0.06014152243733406,0.6049150228500366,0.7546609044075012,-0.2872331738471985,0.6416814923286438,0.914720892906189
-0.17194616794586182,0.1249876320362091,1.2115437984466553,-0.18223102390766144,-0.01817186176776886,1.2550866603851318,-0.1944272220134735,-0.16166234016418457,1.2970167398452759,-0.20662379264831543,-0.3051571249961853,1.3389480113983154,-0.166412353515625,-0.307182639837265,1.3466285467147827,-0.03217834234237671,-0.3113342523574829,1.371465802192688,0.07440117746591568,-0.11817312240600586,1.4742920398712158,0.11685898154973984,0.0001139417290687561,1.2768595218658447,0.12535053491592407,0.02377135306596756,1.2373729944229126,0.14233365654945374,0.07108617573976517,1.1583999395370483,0.08385875076055527,0.07267720252275467,1.202264666557312,-0.24696779251098633,-0.3046911954879761,1.3317233324050903,-0.3812018036842346,-0.3005395829677582,1.306886076927185,-0.4847319722175598,-0.08761392533779144,1.363346815109253,-0.4273124933242798,0.004028879106044769,1.1557928323745728,-0.4158285856246948,0.022357439622282982,1.1142820119857788,-0.3928608000278473,0.05901455879211426,1.031260371208191,-0.35564085841178894,0.058686763048172,1.0941931009292603,-0.08522502332925797,0.12389171123504639,1.228424310684204,0.03179533779621124,0.19887851178646088,0.8750331401824951,0.06557168066501617,0.5069330930709839,0.7412457466125488,0.10510670393705368,0.5427086353302002,0.6206946969032288,-0.25866732001304626,0.12608355283737183,1.1946632862091064,-0.25604337453842163,0.22339187562465668,0.8276125192642212,-0.27704864740371704,0.5588796138763428,0.8583412170410156,-0.28052785992622375,0.652096688747406,0.7652072310447693,-0.17796579003334045,-0.4288771450519562,1.184592843055725,-0.1737995147705078,-0.4827859103679657,1.1577250957489014,-0.14349257946014404,-0.5404258966445923,1.1831011772155762,-0.10231082141399384,-0.5688591003417969,1.3089492321014404,-0.21443283557891846,-0.5386245250701904,1.1684863567352295,-0.3033082187175751,-0.5637551546096802,1.2675405740737915,0.06365212053060532,0.5976927876472473,0.7368336319923401,-0.2828906774520874,0.6396365165710449,0.899628758430481
-0.17182022333145142,0.12669622898101807,1.2093052864074707,-0.18148940801620483,-0.018151775002479553,1.2459200620651245,-0.1930719017982483,-0.16328918933868408,1.2807921171188354,-0.2046547383069992,-0.308430939912796,1.3156652450561523,-0.16450436413288116,-0.3106611371040344,1.323211908340454,-0.030005812644958496,-0.3154822885990143,1.3478189706802368,0.08118287473917007,-0.13063524663448334,1.4605516195297241,0.12015065550804138,-0.00144977867603302,1.269336223602295,0.127944216132164,0.024387316778302193,1.231093168258667,0.14353132247924805,0.07606150954961777,1.1546070575714111,0.08618496358394623,0.07569523900747299,1.1999598741531372,-0.24493101239204407,-0.3077782392501831,1.3084975481033325,-0.37942957878112793,-0.30295708775520325,1.2838904857635498,-0.488502562046051,-0.09723448753356934,1.3547515869140625,-0.4251707196235657,0.0057512372732162476,1.1543675661087036,-0.4125043451786041,0.026348384097218513,1.114290714263916,-0.3871716260910034,0.0675426796078682,1.0341371297836304,-0.3519930839538574,0.06407216191291809,1.098137617111206,-0.08512647449970245,0.12519146502017975,1.2262464761734009,0.030056633055210114,0.1986006498336792,0.8723578453063965,0.06821732968091965,0.5008200407028198,0.7277877330780029,0.10767535120248795,0.5316280722618103,0.6060003042221069,-0.2585139870643616,0.12820099294185638,1.1923640966415405,-0.252786785364151,0.2210303544998169,0.8246099948883057,-0.2721443474292755,0.5569279193878174,0.8467785120010376,-0.27437371015548706,0.6477113962173462,0.751428484916687,-0.1740928739309311,-0.4218218922615051,1.1541574001312256,-0.16933409869670868,-0.47384223341941833,1.1239980459213257,-0.13874882459640503,-0.5326796174049377,1.1458632946014404,-0.09814532846212387,-0.568654477596283,1.2698144912719727,-0.20954260230064392,-0.5305033326148987,1.130939245223999,-0.29872772097587585,-0.5624884366989136,1.227529525756836,0.06778489053249359,0.5912905335426331,0.7201935052871704,-0.27785375714302063,0.6386326551437378,0.8859513401985168
-0.17142507433891296,0.1305677890777588,1.207765817642212,-0.18016542494297028,-0.01588001847267151,1.2363898754119873,-0.19084599614143372,-0.16255252063274384,1.2631442546844482,-0.20152688026428223,-0.30922940373420715,1.289899468421936,-0.16142487525939941,-0.311629056930542,1.2972915172576904,-0.026660114526748657,-0.3170067369937897,1.321609377861023,0.08836679905653,-0.14080962538719177,1.4438467025756836,0.1233210563659668,-0.0012862980365753174,1.259286880493164,0.13031190633773804,0.026618368923664093,1.2223749160766602,0.14429360628128052,0.08242770284414291,1.1485509872436523,0.08813327550888062,0.07981707900762558,1.1952723264694214,-0.2417449653148651,-0.3084239661693573,1.2827980518341064,-0.37650972604751587,-0.3030462861061096,1.258480191230774,-0.4909660220146179,-0.10565009713172913,1.343056082725525,-0.42376065254211426,0.006446681916713715,1.1489719152450562,-0.41031956672668457,0.028866037726402283,1.1101551055908203,-0.3834374248981476,0.07370474934577942,1.0325214862823486,-0.3497155010700226,0.06759797781705856,1.0970909595489502,-0.0847494974732399,0.12870082259178162,1.2246803045272827,0.029153503477573395,0.20058634877204895,0.8707773089408875,0.07122287154197693,0.4969516694545746,0.7168532609939575,0.11064372956752777,0.5232484936714172,0.5942484736442566,-0.2581006586551666,0.13243475556373596,1.1908513307571411,-0.2501664161682129,0.22071346640586853,0.8227037191390991,-0.26726624369621277,0.5565280914306641,0.8379027843475342,-0.2684072256088257,0.6452044248580933,0.7408838868141174,-0.16970759630203247,-0.4127199649810791,1.1225429773330688,-0.16455033421516418,-0.46278777718544006,1.0895020961761475,-0.13381004333496094,-0.5225316286087036,1.1080310344696045,-0.09364431351423264,-0.5653529763221741,1.2296576499938965,-0.20441800355911255,-0.519851803779602,1.092949390411377,-0.2937002182006836,-0.5577602386474609,1.1869261264801025,0.07210571318864822,0.5869745016098022,0.7064135074615479,-0.2725858688354492,0.6389075517654419,0.8753088116645813
-0.17115968465805054,0.1360081434249878,1.207526445388794,-0.17862586677074432,-0.011707901954650879,1.2271370887756348,-0.18805260956287384,-0.15956196188926697,1.2447627782821655,-0.19747963547706604,-0.30742043256759644,1.2623889446258545,-0.15742845833301544,-0.3099324107170105,1.2696012258529663,-0.022367745637893677,-0.31568631529808044,1.293568730354309,0.09533531218767166,-0.1488640159368515,1.4257723093032837,0.1258401721715927,0.0010483860969543457,1.2488716840744019,0.13194113969802856,0.031030867248773575,1.2134915590286255,0.14414308965206146,0.09099583327770233,1.1427313089370728,0.08916190266609192,0.08564135432243347,1.1905531883239746,-0.23763327300548553,-0.30651551485061646,1.2553683519363403,-0.3726939857006073,-0.3007616102695465,1.2314008474349976,-0.4916609525680542,-0.11245574057102203,1.3291211128234863,-0.42212116718292236,0.007181279361248016,1.140575885772705,-0.40821319818496704,0.031108682975172997,1.1028668880462646,-0.3803972899913788,0.07896348834037781,1.0274487733840942,-0.34761154651641846,0.07050518691539764,1.0921950340270996,-0.08447625488042831,0.1338544636964798,1.2243062257766724,0.028832264244556427,0.20445683598518372,0.8709754943847656,0.07388507574796677,0.4956143796443939,0.7099744081497192,0.11336158961057663,0.5183070302009583,0.5870230793952942,-0.25784310698509216,0.1381618231534958,1.1907466650009155,-0.24852298200130463,0.22337999939918518,0.8228919506072998,-0.2630218267440796,0.5586318969726562,0.833835244178772,-0.2632606625556946,0.6458753347396851,0.7359633445739746,-0.16531702876091003,-0.4016324579715729,1.090382695198059,-0.16002023220062256,-0.44974255561828613,1.0548713207244873,-0.12925487756729126,-0.510128378868103,1.070233702659607,-0.08925334364175797,-0.5590395927429199,1.1891450881958008,-0.19964225590229034,-0.5068292617797852,1.0552653074264526,-0.28868427872657776,-0.5496921539306641,1.1467347145080566,0.07574383914470673,0.5851026773452759,0.6972911357879639,-0.26777517795562744,0.6413013935089111,0.8701069951057434
-0.1715627908706665,0.14131459593772888,1.2094597816467285,-0.17737586796283722,-0.007175281643867493,1.2190483808517456,-0.18510271608829498,-0.15569712221622467,1.2265676259994507,-0.19282980263233185,-0.3042234182357788,1.2340871095657349,-0.15281802415847778,-0.30676329135894775,1.2410624027252197,-0.01740168035030365,-0.31262141466140747,1.2645066976547241,0.10146887600421906,-0.1561707705259323,1.4075300693511963,0.12724646925926208,0.004612535238265991,1.2399263381958008,0.1324019879102707,0.03676919639110565,1.2064056396484375,0.1427130252122879,0.10108251869678497,1.1393641233444214,0.08881676942110062,0.09230710566043854,1.1878182888031006,-0.23292556405067444,-0.30329784750938416,1.2271935939788818,-0.36834192276000977,-0.29743972420692444,1.2037492990493774,-0.49148353934288025,-0.12115928530693054,1.3169925212860107,-0.4213932454586029,0.010729238390922546,1.137271761894226,-0.40737518668174744,0.037106942385435104,1.101327657699585,-0.3793390691280365,0.08986234664916992,1.0294393301010132,-0.34708479046821594,0.07757363468408585,1.0937687158584595,-0.0848412960767746,0.13898587226867676,1.2259718179702759,0.028667278587818146,0.2093464434146881,0.8736757040023804,0.07536989450454712,0.4966760575771332,0.7080965042114258,0.11509283632040024,0.5169569253921509,0.5851552486419678,-0.2582842707633972,0.143643319606781,1.1929477453231812,-0.24920183420181274,0.2284606695175171,0.8259724378585815,-0.26044362783432007,0.5630158185958862,0.8360908627510071,-0.2601155638694763,0.6497957110404968,0.7382495403289795,-0.16080594062805176,-0.389817476272583,1.0586212873458862,-0.15542465448379517,-0.4359928071498871,1.0210705995559692,-0.12454233318567276,-0.4966338574886322,1.0334932804107666,-0.08430089801549911,-0.5506253838539124,1.1493996381759644,-0.19465315341949463,-0.4929291605949402,1.018890380859375,-0.28294819593429565,-0.540128767490387,1.1080245971679688,0.07769645005464554,0.585692286491394,0.6938838362693787,-0.26430025696754456,0.645607590675354,0.872077465057373
-0.17251324653625488,0.1453159749507904,1.213400959968567,-0.17639827728271484,-0.0033409297466278076,1.2123538255691528,-0.18214035034179688,-0.151907816529274,1.2091950178146362,-0.18788260221481323,-0.30047914385795593,1.20603609085083,-0.1478699892759323,-0.30297616124153137,1.2126941680908203,-0.012047961354255676,-0.308707058429718,1.2353352308273315,0.1061284989118576,-0.1650417298078537,1.3913474082946777,0.12799939513206482,0.0094967782497406,1.2378673553466797,0.13237357139587402,0.04440448060631752,1.2071713209152222,0.14112192392349243,0.11421988904476166,1.1457792520523071,0.08792842924594879,0.10066063702106476,1.193796157836914,-0.22795763611793518,-0.2995969355106354,1.1993438005447388,-0.3637796640396118,-0.29386603832244873,1.1767027378082275,-0.4913073480129242,-0.1345880627632141,1.3082795143127441,-0.4238526225090027,0.01843436062335968,1.1453925371170044,-0.4103616774082184,0.0490388460457325,1.1128151416778564,-0.3833797872066498,0.11024782061576843,1.0476603507995605,-0.3510921001434326,0.09146303683519363,1.1102994680404663,-0.08569807559251785,0.14293447136878967,1.2293944358825684,0.028835132718086243,0.21544286608695984,0.878592848777771,0.07529561966657639,0.501518964767456,0.7119956016540527,0.11550813913345337,0.521238386631012,0.5893726348876953,-0.2593284249305725,0.14769747853279114,1.1974074840545654,-0.2529146075248718,0.23547250032424927,0.8317689895629883,-0.26071274280548096,0.5693943500518799,0.8454858064651489,-0.26045942306518555,0.6570413708686829,0.7487374544143677,-0.1568991243839264,-0.37833064794540405,1.0282175540924072,-0.15161937475204468,-0.422654390335083,0.9890626668930054,-0.12060946226119995,-0.48322078585624695,0.9987767338752747,-0.07963299006223679,-0.5412670969963074,1.111430287361145,-0.19038183987140656,-0.4792608618736267,0.9848856925964355,-0.27732139825820923,-0.5300472378730774,1.0720725059509277,0.0773782730102539,0.5903045535087585,0.6973375082015991,-0.26339656114578247,0.6514859795570374,0.8823075294494629
-0.17364077270030975,0.14742356538772583,1.21824312210083,-0.1755671501159668,-0.0007063895463943481,1.2064176797866821,-0.17929765582084656,-0.14861810207366943,1.192480444908142,-0.18302826583385468,-0.2965342402458191,1.1785428524017334,-0.14298826456069946,-0.2989541292190552,1.1848949193954468,-0.006791248917579651,-0.30444833636283875,1.206748127937317,0.10935664176940918,-0.1765146404504776,1.3770110607147217,0.12957729399204254,0.014157727360725403,1.2441864013671875,0.1336214244365692,0.05229220166802406,1.2176214456558228,0.14170968532562256,0.12856115400791168,1.1644915342330933,0.08860445022583008,0.10914568603038788,1.2104591131210327,-0.22310881316661835,-0.2957220673561096,1.172039270401001,-0.35930582880973816,-0.29022786021232605,1.1501860618591309,-0.4897978901863098,-0.14941444993019104,1.2984771728515625,-0.4281982481479645,0.02472291886806488,1.1560381650924683,-0.4158783257007599,0.059550393372774124,1.1275503635406494,-0.3912384808063507,0.1292053461074829,1.0705747604370117,-0.3580133318901062,0.10376127809286118,1.1302306652069092,-0.0867299884557724,0.14506247639656067,1.23366117477417,0.028911955654621124,0.2206704318523407,0.8844336867332458,0.07359302043914795,0.5079718828201294,0.7203972339630127,0.11423031985759735,0.5289225578308105,0.598310112953186,-0.2605515718460083,0.149784654378891,1.2028250694274902,-0.2597939968109131,0.24627020955085754,0.8398659229278564,-0.2686852514743805,0.579594612121582,0.8560590744018555,-0.2701297402381897,0.6678059697151184,0.7600785493850708,-0.15372520685195923,-0.3679347038269043,0.9995487928390503,-0.14874501526355743,-0.41059982776641846,0.9592792987823486,-0.11778159439563751,-0.4708635210990906,0.9666953086853027,-0.07602381706237793,-0.53189617395401,1.076123833656311,-0.18709862232208252,-0.46666228771209717,0.9536715149879456,-0.27242201566696167,-0.5199925899505615,1.0392231941223145,0.07494094222784042,0.5967554450035095,0.7064141035079956,-0.271167516708374,0.6612989902496338,0.8934502601623535
-0.1745116412639618,0.14754483103752136,1.2214545011520386,-0.17456620931625366,0.0005066096782684326,1.199971079826355,-0.17644929885864258,-0.14619722962379456,1.176386833190918,-0.17833243310451508,-0.29290544986724854,1.1528018712997437,-0.13824009895324707,-0.2952078878879547,1.1588343381881714,-0.0016940683126449585,-0.30033281445503235,1.1798110008239746,0.11173379421234131,-0.18905264139175415,1.3629801273345947,0.13227435946464539,0.017297610640525818,1.2563891410827637,0.13638247549533844,0.05856766179203987,1.2350709438323975,0.14459870755672455,0.14110776782035828,1.192434549331665,0.09108366817235947,0.11561018973588943,1.234765887260437,-0.21844524145126343,-0.292197585105896,1.1465129852294922,-0.35499125719070435,-0.28707265853881836,1.125536322593689,-0.48720884323120117,-0.16367743909358978,1.287067174911499,-0.43271395564079285,0.028057247400283813,1.1661038398742676,-0.4218149781227112,0.06640417873859406,1.1419111490249634,-0.40001702308654785,0.14309805631637573,1.0935258865356445,-0.3654216527938843,0.11187884211540222,1.1495120525360107,-0.08750177919864655,0.14535625278949738,1.2362127304077148,0.029783010482788086,0.22440886497497559,0.8890138864517212,0.07095560431480408,0.5152199864387512,0.7315744161605835,0.11203224956989288,0.5393051505088806,0.6104617714881897,-0.26152151823043823,0.14973340928554535,1.2066962718963623,-0.2682301700115204,0.25549790263175964,0.8470840454101562,-0.27880042791366577,0.5882338285446167,0.8622009754180908,-0.28250566124916077,0.6759212613105774,0.76611328125,-0.1513635516166687,-0.3601222634315491,0.9741525053977966,-0.14689040184020996,-0.40154796838760376,0.9334769248962402,-0.11618724465370178,-0.4612683653831482,0.9393250942230225,-0.07366450130939484,-0.5236705541610718,1.045898675918579,-0.1848805844783783,-0.4568839371204376,0.9273055195808411,-0.26829564571380615,-0.5112480521202087,1.011843204498291,0.07098758965730667,0.6041286587715149,0.7194654941558838,-0.28108876943588257,0.6699166893959045,0.899269163608551
-0.17567084729671478,0.14386418461799622,1.2224606275558472,-0.1729426383972168,-0.00011563301086425781,1.1861382722854614,-0.17189456522464752,-0.14361856877803802,1.1478922367095947,-0.17084646224975586,-0.287125825881958,1.109645128250122,-0.1306850165128708,-0.28913387656211853,1.1151460409164429,0.006281107664108276,-0.2933231294155121,1.1346179246902466,0.11386623978614807,-0.21075032651424408,1.335567593574524,0.14249098300933838,0.01559804379940033,1.2877496480941772,0.14821593463420868,0.06086771935224533,1.2781860828399658,0.15966582298278809,0.15140706300735474,1.259058952331543,0.10382986813783646,0.11718344688415527,1.29091215133667,-0.21099650859832764,-0.2866774797439575,1.1037285327911377,-0.3479626178741455,-0.28248822689056396,1.084256649017334,-0.48150235414505005,-0.18325018882751465,1.260587453842163,-0.4398290514945984,0.02933219075202942,1.1744968891143799,-0.4314943850040436,0.07184866815805435,1.1572787761688232,-0.41482505202293396,0.15688163042068481,1.12284255027771,-0.37759244441986084,0.11847182363271713,1.1722586154937744,-0.08852086216211319,0.1420784592628479,1.236085057258606,0.03718092292547226,0.23614278435707092,0.8971191644668579,0.06653860956430435,0.5487791299819946,0.7891564965248108,0.10841727256774902,0.5935577750205994,0.6748954057693481,-0.262820839881897,0.14564990997314453,1.2088361978530884,-0.2835536599159241,0.26582714915275574,0.855743408203125,-0.29464635252952576,0.5976604223251343,0.8605325222015381,-0.3021502196788788,0.6818965673446655,0.7622344493865967,-0.14844301342964172,-0.352829247713089,0.9355840682983398,-0.14504976570606232,-0.3931756913661957,0.8960281014442444,-0.11529214680194855,-0.4513239562511444,0.9011912941932678,-0.07203633338212967,-0.5119659304618835,1.0040156841278076,-0.182280495762825,-0.44684842228889465,0.8908798098564148,-0.2618366479873657,-0.4992852210998535,0.9747998118400574,0.06236494705080986,0.6380650401115417,0.7912559509277344,-0.29584261775016785,0.6801928281784058,0.8948948979377747
-0.17567084729671478,0.14386418461799622,1.2224606275558472,-0.1729426383972168,-0.00011563301086425781,1.1861382722854614,-0.17189456522464752,-0.14361856877803802,1.1478922367095947,-0.17084646224975586,-0.287125825881958,1.109645128250122,-0.1306850165128708,-0.28913387656211853,1.1151460409164429,0.006281107664108276,-0.2933231294155121,1.1346179246902466,0.11386623978614807,-0.21075032651424408,1.335567593574524,0.14249098300933838,0.01559804379940033,1.2877496480941772,0.14821593463420868,0.06086771935224533,1.2781860828399658,0.15966582298278809,0.15140706300735474,1.259058952331543,0.10382986813783646,0.11718344688415527,1.29091215133667,-0.21099650859832764,-0.2866774797439575,1.1037285327911377,-0.3479626178741455,-0.28248822689056396,1.084256649017334,-0.48150235414505005,-0.18325018882751465,1.260587453842163,-0.4398290514945984,0.02933219075202942,1.1744968891143799,-0.4314943850040436,0.07184866815805435,1.1572787761688232,-0.41482505202293396,0.15688163042068481,1.12284255027771,-0.37759244441986084,0.11847182363271713,1.1722586154937744,-0.08852086216211319,0.1420784592628479,1.236085057258606,0.03718092292547226,0.23614278435707092,0.8971191644668579,0.06653860956430435,0.5487791299819946,0.7891564965248108,0.10841727256774902,0.5935577750205994,0.6748954057693481,-0.262820839881897,0.14564990997314453,1.2088361978530884,-0.2835536599159241,0.26582714915275574,0.855743408203125,-0.29464635252952576,0.5976604223251343,0.8605325222015381,-0.3021502196788788,0.6818965673446655,0.7622344493865967,-0.14844301342964172,-0.352829247713089,0.9355840682983398,-0.14504976570606232,-0.3931756913661957,0.8960281014442444,-0.11529214680194855,-0.4513239562511444,0.9011912941932678,-0.07203633338212967,-0.5119659304618835,1.0040156841278076,-0.182280495762825,-0.44684842228889465,0.8908798098564148,-0.2618366479873657,-0.4992852210998535,0.9747998118400574,0.06236494705080986,0.6380650401115417,0.7912559509277344,-0.29584261775016785,0.6801928281784058,0.8948948979377747
-0.17592410743236542,0.1420104205608368,1.221031665802002,-0.17246295511722565,-0.0004921853542327881,1.1796009540557861,-0.17053042352199554,-0.1424759477376938,1.136330246925354,-0.16859783232212067,-0.2844639718532562,1.0930582284927368,-0.12842971086502075,-0.2863863706588745,1.0983927249908447,0.008620917797088623,-0.29031383991241455,1.1174007654190063,0.11378061771392822,-0.2162146270275116,1.3228650093078613,0.14927715063095093,0.013119369745254517,1.3010181188583374,0.156376451253891,0.05898616835474968,1.2966487407684326,0.1705750674009323,0.1507197618484497,1.287909984588623,0.11309754848480225,0.11476625502109528,1.3144885301589966,-0.20874494314193726,-0.2840847969055176,1.087253451347351,-0.34579557180404663,-0.28015732765197754,1.0682454109191895,-0.47939687967300415,-0.1856463998556137,1.2470837831497192,-0.44091731309890747,0.030814021825790405,1.1696527004241943,-0.43322139978408813,0.0741061121225357,1.1541664600372314,-0.41782957315444946,0.1606902778148651,1.1231939792633057,-0.3799390196800232,0.12082812935113907,1.1709229946136475,-0.08874927461147308,0.14025017619132996,1.2343688011169434,0.04542635381221771,0.2452453374862671,0.9024797677993774,0.06334459781646729,0.5702807903289795,0.8392484188079834,0.10541488230228424,0.6319584846496582,0.7334374189376831,-0.26309895515441895,0.14377066493034363,1.2076945304870605,-0.2897913455963135,0.2683597207069397,0.8570630550384521,-0.30035796761512756,0.599800705909729,0.8554708361625671,-0.3094218969345093,0.6819792985916138,0.7557986974716187,-0.14769963920116425,-0.3528599739074707,0.9226715564727783,-0.14463210105895996,-0.39345866441726685,0.8844893574714661,-0.11527080088853836,-0.4506913721561432,0.8905853629112244,-0.07194110006093979,-0.508362352848053,0.9929218888282776,-0.18139445781707764,-0.4464642107486725,0.8807783722877502,-0.2592914402484894,-0.4963854253292084,0.9651353359222412,0.055293917655944824,0.6580667495727539,0.8534416556358337,-0.30085885524749756,0.6828881502151489,0.8881641626358032
-0.17593644559383392,0.1407320201396942,1.2180206775665283,-0.17224183678627014,-0.0006047934293746948,1.173037052154541,-0.16985033452510834,-0.14139734208583832,1.1262929439544678,-0.16745875775814056,-0.2821941077709198,1.07954740524292,-0.1272936761379242,-0.28409117460250854,1.084756851196289,0.009815141558647156,-0.2879563271999359,1.1034133434295654,0.11299281567335129,-0.21751537919044495,1.3111343383789062,0.15659713745117188,0.011440396308898926,1.3102695941925049,0.16531799733638763,0.05723155289888382,1.3100966215133667,0.18275973200798035,0.1488138735294342,1.3097506761550903,0.1234607994556427,0.11273767054080963,1.3317519426345825,-0.20759785175323486,-0.28182733058929443,1.0738298892974854,-0.344706654548645,-0.27796217799186707,1.055173397064209,-0.47785434126853943,-0.18379391729831696,1.2345044612884521,-0.4396708011627197,0.03358021378517151,1.1595821380615234,-0.43203410506248474,0.07705503702163696,1.1445976495742798,-0.4167606830596924,0.16400468349456787,1.114628791809082,-0.37878796458244324,0.12362902611494064,1.1618493795394897,-0.088732048869133,0.13884791731834412,1.231102705001831,0.05248403549194336,0.25309598445892334,0.9057996273040771,0.05692179873585701,0.58391273021698,0.8908685445785522,0.09774482995271683,0.6619790196418762,0.7961812019348145,-0.26314085721969604,0.1426161229610443,1.2049386501312256,-0.2951083183288574,0.2698172926902771,0.8562057018280029,-0.30417922139167786,0.6008279919624329,0.8505485653877258,-0.3145339787006378,0.6816669702529907,0.7501274347305298,-0.14744162559509277,-0.3544907569885254,0.9133254289627075,-0.14454683661460876,-0.3956221342086792,0.8767980337142944,-0.11554048210382462,-0.45190784335136414,0.8843262195587158,-0.07240057736635208,-0.5058998465538025,0.9867557287216187,-0.18083322048187256,-0.4480178952217102,0.8747714757919312,-0.2573966383934021,-0.49487826228141785,0.9596840143203735,0.044793374836444855,0.6681628823280334,0.917453944683075,-0.30375126004219055,0.6842185854911804,0.8821365237236023
-0.17526817321777344,0.14028966426849365,1.213472843170166,-0.17170926928520203,-0.0003434717655181885,1.1665220260620117,-0.16929924488067627,-0.14042243361473083,1.1178722381591797,-0.16688914597034454,-0.28050559759140015,1.069221019744873,-0.12673822045326233,-0.2824614644050598,1.0743845701217651,0.010400012135505676,-0.286543071269989,1.0929304361343384,0.1119210347533226,-0.21522338688373566,1.3011295795440674,0.1641572117805481,0.011474266648292542,1.314837098121643,0.17460444569587708,0.0568137988448143,1.3175785541534424,0.19549891352653503,0.14749285578727722,1.3230615854263306,0.13433736562728882,0.11255930364131927,1.341484546661377,-0.20701389014720917,-0.28007224202156067,1.0635285377502441,-0.3441521227359772,-0.27599063515663147,1.044982671737671,-0.4764209985733032,-0.1780063360929489,1.2228699922561646,-0.4370744228363037,0.03718312084674835,1.1425352096557617,-0.42920511960983276,0.0802210122346878,1.126468300819397,-0.4134664833545685,0.1662967950105667,1.094334363937378,-0.3756166398525238,0.12685149908065796,1.142417073249817,-0.08804020285606384,0.13817715644836426,1.2264124155044556,0.0588744580745697,0.2597835063934326,0.9064733982086182,0.05374360457062721,0.5904089212417603,0.9231092929840088,0.09367398917675018,0.6782445311546326,0.8370456695556641,-0.26249614357948303,0.14240217208862305,1.2005332708358765,-0.29829877614974976,0.27032268047332764,0.8525568842887878,-0.3050939440727234,0.6012765169143677,0.8462591767311096,-0.3162449300289154,0.6819398403167725,0.7458322644233704,-0.1474102884531021,-0.35723087191581726,0.9075151681900024,-0.1446155309677124,-0.3990001678466797,0.8728008270263672,-0.1159682422876358,-0.45429733395576477,0.8820041418075562,-0.0732073113322258,-0.5042571425437927,0.9847505688667297,-0.18044474720954895,-0.45076262950897217,0.8725602626800537,-0.25589075684547424,-0.4942421615123749,0.9579929113388062,0.038723189383745193,0.6713388562202454,0.9573424458503723,-0.30364200472831726,0.6847066879272461,0.8776355385780334
-0.17397475242614746,0.14042359590530396,1.2075666189193726,-0.17085251212120056,5.7369470596313477e-05,1.1599550247192383,-0.1687697172164917,-0.13976003229618073,1.110700011253357,-0.16668686270713806,-0.27958160638809204,1.061443567276001,-0.126557394862175,-0.281659871339798,1.0666147470474243,0.010587170720100403,-0.28616681694984436,1.0852077007293701,0.11087219417095184,-0.2103874385356903,1.2923656702041626,0.17169010639190674,0.01344241201877594,1.3144062757492065,0.18385368585586548,0.05820837989449501,1.3188143968582153,0.20818085968494415,0.14774031937122345,1.327630639076233,0.14525188505649567,0.11477310955524445,1.3434818983078003,-0.20679369568824768,-0.27902308106422424,1.055737018585205,-0.34393826127052307,-0.27451613545417786,1.0371440649032593,-0.4748953580856323,-0.16914820671081543,1.2116773128509521,-0.4324990510940552,0.04037602245807648,1.1190136671066284,-0.42401978373527527,0.08228086680173874,1.1004809141159058,-0.40706124901771545,0.16609054803848267,1.0634154081344604,-0.3696485757827759,0.12887606024742126,1.1135505437850952,-0.08672364801168442,0.1380082070827484,1.2204092741012573,0.06374946981668472,0.2641657590866089,0.9040209054946899,0.05326849967241287,0.5931999683380127,0.9384404420852661,0.09269946068525314,0.6861414313316345,0.8577268123626709,-0.2612258493900299,0.1428389847278595,1.1947239637374878,-0.2989860773086548,0.2699713706970215,0.8467714190483093,-0.3029463291168213,0.6009250283241272,0.8432955741882324,-0.31424862146377563,0.6825028657913208,0.7436716556549072,-0.14744538068771362,-0.3611513376235962,0.9044219255447388,-0.14470167458057404,-0.40365496277809143,0.8716134428977966,-0.11641786247491837,-0.4579760432243347,0.8826810121536255,-0.0741971954703331,-0.5037026405334473,0.9859777688980103,-0.1801547110080719,-0.45478004217147827,0.8732104301452637,-0.2547849118709564,-0.49464738368988037,0.9591444730758667,0.03663118928670883,0.6718975305557251,0.9768182039260864,-0.30049899220466614,0.6840503215789795,0.8753449320793152
-0.17153525352478027,0.1409953534603119,1.2004454135894775,-0.16903699934482574,0.000515282154083252,1.1532670259475708,-0.16759300231933594,-0.13942964375019073,1.1044814586639404,-0.16614896059036255,-0.2793787717819214,1.0556944608688354,-0.12604670226573944,-0.2816363275051117,1.0609103441238403,0.011065438389778137,-0.2867557406425476,1.0796540975570679,0.11013965308666229,-0.20383258163928986,1.2845714092254639,0.17874646186828613,0.01741921901702881,1.308995008468628,0.1924678236246109,0.06166958063840866,1.3138797283172607,0.21991054713726044,0.15017029643058777,1.3236491680145264,0.15542377531528473,0.11956150084733963,1.337788462638855,-0.20623551309108734,-0.2786422669887543,1.0499482154846191,-0.3433476686477661,-0.27352285385131836,1.0312044620513916,-0.4724668264389038,-0.15656478703022003,1.1995258331298828,-0.4247549772262573,0.04156748950481415,1.0867297649383545,-0.41521260142326355,0.0811939463019371,1.0641705989837646,-0.396127849817276,0.16044685244560242,1.0190521478652954,-0.3595311939716339,0.12729699909687042,1.0725042819976807,-0.084266796708107,0.13824670016765594,1.2132511138916016,0.06779898703098297,0.2659856081008911,0.8985674381256104,0.05348670110106468,0.5936245918273926,0.9416238069534302,0.09233786165714264,0.6890413761138916,0.8637094497680664,-0.25880372524261475,0.14374400675296783,1.1876397132873535,-0.29717883467674255,0.2687200903892517,0.8392500877380371,-0.2983993887901306,0.5994710922241211,0.8421304225921631,-0.3094102740287781,0.6829783916473389,0.7442033886909485,-0.14726737141609192,-0.3660333752632141,0.9032000303268433,-0.1446671336889267,-0.4093519151210785,0.872278094291687,-0.11680884659290314,-0.46283209323883057,0.885263204574585,-0.07514925301074982,-0.5044335126876831,0.9892855882644653,-0.17996598780155182,-0.4598187208175659,0.8757308721542358,-0.2540944814682007,-0.4958955943584442,0.9622772336006165,0.035765551030635834,0.6710320115089417,0.9819473624229431,-0.2951359450817108,0.6818856596946716,0.8757328987121582
-0.16824187338352203,0.14121362566947937,1.192955493927002,-0.16667917370796204,0.0003453195095062256,1.1470234394073486,-0.16626062989234924,-0.14000436663627625,1.0995064973831177,-0.16584207117557526,-0.2803582549095154,1.051988124847412,-0.12577596306800842,-0.2828816771507263,1.0572832822799683,0.011246517300605774,-0.2889033555984497,1.0762763023376465,0.10913536697626114,-0.19632488489151,1.2775750160217285,0.18417716026306152,0.023159682750701904,1.2986189126968384,0.19918552041053772,0.06705659627914429,1.3028277158737183,0.2292022407054901,0.15485042333602905,1.311245322227478,0.16345874965190887,0.1266254186630249,1.3245006799697876,-0.20590364933013916,-0.279360294342041,1.046176552772522,-0.34292614459991455,-0.2733386158943176,1.0271835327148438,-0.46960318088531494,-0.1435001641511917,1.1877110004425049,-0.41565895080566406,0.03932489454746246,1.053873062133789,-0.40487009286880493,0.07588990777730942,1.027105450630188,-0.38329240679740906,0.14901992678642273,0.9735702872276306,-0.3476318120956421,0.12070052325725555,1.0303232669830322,-0.08095862716436386,0.13801489770412445,1.205735206604004,0.07159996777772903,0.2656589150428772,0.891647219657898,0.05477111041545868,0.5922443270683289,0.9392744898796082,0.0930689200758934,0.6889567375183105,0.8628908395767212,-0.2555251121520996,0.1444123536348343,1.18017578125,-0.29393550753593445,0.26662683486938477,0.8311676979064941,-0.2932817339897156,0.5968731045722961,0.8432738184928894,-0.30389469861984253,0.6830663084983826,0.7478140592575073,-0.14674995839595795,-0.3718329668045044,0.9036602973937988,-0.14422652125358582,-0.41594645380973816,0.8744753003120422,-0.11687116324901581,-0.4687390625476837,0.8893803358078003,-0.07619394361972809,-0.5066214203834534,0.9943544268608093,-0.17957082390785217,-0.4657784402370453,0.8794840574264526,-0.2538430094718933,-0.49823296070098877,0.9663150310516357,0.03639555349946022,0.6688686609268188,0.9806114435195923,-0.28952616453170776,0.6782241463661194,0.8791291117668152
-0.16413147747516632,0.14200744032859802,1.184587001800537,-0.16378916800022125,0.0004900544881820679,1.140756368637085,-0.1647287905216217,-0.1405295580625534,1.09535813331604,-0.16566842794418335,-0.28155338764190674,1.04995858669281,-0.12564069032669067,-0.28439462184906006,1.055328369140625,0.011249467730522156,-0.29148948192596436,1.0745338201522827,0.10862964391708374,-0.18554091453552246,1.2693254947662354,0.1884530931711197,0.0331847220659256,1.2730940580368042,0.20441778004169464,0.07692985236644745,1.2738478183746338,0.23634716868400574,0.16442011296749115,1.2753552198410034,0.16982464492321014,0.13886089622974396,1.2899848222732544,-0.205706387758255,-0.28024494647979736,1.0440953969955444,-0.34259653091430664,-0.27315008640289307,1.0248899459838867,-0.4662243723869324,-0.13013161718845367,1.176262617111206,-0.40634703636169434,0.03476595878601074,1.0231273174285889,-0.39437156915664673,0.06774547696113586,0.9925002455711365,-0.3704206347465515,0.1337045133113861,0.9312461614608765,-0.33559414744377136,0.11058029532432556,0.9907854795455933,-0.07683359086513519,0.1382773518562317,1.1973122358322144,0.07486766576766968,0.2635076344013214,0.8822463750839233,0.05615076422691345,0.589455246925354,0.9313904643058777,0.0936712920665741,0.6866664290428162,0.8554575443267822,-0.25142937898635864,0.14573752880096436,1.1718617677688599,-0.28904223442077637,0.26503127813339233,0.8221237659454346,-0.2865366041660309,0.5943373441696167,0.8457565307617188,-0.29647114872932434,0.6837934255599976,0.7534390091896057,-0.14616474509239197,-0.3776479959487915,0.9054425358772278,-0.14369910955429077,-0.42254966497421265,0.8778643608093262,-0.11683844774961472,-0.4747610092163086,0.8946402072906494,-0.07722507417201996,-0.5092101693153381,1.0006871223449707,-0.17921462655067444,-0.47181108593940735,0.8842604756355286,-0.253957599401474,-0.5008519887924194,0.9712778925895691,0.03740495443344116,0.6657007336616516,0.9730827808380127,-0.28238987922668457,0.6742873191833496,0.8844066262245178
-0.15946699678897858,0.1431978940963745,1.1753425598144531,-0.1605064421892166,0.0008140653371810913,1.1345070600509644,-0.1630583554506302,-0.14108906686306,1.092095136642456,-0.16561034321784973,-0.28299644589424133,1.0496819019317627,-0.1256350874900818,-0.2862018346786499,1.055189847946167,0.011045143008232117,-0.29452183842658997,1.0748032331466675,0.1082664504647255,-0.17362982034683228,1.2607307434082031,0.1902194619178772,0.042969539761543274,1.2366349697113037,0.2066100686788559,0.0862894132733345,1.2318158149719238,0.2393912672996521,0.17292916774749756,1.222177505493164,0.1726638674736023,0.1501007229089737,1.239993929862976,-0.20561334490776062,-0.28133338689804077,1.043713092803955,-0.34229356050491333,-0.2730133831501007,1.0240997076034546,-0.46215277910232544,-0.11761654913425446,1.1659499406814575,-0.397731751203537,0.029291510581970215,0.9971893429756165,-0.3848475515842438,0.05867312103509903,0.9634371995925903,-0.35907915234565735,0.11743634939193726,0.8959329724311829,-0.3247341513633728,0.09918307512998581,0.9574012756347656,-0.07217997312545776,0.13888530433177948,1.1881576776504517,0.07748401165008545,0.259242981672287,0.8706302642822266,0.05706057325005531,0.5852103233337402,0.9168388247489929,0.0935889184474945,0.681854248046875,0.8399056792259216,-0.2467540204524994,0.14751048386096954,1.1625274419784546,-0.2826005220413208,0.26263687014579773,0.8115717172622681,-0.2783840596675873,0.5907490253448486,0.8452131152153015,-0.2873818874359131,0.6829459071159363,0.7557041645050049,-0.14543281495571136,-0.38363394141197205,0.9087913036346436,-0.1430075466632843,-0.4293306767940521,0.8827471733093262,-0.11669044196605682,-0.481040894985199,0.9014137387275696,-0.07835334539413452,-0.5122348666191101,1.0086828470230103,-0.17883101105690002,-0.4780486822128296,0.8903769850730896,-0.25441834330558777,-0.5037568807601929,0.9774121046066284,0.038076646625995636,0.6616514921188354,0.9578860402107239,-0.2739792764186859,0.6693874597549438,0.8862632513046265
-0.15453965961933136,0.1448872685432434,1.1657886505126953,-0.15709584951400757,0.001525282859802246,1.1286587715148926,-0.16141274571418762,-0.14137548208236694,1.0899474620819092,-0.16572977602481842,-0.2842805087566376,1.0512350797653198,-0.12581822276115417,-0.2878659963607788,1.0569401979446411,0.010587170720100403,-0.29746031761169434,1.0771459341049194,0.10789483040571213,-0.16229090094566345,1.2529078722000122,0.18850310146808624,0.047657787799835205,1.1926398277282715,0.20462475717067719,0.08964753150939941,1.1805862188339233,0.23686806857585907,0.17362701892852783,1.156479001045227,0.1706175059080124,0.15392941236495972,1.179141879081726,-0.2056882530450821,-0.28224819898605347,1.0451091527938843,-0.34209364652633667,-0.27265387773513794,1.024903416633606,-0.45784202218055725,-0.10632120072841644,1.157446026802063,-0.3890479803085327,0.024274244904518127,0.9773887991905212,-0.3752891719341278,0.05039333552122116,0.9413773417472839,-0.347771555185318,0.10263151675462723,0.8693544268608093,-0.31391799449920654,0.08832331001758575,0.9321234822273254,-0.06728318333625793,0.13996170461177826,1.1787995100021362,0.08047468960285187,0.25454097986221313,0.8584227561950684,0.057476721704006195,0.5806323885917664,0.90152907371521,0.09282806515693665,0.6767896413803101,0.8235273361206055,-0.24179613590240479,0.14981283247470856,1.1527777910232544,-0.27634119987487793,0.26043257117271423,0.8003972768783569,-0.26994380354881287,0.5875080823898315,0.8416690230369568,-0.27804234623908997,0.6817878484725952,0.7543423175811768,-0.14486441016197205,-0.38930466771125793,0.9138144254684448,-0.14251479506492615,-0.4357735514640808,0.8892324566841125,-0.11679697781801224,-0.48704060912132263,0.9097493886947632,-0.07982966303825378,-0.5151641368865967,1.0182654857635498,-0.17875966429710388,-0.483945369720459,0.8979756832122803,-0.25539064407348633,-0.5063943266868591,0.9849066734313965,0.038026951253414154,0.6572771072387695,0.9418984651565552,-0.2651118338108063,0.6651066541671753,0.8845351338386536
-0.14972636103630066,0.14780399203300476,1.1545794010162354,-0.1538185030221939,0.003332987427711487,1.1222649812698364,-0.15993399918079376,-0.14069554209709167,1.0883352756500244,-0.16604967415332794,-0.28472834825515747,1.0544044971466064,-0.12620821595191956,-0.2886466979980469,1.0603433847427368,0.00990837812423706,-0.299350380897522,1.0812458992004395,0.10753975808620453,-0.15174704790115356,1.24648118019104,0.18428277969360352,0.043575674295425415,1.1456929445266724,0.19963137805461884,0.08264021575450897,1.125535249710083,0.23032858967781067,0.16076931357383728,1.0852199792861938,0.16510672867298126,0.14552579820156097,1.1135667562484741,-0.2059575915336609,-0.2823755145072937,1.0480968952178955,-0.3420741856098175,-0.2716718316078186,1.0271943807601929,-0.4547567665576935,-0.09942121803760529,1.15468430519104,-0.3824136555194855,0.023877248167991638,0.9709380269050598,-0.3679450452327728,0.04853694140911102,0.9341887831687927,-0.33900779485702515,0.09785632789134979,0.8606902956962585,-0.30571070313453674,0.08477459847927094,0.9240145683288574,-0.06252507865428925,0.142348974943161,1.1679248809814453,0.08335338532924652,0.24955639243125916,0.8438154458999634,0.05773656815290451,0.5757447481155396,0.8867154717445374,0.09172647446393967,0.6721885204315186,0.8082945346832275,-0.23692764341831207,0.1532590091228485,1.1412339210510254,-0.2690219581127167,0.2564655840396881,0.7860730886459351,-0.2613973915576935,0.5826188325881958,0.8356855511665344,-0.26841920614242554,0.6791881322860718,0.7506465911865234,-0.14473490417003632,-0.39418089389801025,0.9205803275108337,-0.14253538846969604,-0.44141310453414917,0.8974976539611816,-0.11744831502437592,-0.4922075867652893,0.9198669791221619,-0.08177196234464645,-0.5171921253204346,1.0295624732971191,-0.17925937473773956,-0.4889877438545227,0.9073886275291443,-0.2569032907485962,-0.5080692172050476,0.9942071437835693,0.03786766156554222,0.6523262858390808,0.9271557927131653,-0.2565152645111084,0.659146785736084,0.880569338798523
-0.14474007487297058,0.1512199342250824,1.1420800685882568,-0.15049491822719574,0.005731105804443359,1.1153208017349243,-0.15847229957580566,-0.1393437534570694,1.0869338512420654,-0.1664499193429947,-0.28442293405532837,1.0585460662841797,-0.12669923901557922,-0.2886478304862976,1.064771294593811,0.009106278419494629,-0.3003755509853363,1.0865427255630493,0.10714726895093918,-0.14288610219955444,1.242086410522461,0.1794920414686203,0.0334753543138504,1.1084824800491333,0.1939609944820404,0.06874764710664749,1.0817617177963257,0.22289890050888062,0.13929224014282227,1.0283201932907104,0.15880033373832703,0.12895235419273376,1.061078667640686,-0.20628730952739716,-0.2817748785018921,1.052012324333191,-0.3420928120613098,-0.2700471580028534,1.0302408933639526,-0.4517362117767334,-0.09355328977108002,1.1544867753982544,-0.3775007426738739,0.02543046325445175,0.9686936140060425,-0.3626536428928375,0.049227215349674225,0.931535005569458,-0.33295947313308716,0.09682071208953857,0.8572177290916443,-0.2998473644256592,0.08426162600517273,0.9207355976104736,-0.05763255059719086,0.14522987604141235,1.1559144258499146,0.08661788702011108,0.24410781264305115,0.8277444839477539,0.05768079683184624,0.5699836015701294,0.8749282956123352,0.09000781178474426,0.6679137349128723,0.7972970604896545,-0.2318475991487503,0.15720999240875244,1.1282457113265991,-0.2616513967514038,0.25244808197021484,0.7700251340866089,-0.2538808286190033,0.5778635740280151,0.8274974226951599,-0.2601068317890167,0.6765943765640259,0.7445793151855469,-0.14492890238761902,-0.39806705713272095,0.9282783269882202,-0.1429530829191208,-0.4459972679615021,0.906650722026825,-0.11853239685297012,-0.49631625413894653,0.9307762384414673,-0.0840742439031601,-0.5182881951332092,1.0415109395980835,-0.18020114302635193,-0.4929271340370178,0.9176315665245056,-0.2588023841381073,-0.5086856484413147,1.004267692565918,0.037259429693222046,0.6459654569625854,0.9165332913398743,-0.24921530485153198,0.6534250974655151,0.8742942214012146
-0.1394549310207367,0.1537591516971588,1.1285699605941772,-0.14695437252521515,0.007481291890144348,1.1078640222549438,-0.15683875977993011,-0.1384180635213852,1.0855510234832764,-0.16672344505786896,-0.28432178497314453,1.0632374286651611,-0.12707924842834473,-0.28881746530532837,1.06974196434021,0.0083933025598526,-0.30145347118377686,1.0923532247543335,0.10675287246704102,-0.13670343160629272,1.2399736642837524,0.17598673701286316,0.023061424493789673,1.0854772329330444,0.18983350694179535,0.05501439422369003,1.0545779466629028,0.21752704679965973,0.11892033368349075,0.9927793741226196,0.15422943234443665,0.11259795725345612,1.0280230045318604,-0.20647507905960083,-0.28141188621520996,1.0564903020858765,-0.34194761514663696,-0.2687758803367615,1.033879041671753,-0.4481017291545868,-0.08827754855155945,1.1553723812103271,-0.3732905387878418,0.02638896554708481,0.9671114683151245,-0.35832831263542175,0.04932226985692978,0.929459273815155,-0.3284038305282593,0.09518887102603912,0.8541549444198608,-0.2950838804244995,0.08323536068201065,0.917681097984314,-0.05246601998806,0.14726132154464722,1.1429678201675415,0.08940790593624115,0.23897364735603333,0.810612142086029,0.05736801400780678,0.5640896558761597,0.8662890791893005,0.08777518570423126,0.6645121574401855,0.7905307412147522,-0.2264438420534134,0.1602569818496704,1.114172101020813,-0.2552175223827362,0.24893076717853546,0.753189206123352,-0.24756604433059692,0.5737663507461548,0.818382978439331,-0.2534264922142029,0.6746546626091003,0.7375386953353882,-0.14556469023227692,-0.4017897844314575,0.9362419843673706,-0.14396147429943085,-0.4503379762172699,0.9159471988677979,-0.12022946774959564,-0.5002483129501343,0.9416258335113525,-0.08671709150075912,-0.5195260047912598,1.0532042980194092,-0.18179813027381897,-0.4965716600418091,0.9279670715332031,-0.2611616253852844,-0.5091089010238647,1.014504313468933,0.03655232489109039,0.6389874815940857,0.9101008176803589,-0.2430620789527893,0.6484154462814331,0.8670623302459717
-0.1343289464712143,0.15608817338943481,1.115300178527832,-0.1435893476009369,0.009303376078605652,1.1008694171905518,-0.15538793802261353,-0.13713304698467255,1.0848397016525269,-0.1671868860721588,-0.28357386589050293,1.0688095092773438,-0.12765011191368103,-0.2883078455924988,1.0755510330200195,0.0074989646673202515,-0.30174803733825684,1.0988554954528809,0.10649767518043518,-0.13212747871875763,1.2404881715774536,0.17372718453407288,0.015025496482849121,1.0730531215667725,0.18717308342456818,0.04445608705282211,1.039566159248352,0.21406488120555878,0.1033172756433487,0.9725921154022217,0.15132549405097961,0.1000116690993309,1.009246826171875,-0.20685189962387085,-0.28043144941329956,1.0618938207626343,-0.34200096130371094,-0.2669912576675415,1.038589358329773,-0.4441719055175781,-0.08287355303764343,1.1581445932388306,-0.3699209988117218,0.02709750086069107,0.9668294787406921,-0.3550708293914795,0.04909171164035797,0.9285664558410645,-0.3253704607486725,0.09308013319969177,0.8520404100418091,-0.29146963357925415,0.08183925598859787,0.9154052734375,-0.047466620802879333,0.14913909137248993,1.130243182182312,0.09121613204479218,0.23425549268722534,0.7934970855712891,0.056789446622133255,0.5582764744758606,0.8594077825546265,0.08521595597267151,0.6615028381347656,0.7859883904457092,-0.22119127213954926,0.1630372554063797,1.100357174873352,-0.24995814263820648,0.24586033821105957,0.7367798089981079,-0.24236246943473816,0.5703113079071045,0.8088417053222656,-0.24814307689666748,0.6731553673744202,0.7298237681388855,-0.14652955532073975,-0.4046438932418823,0.9449802041053772,-0.14529772102832794,-0.45376044511795044,0.9259684681892395,-0.12216323614120483,-0.5032358765602112,0.9530981183052063,-0.0893687754869461,-0.519889771938324,1.0654007196426392,-0.18366946280002594,-0.4993278980255127,0.9390166401863098,-0.26363644003868103,-0.508817195892334,1.0255032777786255,0.035838380455970764,0.631874680519104,0.9058511257171631,-0.23790371417999268,0.6441802978515625,0.8592016696929932
-0.1252370923757553,0.1585073173046112,1.0917147397994995,-0.13750475645065308,0.01167459785938263,1.0892760753631592,-0.15252533555030823,-0.13486672937870026,1.085236668586731,-0.1675463616847992,-0.28141242265701294,1.0811971426010132,-0.12822994589805603,-0.2864440083503723,1.0883172750473022,0.006304234266281128,-0.30090609192848206,1.1127054691314697,0.10645350068807602,-0.126094788312912,1.2472922801971436,0.17311322689056396,0.005227446556091309,1.0667798519134521,0.1864451766014099,0.03149189427495003,1.030677318572998,0.2131090611219406,0.08402079343795776,0.9584723711013794,0.1507922112941742,0.08467145264148712,0.9960663914680481,-0.20702603459358215,-0.27797365188598633,1.0740331411361694,-0.3415602147579193,-0.2635115683078766,1.049644947052002,-0.43613892793655396,-0.07276147603988647,1.1652812957763672,-0.36555689573287964,0.026856951415538788,0.9668672680854797,-0.3514404892921448,0.04678063839673996,0.9271844625473022,-0.32320767641067505,0.0866280123591423,0.8478188514709473,-0.28753411769866943,0.07739906758069992,0.9105830788612366,-0.03861338645219803,0.15100495517253876,1.1076750755310059,0.09199625998735428,0.2245446741580963,0.76222825050354,0.054756518453359604,0.5452980995178223,0.85037761926651,0.07938362658023834,0.6541739106178284,0.7823655605316162,-0.2118608057498932,0.16600967943668365,1.0757544040679932,-0.2418772429227829,0.24037452042102814,0.7078286409378052,-0.234392449259758,0.5647633671760559,0.7900217771530151,-0.24042265117168427,0.6706194877624512,0.7135744094848633,-0.1482752561569214,-0.40944617986679077,0.9636938571929932,-0.1478922814130783,-0.4596218764781952,0.9472141265869141,-0.1259642243385315,-0.5082034468650818,0.9771589040756226,-0.09441280364990234,-0.5197045207023621,1.0907679796218872,-0.18740637600421906,-0.5037795901298523,0.9622617959976196,-0.26849889755249023,-0.5071702599525452,1.0485594272613525,0.034134235233068466,0.6159240007400513,0.9024314284324646,-0.229887455701828,0.6376075744628906,0.8429019451141357
-0.1252370923757553,0.1585073173046112,1.0917147397994995,-0.13750475645065308,0.01167459785938263,1.0892760753631592,-0.15252533555030823,-0.13486672937870026,1.085236668586731,-0.1675463616847992,-0.28141242265701294,1.0811971426010132,-0.12822994589805603,-0.2864440083503723,1.0883172750473022,0.006304234266281128,-0.30090609192848206,1.1127054691314697,0.10645350068807602,-0.126094788312912,1.2472922801971436,0.17311322689056396,0.005227446556091309,1.0667798519134521,0.1864451766014099,0.03149189427495003,1.030677318572998,0.2131090611219406,0.08402079343795776,0.9584723711013794,0.1507922112941742,0.08467145264148712,0.9960663914680481,-0.20702603459358215,-0.27797365188598633,1.0740331411361694,-0.3415602147579193,-0.2635115683078766,1.049644947052002,-0.43613892793655396,-0.07276147603988647,1.1652812957763672,-0.36555689573287964,0.026856951415538788,0.9668672680854797,-0.3514404892921448,0.04678063839673996,0.9271844625473022,-0.32320767641067505,0.0866280123591423,0.8478188514709473,-0.28753411769866943,0.07739906758069992,0.9105830788612366,-0.03861338645219803,0.15100495517253876,1.1076750755310059,0.09199625998735428,0.2245446741580963,0.76222825050354,0.054756518453359604,0.5452980995178223,0.85037761926651,0.07938362658023834,0.6541739106178284,0.7823655605316162,-0.2118608057498932,0.16600967943668365,1.0757544040679932,-0.2418772429227829,0.24037452042102814,0.7078286409378052,-0.234392449259758,0.5647633671760559,0.7900217771530151,-0.24042265117168427,0.6706194877624512,0.7135744094848633,-0.1482752561569214,-0.40944617986679077,0.9636938571929932,-0.1478922814130783,-0.4596218764781952,0.9472141265869141,-0.1259642243385315,-0.5082034468650818,0.9771589040756226,-0.09441280364990234,-0.5197045207023621,1.0907679796218872,-0.18740637600421906,-0.5037795901298523,0.9622617959976196,-0.26849889755249023,-0.5071702599525452,1.0485594272613525,0.034134235233068466,0.6159240007400513,0.9024314284324646,-0.229887455701828,0.6376075744628906,0.8429019451141357
-0.12167684733867645,0.158736914396286,1.0821254253387451,-0.1350424885749817,0.012264877557754517,1.0850181579589844,-0.15116971731185913,-0.13395173847675323,1.086313247680664,-0.16729742288589478,-0.28017276525497437,1.0876084566116333,-0.12808136641979218,-0.28523823618888855,1.0948621034622192,0.006183430552482605,-0.2998279333114624,1.1196174621582031,0.10605736076831818,-0.12441873550415039,1.2536742687225342,0.17292740941047668,0.004172876477241516,1.0712534189224243,0.18630142509937286,0.029891198500990868,1.0347692966461182,0.21304944157600403,0.08132784068584442,0.9618009328842163,0.15073230862617493,0.08263080567121506,0.9993917942047119,-0.2066887617111206,-0.27669647336006165,1.0803687572479248,-0.3409535586833954,-0.2621067762374878,1.055613398551941,-0.4326508641242981,-0.06790915131568909,1.1678332090377808,-0.3645525574684143,0.02639627456665039,0.9659572839736938,-0.35093289613723755,0.045257359743118286,0.9255821108818054,-0.32369357347488403,0.08297953009605408,0.8448317050933838,-0.28711095452308655,0.07507865130901337,0.9072614908218384,-0.03514954447746277,0.1511625498533249,1.0983933210372925,0.0896545872092247,0.21882571280002594,0.7482775449752808,0.05335090681910515,0.5378891229629517,0.8465587496757507,0.07636815309524536,0.6490845680236816,0.7809498310089111,-0.20820415019989014,0.16631127893924713,1.0658575296401978,-0.23939570784568787,0.2368004024028778,0.6960011124610901,-0.2309378981590271,0.5617072582244873,0.7805152535438538,-0.23698768019676208,0.6684118509292603,0.7045134902000427,-0.14901700615882874,-0.41152018308639526,0.9731480479240417,-0.14910739660263062,-0.46218669414520264,0.957888662815094,-0.12770938873291016,-0.5103224515914917,0.9891458749771118,-0.0964936763048172,-0.519339382648468,1.1033059358596802,-0.1891835331916809,-0.5056362748146057,0.9739503264427185,-0.27067041397094727,-0.5060619115829468,1.0602519512176514,0.03357726335525513,0.6071784496307373,0.9011887907981873,-0.2261020392179489,0.6344413757324219,0.8340205550193787
-0.11906014382839203,0.15878912806510925,1.0741056203842163,-0.13314373791217804,0.01282818615436554,1.0818506479263306,-0.149894580245018,-0.13292548060417175,1.0880316495895386,-0.16664592921733856,-0.27868351340293884,1.0942127704620361,-0.1275002658367157,-0.2836775779724121,1.1014939546585083,0.006587624549865723,-0.2980373799800873,1.1262619495391846,0.10626864433288574,-0.12296319007873535,1.2608991861343384,0.17322573065757751,0.005124896764755249,1.0781561136245728,0.1866171509027481,0.03074251301586628,1.0416074991226196,0.2133999913930893,0.08197774738073349,0.9685102701187134,0.15108375251293182,0.08341728150844574,1.006097674369812,-0.20597365498542786,-0.2752736806869507,1.0869988203048706,-0.3400615453720093,-0.2609138786792755,1.0622308254241943,-0.42979055643081665,-0.0636754184961319,1.1706750392913818,-0.3644469678401947,0.02629869431257248,0.9659320116043091,-0.35137826204299927,0.044293515384197235,0.9249833822250366,-0.325240820646286,0.08028316497802734,0.8430861830711365,-0.28779616951942444,0.07365754246711731,0.9051523208618164,-0.032579317688941956,0.15130853652954102,1.0903854370117188,0.08412904292345047,0.21359939873218536,0.7350523471832275,0.05094977468252182,0.5318014621734619,0.841056227684021,0.07252000272274017,0.6446712613105774,0.7768872976303101,-0.2055409699678421,0.1662697196006775,1.0578258037567139,-0.2391626536846161,0.2330627292394638,0.6861124038696289,-0.22771121561527252,0.5587892532348633,0.7719102501869202,-0.23356087505817413,0.6661656498908997,0.6960248351097107,-0.14986559748649597,-0.4130838215351105,0.9824950098991394,-0.1504851132631302,-0.46419697999954224,0.9683655500411987,-0.12943919003009796,-0.5119210481643677,1.0007436275482178,-0.0979849249124527,-0.5186501741409302,1.1152735948562622,-0.19103726744651794,-0.5069704055786133,0.9855356216430664,-0.27251285314559937,-0.5046234130859375,1.0721843242645264,0.03269994258880615,0.6002455949783325,0.8977804780006409,-0.2219441831111908,0.6315726041793823,0.8258046507835388
-0.11658897250890732,0.1584155261516571,1.0679326057434082,-0.13120773434638977,0.01309804618358612,1.0801153182983398,-0.14829929172992706,-0.13206949830055237,1.0907715559005737,-0.16539135575294495,-0.27724140882492065,1.1014281511306763,-0.1262941211462021,-0.2821209132671356,1.1086176633834839,0.0076952725648880005,-0.2961065471172333,1.1330004930496216,0.10807211697101593,-0.12162725627422333,1.267880916595459,0.17391011118888855,0.006936773657798767,1.0850735902786255,0.18707771599292755,0.032649580389261246,1.0485121011734009,0.21341291069984436,0.0840751975774765,0.9753891825675964,0.15132898092269897,0.08541499078273773,1.0133589506149292,-0.2046743631362915,-0.27393969893455505,1.0943543910980225,-0.3386637568473816,-0.2599540650844574,1.0699715614318848,-0.42715010046958923,-0.05956912040710449,1.17354416847229,-0.36511877179145813,0.026358820497989655,0.9660583734512329,-0.3527125120162964,0.04354441165924072,0.9245612025260925,-0.3278999924659729,0.07791559398174286,0.8415668606758118,-0.2895449995994568,0.07273215800523758,0.9032105207443237,-0.0301058366894722,0.15105250477790833,1.0838813781738281,0.0756882056593895,0.20724104344844818,0.722697377204895,0.04774404317140579,0.5251057744026184,0.8349190950393677,0.06784287095069885,0.6392369866371155,0.7715312242507935,-0.20307210087776184,0.16577854752540588,1.0519838333129883,-0.24093878269195557,0.22809942066669464,0.6785060167312622,-0.22465158998966217,0.555115818977356,0.7634034156799316,-0.23026596009731293,0.6627039909362793,0.6869757175445557,-0.15081001818180084,-0.4141167998313904,0.9918222427368164,-0.15205934643745422,-0.4655819833278656,0.9786057472229004,-0.1312004029750824,-0.5130258202552795,1.011762261390686,-0.09885464608669281,-0.5180023908615112,1.1264042854309082,-0.19299671053886414,-0.5077096223831177,0.996902346611023,-0.2739441692829132,-0.5029398202896118,1.0843011140823364,0.03172971308231354,0.5930169820785522,0.8934556245803833,-0.2173510640859604,0.6282585859298706,0.8171784281730652
-0.11460278928279877,0.15748006105422974,1.0632874965667725,-0.1293231099843979,0.01290823519229889,1.0794062614440918,-0.14627864956855774,-0.13157539069652557,1.0940523147583008,-0.16323469579219818,-0.27606335282325745,1.1086987257003784,-0.12416671961545944,-0.2807481288909912,1.1156442165374756,0.009815596044063568,-0.2940901219844818,1.1391348838806152,0.11184652894735336,-0.12026907503604889,1.2735745906829834,0.17521892488002777,0.009005367755889893,1.090430498123169,0.18789340555667877,0.03486025705933571,1.0538016557693481,0.21324236690998077,0.08657003939151764,0.9805440306663513,0.15167339146137238,0.08774469047784805,1.0193332433700562,-0.20248696208000183,-0.2729489803314209,1.1019126176834106,-0.33646929264068604,-0.2596069872379303,1.078421950340271,-0.4242897927761078,-0.0562703013420105,1.1766047477722168,-0.3650582730770111,0.026559680700302124,0.9670802354812622,-0.3532119691371918,0.04312567412853241,0.9251753091812134,-0.3295193612575531,0.07625766098499298,0.8413655161857605,-0.29046469926834106,0.07231750339269638,0.9026511907577515,-0.02806193381547928,0.1503744274377823,1.0785884857177734,0.06488509476184845,0.20038960874080658,0.7113835215568542,0.04319903254508972,0.5191748738288879,0.8264837265014648,0.06172055006027222,0.633939802646637,0.7626426815986633,-0.20114365220069885,0.16458569467067719,1.0479865074157715,-0.24387036263942719,0.2219078242778778,0.6726616621017456,-0.22160716354846954,0.550605297088623,0.7551522254943848,-0.22681720554828644,0.6581270694732666,0.6776820421218872,-0.1513250768184662,-0.4150330424308777,1.0008471012115479,-0.15318772196769714,-0.4667907953262329,0.988436758518219,-0.13219839334487915,-0.5139789581298828,1.0221033096313477,-0.09817801415920258,-0.517440915107727,1.136567234992981,-0.19428230822086334,-0.5083670020103455,1.0080164670944214,-0.2740824222564697,-0.5015403628349304,1.0966545343399048,0.029796507209539413,0.5871816277503967,0.8861308097839355,-0.21244941651821136,0.6243305206298828,0.8084724545478821
-0.11293002963066101,0.15623739361763,1.060029149055481,-0.1271767020225525,0.012439414858818054,1.079484462738037,-0.14337021112442017,-0.13133615255355835,1.0975313186645508,-0.15956419706344604,-0.2751160264015198,1.1155786514282227,-0.1204984039068222,-0.27950340509414673,1.1220810413360596,0.013595104217529297,-0.2918533384799957,1.1440143585205078,0.11824453622102737,-0.11705681681632996,1.2751004695892334,0.17740768194198608,0.009703770279884338,1.0888407230377197,0.18924030661582947,0.035055890679359436,1.051588773727417,0.21290557086467743,0.08576013147830963,0.9770848751068115,0.15223844349384308,0.08746727555990219,1.0172405242919922,-0.1988060176372528,-0.2722913324832916,1.1092724800109863,-0.3328995108604431,-0.2599413990974426,1.087339162826538,-0.420414537191391,-0.053815022110939026,1.1797617673873901,-0.3644413352012634,0.02653910219669342,0.9684056043624878,-0.35324668884277344,0.04260993003845215,0.9261343479156494,-0.33085739612579346,0.0747515857219696,0.8415918946266174,-0.2910362482070923,0.07201047241687775,0.9024413228034973,-0.026280827820301056,0.1495915800333023,1.0743598937988281,0.05223467946052551,0.19389577209949493,0.7018707394599915,0.03615604713559151,0.5143951177597046,0.8162017464637756,0.05251077190041542,0.629073441028595,0.7507874965667725,-0.19957923889160156,0.1628832072019577,1.0456984043121338,-0.24829699099063873,0.21493695676326752,0.6691446900367737,-0.22176340222358704,0.5454610586166382,0.7472453117370605,-0.22736404836177826,0.652353823184967,0.6682504415512085,-0.15127505362033844,-0.4155068099498749,1.0089304447174072,-0.1538185179233551,-0.46743810176849365,0.9971398115158081,-0.13234387338161469,-0.5144577622413635,1.0308552980422974,-0.0955517366528511,-0.5169115662574768,1.1446176767349243,-0.1947735846042633,-0.5085253715515137,1.0181937217712402,-0.2724359333515167,-0.5001031160354614,1.1087430715560913,0.025344926863908768,0.5830021500587463,0.8761168718338013,-0.21105198562145233,0.6200048327445984,0.7996104955673218
-0.11155113577842712,0.15445619821548462,1.0571424961090088,-0.12486746162176132,0.011419951915740967,1.0798264741897583,-0.13982735574245453,-0.1316545158624649,1.1012076139450073,-0.15478768944740295,-0.2747332453727722,1.122589349746704,-0.11568740010261536,-0.2787451148033142,1.1284773349761963,0.01859666407108307,-0.2898297905921936,1.1482584476470947,0.1265994906425476,-0.11247856914997101,1.2730387449264526,0.17960608005523682,0.00899166613817215,1.0814772844314575,0.19020739197731018,0.0332857146859169,1.0431649684906006,0.2114100307226181,0.0818738117814064,0.9665403962135315,0.15204882621765137,0.08467701077461243,1.0085430145263672,-0.19405058026313782,-0.27227652072906494,1.116933822631836,-0.32833462953567505,-0.26119184494018555,1.0971527099609375,-0.4153123199939728,-0.05262431502342224,1.1844604015350342,-0.3651691973209381,0.0264492928981781,0.9711682200431824,-0.3551405668258667,0.04226401448249817,0.9285097718238831,-0.3350833058357239,0.0738934576511383,0.8431928753852844,-0.2938608229160309,0.07221432030200958,0.9031405448913574,-0.024756453931331635,0.14843124151229858,1.0701030492782593,0.03737048804759979,0.18893322348594666,0.6925310492515564,0.028827637434005737,0.5126664638519287,0.8025768995285034,0.043097347021102905,0.6265867948532104,0.7343205213546753,-0.19834581017494202,0.16048115491867065,1.0441819429397583,-0.2529360353946686,0.207345649600029,0.6661814451217651,-0.22125723958015442,0.5396459102630615,0.7407416105270386,-0.22694042325019836,0.6462202072143555,0.6604295969009399,-0.15061594545841217,-0.41655558347702026,1.017443060874939,-0.1538533866405487,-0.4686377942562103,1.0063766241073608,-0.1316736787557602,-0.5154132843017578,1.040037989616394,-0.09148256480693817,-0.5167251825332642,1.1527340412139893,-0.1944495439529419,-0.5092016458511353,1.0291690826416016,-0.26934751868247986,-0.49912571907043457,1.121938705444336,0.02122345007956028,0.5826041102409363,0.8620109558105469,-0.20880325138568878,0.6148878931999207,0.7923656702041626
-0.11088116466999054,0.15189296007156372,1.055701494216919,-0.1229189783334732,0.009567856788635254,1.0813642740249634,-0.13627232611179352,-0.1328549087047577,1.1058052778244019,-0.14962607622146606,-0.27528196573257446,1.1302469968795776,-0.1104690432548523,-0.27887147665023804,1.1354061365127563,0.024039074778556824,-0.2885252833366394,1.1526399850845337,0.13528746366500854,-0.10839638113975525,1.2703887224197388,0.18160437047481537,0.006758511066436768,1.073274850845337,0.19086775183677673,0.02978949062526226,1.0338521003723145,0.20939451456069946,0.0758514478802681,0.9550065398216248,0.15146741271018982,0.07997873425483704,0.9988604784011841,-0.1889282464981079,-0.2732403874397278,1.1253535747528076,-0.3234363794326782,-0.2635865807533264,1.1081197261810303,-0.4092220664024353,-0.052760303020477295,1.191068410873413,-0.36616382002830505,0.02611977607011795,0.9761644005775452,-0.357552170753479,0.041895791888237,0.9331836104393005,-0.3403288722038269,0.0734478235244751,0.8472220301628113,-0.2973787784576416,0.07245311141014099,0.9059591889381409,-0.023935288190841675,0.14656752347946167,1.0669511556625366,0.019236639142036438,0.1822679191827774,0.6846368312835693,0.018996402621269226,0.5090879797935486,0.7902590036392212,0.03071238473057747,0.6222798824310303,0.7192634344100952,-0.1978270411491394,0.15721839666366577,1.0444518327713013,-0.259185254573822,0.19872072339057922,0.6652219295501709,-0.22110849618911743,0.5328316688537598,0.7351323366165161,-0.2267589122056961,0.6388860940933228,0.6532142162322998,-0.14943960309028625,-0.4179787039756775,1.0261300802230835,-0.1532478928565979,-0.47014495730400085,1.015587568283081,-0.13017697632312775,-0.516762912273407,1.0488957166671753,-0.08635567873716354,-0.5173654556274414,1.1602694988250732,-0.1932617574930191,-0.5103617310523987,1.040009617805481,-0.26509591937065125,-0.49922874569892883,1.1350921392440796,0.015010996721684933,0.5802973508834839,0.8491315841674805,-0.20653276145458221,0.6088505387306213,0.7857418656349182
-0.11106428503990173,0.14940595626831055,1.0549542903900146,-0.12151654064655304,0.007745683193206787,1.08327054977417,-0.1329205334186554,-0.1340659260749817,1.1104388236999512,-0.1443248689174652,-0.2758817672729492,1.1376078128814697,-0.10510846972465515,-0.27900344133377075,1.1419711112976074,0.02963075041770935,-0.2870682179927826,1.1564322710037231,0.14443494379520416,-0.10405254364013672,1.2660775184631348,0.1824946403503418,0.00499676913022995,1.0637702941894531,0.1901065856218338,0.026806632056832314,1.0233088731765747,0.20533046126365662,0.07042635977268219,0.9423859715461731,0.14916110038757324,0.07577770203351974,0.9883530139923096,-0.1836652159690857,-0.2743014693260193,1.1335399150848389,-0.3184044361114502,-0.26623669266700745,1.1190787553787231,-0.40203580260276794,-0.05328218638896942,1.198784351348877,-0.3674715459346771,0.026375912129878998,0.9826167225837708,-0.3605586886405945,0.0423075333237648,0.9393832087516785,-0.3467330038547516,0.07417077571153641,0.8529161810874939,-0.30167314410209656,0.07344253361225128,0.9100623726844788,-0.02398437261581421,0.14484558999538422,1.0642831325531006,-0.0011297669261693954,0.176871657371521,0.6785265207290649,0.0077323270961642265,0.5049152970314026,0.783924400806427,0.016812764108181,0.6183180809020996,0.711991548538208,-0.19814419746398926,0.15396632254123688,1.0456254482269287,-0.2667153775691986,0.1900431364774704,0.6656877994537354,-0.2220655381679535,0.5256361961364746,0.7303683757781982,-0.2277464121580124,0.6309983730316162,0.6468008756637573,-0.14790356159210205,-0.4193802773952484,1.0346192121505737,-0.15224884450435638,-0.47161462903022766,1.024597406387329,-0.12836527824401855,-0.5180869102478027,1.057550072669983,-0.08116913586854935,-0.5180404782295227,1.167555809020996,-0.1916729211807251,-0.5114749670028687,1.0505372285842896,-0.26054078340530396,-0.4993066191673279,1.1476858854293823,0.007659546099603176,0.5764622688293457,0.8430346250534058,-0.20528863370418549,0.6023797988891602,0.7797844409942627
-0.11193201690912247,0.14712977409362793,1.0551303625106812,-0.1205514594912529,0.006052300333976746,1.0857499837875366,-0.12972012162208557,-0.13522250950336456,1.1152807474136353,-0.13888905942440033,-0.27650153636932373,1.1448124647140503,-0.09961192309856415,-0.27911967039108276,1.1483310461044312,0.03531965613365173,-0.2854682505130768,1.1598528623580933,0.15369533002376556,-0.10030564665794373,1.2619338035583496,0.18298295140266418,0.00337904691696167,1.0553417205810547,0.18884047865867615,0.02411598712205887,1.0140233039855957,0.20055553317070007,0.06558986753225327,0.9313864707946777,0.14630915224552155,0.07204605638980865,0.979492723941803,-0.17826586961746216,-0.2754189372062683,1.1416147947311401,-0.31319743394851685,-0.2690703570842743,1.130092978477478,-0.3943319618701935,-0.05420894920825958,1.2073606252670288,-0.36914291977882385,0.027133271098136902,0.9904792308807373,-0.36410510540008545,0.04340171441435814,0.947102963924408,-0.35402947664260864,0.07593859732151031,0.8603504300117493,-0.30667445063591003,0.07517492026090622,0.9156268239021301,-0.02475178986787796,0.14337599277496338,1.0623764991760254,-0.023468123748898506,0.17281964421272278,0.6742998361587524,-0.004888962954282761,0.5016104578971863,0.7802859544754028,0.0014457562938332558,0.6155592203140259,0.7079879641532898,-0.19911223649978638,0.15088355541229248,1.047884225845337,-0.275805801153183,0.18137037754058838,0.6675413846969604,-0.22476480901241302,0.5182731747627258,0.7273159027099609,-0.23073261976242065,0.6230760812759399,0.6422736048698425,-0.14589956402778625,-0.4204084873199463,1.0425621271133423,-0.1506979614496231,-0.472670316696167,1.032886266708374,-0.12601663172245026,-0.5190883874893188,1.065327763557434,-0.07565509527921677,-0.5187509655952454,1.1739248037338257,-0.18948176503181458,-0.5122974514961243,1.0601215362548828,-0.25547295808792114,-0.4995100498199463,1.159173846244812,-0.0008074822835624218,0.5732244849205017,0.839713990688324,-0.2057618796825409,0.5956398248672485,0.7755881547927856
-0.11404309421777725,0.14634478092193604,1.0571558475494385,-0.120096854865551,0.005598485469818115,1.0892711877822876,-0.12647224962711334,-0.13537859916687012,1.1202932596206665,-0.1328478306531906,-0.2763599157333374,1.1513162851333618,-0.09349717944860458,-0.2783787250518799,1.1538864374160767,0.041617490351200104,-0.2826760411262512,1.1621252298355103,0.1639624834060669,-0.09580940008163452,1.2561533451080322,0.18338261544704437,0.001745179295539856,1.0454308986663818,0.18726664781570435,0.0212560947984457,1.003286361694336,0.1950346976518631,0.060277923941612244,0.9189973473548889,0.14306485652923584,0.06810999661684036,0.9693688154220581,-0.17226779460906982,-0.27587342262268066,1.1490832567214966,-0.3073824644088745,-0.2715761065483093,1.140844464302063,-0.38629189133644104,-0.055721476674079895,1.2177132368087769,-0.3702443838119507,0.02791045606136322,1.0008118152618408,-0.3670348823070526,0.044636841863393784,0.9574315547943115,-0.36061587929725647,0.07808960974216461,0.8706710338592529,-0.3110916018486023,0.07709190249443054,0.9240174293518066,-0.026785485446453094,0.14374355971813202,1.062204122543335,-0.04610186442732811,0.16990461945533752,0.67348712682724,-0.021402724087238312,0.49975231289863586,0.7774794101715088,-0.018711606040596962,0.6137109994888306,0.7044018507003784,-0.201300710439682,0.14894600212574005,1.052107572555542,-0.2894384562969208,0.17445969581604004,0.6729779839515686,-0.23558785021305084,0.5125990509986877,0.7276207208633423,-0.24378611147403717,0.6167170405387878,0.641444206237793,-0.14370661973953247,-0.42022454738616943,1.0492897033691406,-0.1489950716495514,-0.4724753201007843,1.0397592782974243,-0.12340492010116577,-0.5189960598945618,1.0713590383529663,-0.06947536021471024,-0.5188703536987305,1.178252935409546,-0.18699565529823303,-0.5119932889938354,1.0682525634765625,-0.24964913725852966,-0.4990290403366089,1.169451355934143,-0.014066716656088829,0.5717152953147888,0.8365026712417603,-0.21490488946437836,0.590606153011322,0.7745604515075684
-0.11365104466676712,0.1486455798149109,1.0737056732177734,-0.11820410192012787,0.007237926125526428,1.102571964263916,-0.12282784283161163,-0.13437792658805847,1.1303871870040894,-0.12745171785354614,-0.2759980261325836,1.1582032442092896,-0.08806060254573822,-0.2777908146381378,1.1596972942352295,0.04714775085449219,-0.2813005745410919,1.1643036603927612,0.1738886833190918,-0.09680309891700745,1.2572797536849976,0.1838417798280716,0.0010470524430274963,1.045994758605957,0.18583239614963531,0.020617084577679634,1.0037378072738647,0.18981362879276276,0.05975715070962906,0.9192238450050354,0.1402146816253662,0.06761961430311203,0.9719426035881042,-0.1668930947780609,-0.2757444679737091,1.1570115089416504,-0.3021014332771301,-0.272234708070755,1.1524051427841187,-0.3770662546157837,-0.05787903070449829,1.2371344566345215,-0.3697652518749237,0.03500955551862717,1.0235146284103394,-0.3683050572872162,0.05358727276325226,0.9807906746864319,-0.36538466811180115,0.09074270725250244,0.8953427076339722,-0.3136970102787018,0.08741312474012375,0.9465135335922241,-0.026391759514808655,0.14637237787246704,1.0763332843780518,-0.06495049595832825,0.18555690348148346,0.6889556646347046,-0.03122616931796074,0.5124585628509521,0.8027663826942444,-0.030890602618455887,0.6291292905807495,0.7332434058189392,-0.20091032981872559,0.15091878175735474,1.0710780620574951,-0.30038851499557495,0.18514743447303772,0.6942278146743774,-0.24335245788097382,0.5223692655563354,0.7573407292366028,-0.25358134508132935,0.62931889295578,0.6742578148841858,-0.14350293576717377,-0.4167148470878601,1.0522505044937134,-0.14965051412582397,-0.4686533510684967,1.0413392782211304,-0.1233227550983429,-0.516379714012146,1.0705628395080566,-0.06539130955934525,-0.5199824571609497,1.1754125356674194,-0.18697646260261536,-0.5087396502494812,1.0700592994689941,-0.24574345350265503,-0.49833568930625916,1.1739856004714966,-0.020096581429243088,0.5825355052947998,0.8638775944709778,-0.220930814743042,0.5991266369819641,0.8060726523399353
-0.11403030902147293,0.15071746706962585,1.0877636671066284,-0.1165972352027893,0.008820518851280212,1.113774061203003,-0.11917508393526077,-0.13326364755630493,1.1387404203414917,-0.12175300717353821,-0.2753520607948303,1.1637074947357178,-0.0823521688580513,-0.276776522397995,1.164200782775879,0.052875302731990814,-0.27901434898376465,1.165427803993225,0.183132141828537,-0.09565131366252899,1.2558965682983398,0.1835302710533142,0.0006714388728141785,1.0436204671859741,0.18360990285873413,0.019935989752411842,1.0011652708053589,0.18376915156841278,0.05846509337425232,0.9162548184394836,0.13651329278945923,0.06661871820688248,0.9710628390312195,-0.16118186712265015,-0.2754719853401184,1.1634855270385742,-0.29640933871269226,-0.27323415875434875,1.162258505821228,-0.3679598867893219,-0.06094460189342499,1.254925012588501,-0.3684430420398712,0.040176570415496826,1.0448925495147705,-0.3685396611690521,0.06040080636739731,1.0028860569000244,-0.36873292922973633,0.10084927082061768,0.9188730716705322,-0.315184623003006,0.09555623680353165,0.9679452776908875,-0.026832319796085358,0.14920450747013092,1.0881153345108032,-0.08328400552272797,0.20103783905506134,0.703410267829895,-0.04398244991898537,0.525018036365509,0.8261686563491821,-0.046760573983192444,0.6441402435302734,0.7602692246437073,-0.2012282907962799,0.1522304266691208,1.0874119997024536,-0.3139854073524475,0.1939808577299118,0.7140299081802368,-0.25621557235717773,0.5306310057640076,0.7840778827667236,-0.2697433829307556,0.639904797077179,0.7039729356765747,-0.1424519419670105,-0.41373974084854126,1.0550404787063599,-0.14928437769412994,-0.4654693305492401,1.0431557893753052,-0.12212004512548447,-0.5140564441680908,1.0703401565551758,-0.060318723320961,-0.5203513503074646,1.1730575561523438,-0.18581253290176392,-0.5061047077178955,1.0723457336425781,-0.2407807856798172,-0.49782150983810425,1.1787402629852295,-0.029955890029668808,0.5933040380477905,0.8890545964241028,-0.2324496954679489,0.6064231395721436,0.8341288566589355
-0.11467964202165604,0.15189000964164734,1.0984467267990112,-0.11485760658979416,0.009678244590759277,1.1224278211593628,-0.11513585597276688,-0.13269482553005219,1.1454310417175293,-0.11541411280632019,-0.2750721573829651,1.168434977531433,-0.07601812481880188,-0.27603697776794434,1.1678539514541626,0.05915597081184387,-0.27669253945350647,1.1654316186904907,0.19206275045871735,-0.09292241930961609,1.251430869102478,0.18107835948467255,0.0005528554320335388,1.0380420684814453,0.1788814812898636,0.019247910007834435,0.9953643083572388,0.17448772490024567,0.05663801729679108,0.9100087881088257,0.12987777590751648,0.06510010361671448,0.966992199420929,-0.15481312572956085,-0.2756548523902893,1.1692659854888916,-0.2899872064590454,-0.2749992907047272,1.1716883182525635,-0.35821595788002014,-0.06462915241718292,1.2712913751602173,-0.36694419384002686,0.04307340830564499,1.0646103620529175,-0.3686898350715637,0.06461392343044281,1.0232741832733154,-0.37218114733695984,0.10769494622945786,0.9406017661094666,-0.31673914194107056,0.10098434239625931,0.9873982667922974,-0.027607738971710205,0.15144020318984985,1.0964255332946777,-0.10068637132644653,0.2172248810529709,0.7154127955436707,-0.055991750210523605,0.5372331738471985,0.8493490219116211,-0.06156274676322937,0.6592104434967041,0.7881311178207397,-0.20175154507160187,0.15233981609344482,1.1004679203033447,-0.3317776918411255,0.20171955227851868,0.7323732376098633,-0.3015926778316498,0.5425929427146912,0.8047336339950562,-0.32798609137535095,0.6512962579727173,0.7263492941856384,-0.1410515457391739,-0.4119887351989746,1.058150053024292,-0.14858247339725494,-0.46364039182662964,1.0456792116165161,-0.12047701328992844,-0.5128950476646423,1.071045160293579,-0.05448033660650253,-0.5210947394371033,1.171388864517212,-0.18418654799461365,-0.5047363638877869,1.0757265090942383,-0.2349906861782074,-0.4979783594608307,1.1846528053283691,-0.03923654556274414,0.6032434701919556,0.9144003987312317,-0.2827332019805908,0.6199829578399658,0.8549818992614746
-0.11613509804010391,0.15025147795677185,1.1096988916397095,-0.11071968823671341,0.008005529642105103,1.1319292783737183,-0.1058008149266243,-0.1343911588191986,1.153293251991272,-0.10088180005550385,-0.27679210901260376,1.1746578216552734,-0.06164275109767914,-0.2767144739627838,1.1714211702346802,0.07297389209270477,-0.27379125356674194,1.1599109172821045,0.20830492675304413,-0.08547185361385345,1.2333942651748657,0.1736743003129959,0.0034938156604766846,1.0198534727096558,0.16674818098545074,0.02128695137798786,0.9771453142166138,0.15289592742919922,0.056873224675655365,0.8917289972305298,0.11360454559326172,0.06513305008411407,0.9527866244316101,-0.14006736874580383,-0.2784174680709839,1.1781268119812012,-0.27468401193618774,-0.28134068846702576,1.1896370649337769,-0.33365312218666077,-0.0730506032705307,1.3006161451339722,-0.3609165549278259,0.044031187891960144,1.099961280822754,-0.36636924743652344,0.06744754314422607,1.0598303079605103,-0.37727463245391846,0.11428026109933853,0.979568362236023,-0.31765320897102356,0.10555405169725418,1.0209109783172607,-0.029607445001602173,0.15234147012233734,1.1019936800003052,-0.13497596979141235,0.24120914936065674,0.7304602861404419,-0.08582673221826553,0.5604527592658997,0.8709825277328491,-0.09913168102502823,0.684844434261322,0.8137839436531067,-0.20266275107860565,0.14816148579120636,1.1174041032791138,-0.37349891662597656,0.2083158791065216,0.7649363279342651,-0.38945168256759644,0.553132176399231,0.8351211547851562,-0.4390416145324707,0.6563195586204529,0.7588636875152588,-0.139227956533432,-0.4120748043060303,1.0636813640594482,-0.14850135147571564,-0.46380242705345154,1.0507988929748535,-0.11806488037109375,-0.5142004489898682,1.0721712112426758,-0.041461601853370667,-0.525183916091919,1.165671706199646,-0.18139463663101196,-0.505723237991333,1.0837199687957764,-0.2208959013223648,-0.5011651515960693,1.1983929872512817,-0.06500867009162903,0.6254034042358398,0.9368894696235657,-0.3782392740249634,0.6336751580238342,0.883935272693634
-0.11613509804010391,0.15025147795677185,1.1096988916397095,-0.11071968823671341,0.008005529642105103,1.1319292783737183,-0.1058008149266243,-0.1343911588191986,1.153293251991272,-0.10088180005550385,-0.27679210901260376,1.1746578216552734,-0.06164275109767914,-0.2767144739627838,1.1714211702346802,0.07297389209270477,-0.27379125356674194,1.1599109172821045,0.20830492675304413,-0.08547185361385345,1.2333942651748657,0.1736743003129959,0.0034938156604766846,1.0198534727096558,0.16674818098545074,0.02128695137798786,0.9771453142166138,0.15289592742919922,0.056873224675655365,0.8917289972305298,0.11360454559326172,0.06513305008411407,0.9527866244316101,-0.14006736874580383,-0.2784174680709839,1.1781268119812012,-0.27468401193618774,-0.28134068846702576,1.1896370649337769,-0.33365312218666077,-0.0730506032705307,1.3006161451339722,-0.3609165549278259,0.044031187891960144,1.099961280822754,-0.36636924743652344,0.06744754314422607,1.0598303079605103,-0.37727463245391846,0.11428026109933853,0.979568362236023,-0.31765320897102356,0.10555405169725418,1.0209109783172607,-0.029607445001602173,0.15234147012233734,1.1019936800003052,-0.13497596979141235,0.24120914936065674,0.7304602861404419,-0.08582673221826553,0.5604527592658997,0.8709825277328491,-0.09913168102502823,0.684844434261322,0.8137839436531067,-0.20266275107860565,0.14816148579120636,1.1174041032791138,-0.37349891662597656,0.2083158791065216,0.7649363279342651,-0.38945168256759644,0.553132176399231,0.8351211547851562,-0.4390416145324707,0.6563195586204529,0.7588636875152588,-0.139227956533432,-0.4120748043060303,1.0636813640594482,-0.14850135147571564,-0.46380242705345154,1.0507988929748535,-0.11806488037109375,-0.5142004489898682,1.0721712112426758,-0.041461601853370667,-0.525183916091919,1.165671706199646,-0.18139463663101196,-0.505723237991333,1.0837199687957764,-0.2208959013223648,-0.5011651515960693,1.1983929872512817,-0.06500867009162903,0.6254034042358398,0.9368894696235657,-0.3782392740249634,0.6336751580238342,0.883935272693634
-0.11687222123146057,0.14757037162780762,1.1121094226837158,-0.10835976153612137,0.005575776100158691,1.1342536211013794,-0.10068029910326004,-0.13658565282821655,1.1556181907653809,-0.09300060570240021,-0.27875131368637085,1.1769834756851196,-0.05396024137735367,-0.27815988659858704,1.1721580028533936,0.08001666516065598,-0.2734738290309906,1.155181646347046,0.21584081649780273,-0.08187386393547058,1.2204612493515015,0.1689029484987259,0.006213828921318054,1.008388876914978,0.159515380859375,0.02383136935532093,0.9659743905067444,0.14074023067951202,0.05906645208597183,0.8811454176902771,0.10438203066587448,0.06683552265167236,0.9442295432090759,-0.1319575011730194,-0.2808879613876343,1.182041049003601,-0.26593440771102905,-0.2855740189552307,1.1990174055099487,-0.3185524344444275,-0.07748572528362274,1.3145629167556763,-0.3569588363170624,0.04337690770626068,1.1174474954605103,-0.36464011669158936,0.0675494372844696,1.0780243873596191,-0.3800026774406433,0.11589449644088745,0.9991782307624817,-0.3180266320705414,0.10634621232748032,1.036989450454712,-0.030827991664409637,0.1509954333305359,1.1009955406188965,-0.15059849619865417,0.2483014464378357,0.7349509000778198,-0.10215657949447632,0.5689033269882202,0.8747752904891968,-0.11982067674398422,0.6934407353401184,0.8182723522186279,-0.2029164433479309,0.14414530992507935,1.1232233047485352,-0.39710575342178345,0.20739373564720154,0.782500147819519,-0.42563697695732117,0.5525742769241333,0.8511986136436462,-0.48433223366737366,0.652813732624054,0.7768945097923279,-0.1389356255531311,-0.41374629735946655,1.0671138763427734,-0.14922243356704712,-0.4656035006046295,1.0543988943099976,-0.11750812083482742,-0.5164964199066162,1.073530912399292,-0.03479190170764923,-0.5284591913223267,1.1623659133911133,-0.18026363849639893,-0.5078872442245483,1.0891903638839722,-0.21259921789169312,-0.5040667057037354,1.2067341804504395,-0.0801212415099144,0.6342581510543823,0.9402177333831787,-0.4155822992324829,0.6342213153839111,0.8988661170005798
-0.11783616244792938,0.14431354403495789,1.11116361618042,-0.10624971240758896,0.002688467502593994,1.1337313652038574,-0.09578009694814682,-0.13912621140480042,1.1556448936462402,-0.08531016856431961,-0.2809451222419739,1.1775590181350708,-0.046548910439014435,-0.27988332509994507,1.1710456609725952,0.08645794540643692,-0.27358585596084595,1.1482534408569336,0.22265368700027466,-0.07901765406131744,1.2043240070343018,0.16364675760269165,0.009542100131511688,0.9952003955841064,0.15184536576271057,0.027254052460193634,0.9533756971359253,0.1282425969839096,0.06267795711755753,0.8697262406349182,0.09509935230016708,0.06974783539772034,0.9347273111343384,-0.12395763397216797,-0.28354835510253906,1.1843105554580688,-0.2569645047187805,-0.2898458242416382,1.2071027755737305,-0.3013891875743866,-0.07900017499923706,1.3216477632522583,-0.35019180178642273,0.04145423322916031,1.1262855529785156,-0.35995233058929443,0.06554511189460754,1.087213158607483,-0.37947338819503784,0.11372687667608261,1.009068250656128,-0.3154086470603943,0.10372737795114517,1.0432634353637695,-0.03244742751121521,0.14895719289779663,1.0964659452438354,-0.16719241440296173,0.2539675533771515,0.7370913028717041,-0.11934531480073929,0.575692892074585,0.8760390877723694,-0.1414528787136078,0.7001953721046448,0.8204638361930847,-0.20322489738464355,0.13966989517211914,1.1258612871170044,-0.41991791129112244,0.20497429370880127,0.7985800504684448,-0.4536324143409729,0.5503623485565186,0.8669428825378418,-0.5193889737129211,0.6486285328865051,0.7955422401428223,-0.13870662450790405,-0.4161725640296936,1.0698165893554688,-0.14988654851913452,-0.4682459533214569,1.0575222969055176,-0.11682961136102676,-0.5194909572601318,1.0743986368179321,-0.027988485991954803,-0.5319057703018188,1.1579835414886475,-0.17873869836330414,-0.5108964443206787,1.0942933559417725,-0.20339757204055786,-0.5075545907020569,1.214352011680603,-0.09602709114551544,0.641433835029602,0.9408801198005676,-0.4429517388343811,0.632736325263977,0.913530707359314
-0.11899043619632721,0.14074912667274475,1.1082360744476318,-0.10428651422262192,-0.00041760504245758057,1.1316723823547363,-0.09089809656143188,-0.14179982244968414,1.154592514038086,-0.07750927656888962,-0.28318625688552856,1.1775132417678833,-0.039134543389081955,-0.2817099988460541,1.1691102981567383,0.09243784844875336,-0.2739993929862976,1.1398169994354248,0.22867707908153534,-0.0765790194272995,1.185304045677185,0.1577148735523224,0.01424477994441986,0.9807958602905273,0.14352242648601532,0.03240954130887985,0.9398941993713379,0.11513754725456238,0.06873905658721924,0.8580909371376038,0.08557234704494476,0.07479458302259445,0.9249324798583984,-0.11573849618434906,-0.2861992418766022,1.186165452003479,-0.24731089174747467,-0.29390984773635864,1.2154587507247925,-0.28156349062919617,-0.07866856455802917,1.3254722356796265,-0.34442073106765747,0.03983786702156067,1.1328238248825073,-0.3569921851158142,0.06353915482759476,1.0942941904067993,-0.3821350932121277,0.11094172298908234,1.0172348022460938,-0.3156406581401825,0.10061042755842209,1.046394944190979,-0.034507378935813904,0.14644698798656464,1.0895520448684692,-0.18607938289642334,0.2587856948375702,0.7389635443687439,-0.13697382807731628,0.581244945526123,0.8762525320053101,-0.16346073150634766,0.7055162787437439,0.8219007849693298,-0.20347349345684052,0.13505126535892487,1.1269201040267944,-0.4391525983810425,0.20177200436592102,0.8130570650100708,-0.47514256834983826,0.5470229983329773,0.8819486498832703,-0.546383261680603,0.6438798904418945,0.8138124942779541,-0.13862112164497375,-0.4191054105758667,1.0731076002120972,-0.15066103637218475,-0.4714656472206116,1.061516284942627,-0.11625120788812637,-0.522976815700531,1.076027750968933,-0.02116851508617401,-0.5354538559913635,1.1535109281539917,-0.1769346296787262,-0.5144203901290894,1.1004085540771484,-0.19310489296913147,-0.511210560798645,1.2225897312164307,-0.11177634447813034,0.6473075747489929,0.9401327967643738,-0.46339231729507446,0.6298210024833679,0.9276245832443237
-0.1208871603012085,0.1368001103401184,1.1054518222808838,-0.1029748022556305,-0.003894105553627014,1.130110502243042,-0.0864638015627861,-0.14482614398002625,1.1543864011764526,-0.06995230168104172,-0.2857624292373657,1.1786630153656006,-0.0321115180850029,-0.28395509719848633,1.1680573225021362,0.09735164791345596,-0.27513059973716736,1.1312341690063477,0.2334456741809845,-0.07514050602912903,1.1643123626708984,0.15113814175128937,0.01882798969745636,0.9655414819717407,0.13467663526535034,0.03762168809771538,0.9257873296737671,0.10175362229347229,0.07520908117294312,0.846278965473175,0.0760774314403534,0.08033402264118195,0.9147891402244568,-0.10761363059282303,-0.2891014814376831,1.1895323991775513,-0.2370767891407013,-0.2979259788990021,1.2263555526733398,-0.2589946985244751,-0.07886146008968353,1.3319118022918701,-0.34729793667793274,0.04089665412902832,1.15032160282135,-0.36495858430862427,0.06484827399253845,1.1140035390853882,-0.4002798795700073,0.11275151371955872,1.041367530822754,-0.3304426670074463,0.10203886032104492,1.0610443353652954,-0.03766460716724396,0.14330951869487762,1.0821385383605957,-0.20668253302574158,0.2628563344478607,0.7418020963668823,-0.151316836476326,0.5852409601211548,0.8773951530456543,-0.1808641403913498,0.7096665501594543,0.8248015642166138,-0.20410971343517303,0.1302907019853592,1.1287651062011719,-0.4547610878944397,0.19773080945014954,0.82658451795578,-0.492381751537323,0.5435800552368164,0.892581582069397,-0.5678753852844238,0.6386388540267944,0.8263593316078186,-0.13881266117095947,-0.4231526255607605,1.0790221691131592,-0.15162234008312225,-0.47593483328819275,1.0684994459152222,-0.11583172529935837,-0.527634859085083,1.080647587776184,-0.014479786157608032,-0.5396320819854736,1.1512483358383179,-0.17491520941257477,-0.5190862417221069,1.109692096710205,-0.18188299238681793,-0.5154110789299011,1.2335410118103027,-0.1230124980211258,0.6512272953987122,0.9401240348815918,-0.4797574281692505,0.6271768808364868,0.9366546869277954
-0.12211678177118301,0.13402089476585388,1.100529432296753,-0.1010250374674797,-0.006197184324264526,1.1262544393539429,-0.08143371343612671,-0.14667318761348724,1.151757836341858,-0.061841800808906555,-0.2871533930301666,1.1772620677947998,-0.02476554363965988,-0.2851696014404297,1.164133071899414,0.10157159715890884,-0.275781512260437,1.1187936067581177,0.23715290427207947,-0.07379384338855743,1.1390740871429443,0.14258190989494324,0.024114012718200684,0.9478488564491272,0.12366770952939987,0.04369558393955231,0.9096038341522217,0.08583931624889374,0.08285872638225555,0.8331137299537659,0.06476981937885284,0.08691506087779999,0.9032354950904846,-0.09870512783527374,-0.29066401720046997,1.1906682252883911,-0.22504226863384247,-0.30005210638046265,1.2360076904296875,-0.23075860738754272,-0.07598493993282318,1.3327229022979736,-0.3513714075088501,0.04470217972993851,1.1715277433395386,-0.37549397349357605,0.06883960217237473,1.1392886638641357,-0.42373910546302795,0.11711445450782776,1.0748106241226196,-0.35153982043266296,0.10563886165618896,1.0805566310882568,-0.04065345227718353,0.1409991979598999,1.0717744827270508,-0.2312060445547104,0.26868748664855957,0.7458028197288513,-0.16384154558181763,0.5890713930130005,0.8812458515167236,-0.19583112001419067,0.714454710483551,0.832268238067627,-0.2035801112651825,0.12704259157180786,1.129284381866455,-0.4728740155696869,0.19415788352489471,0.8431927561759949,-0.5115601420402527,0.5412783026695251,0.9026851654052734,-0.5921688079833984,0.6336844563484192,0.8386035561561584,-0.13838595151901245,-0.4259903132915497,1.0829992294311523,-0.15190668404102325,-0.4792110025882721,1.0735770463943481,-0.11485237628221512,-0.5311341881752014,1.083082914352417,-0.0074991583824157715,-0.5427182912826538,1.1460062265396118,-0.17190803587436676,-0.5226219892501831,1.1168763637542725,-0.16915686428546906,-0.518600344657898,1.2417542934417725,-0.1307235211133957,0.654071569442749,0.9427193999290466,-0.4975859522819519,0.626183032989502,0.9438765048980713
-0.12180327624082565,0.1317216455936432,1.0914373397827148,-0.09760671854019165,-0.007963031530380249,1.117983341217041,-0.07503560185432434,-0.1479237973690033,1.1445070505142212,-0.05246380716562271,-0.287888765335083,1.1710314750671387,-0.01644928753376007,-0.2858998775482178,1.155140995979309,0.10509870201349258,-0.27658870816230774,1.1008394956588745,0.23931953310966492,-0.07304705679416656,1.108957052230835,0.13160258531570435,0.027847498655319214,0.9266441464424133,0.11005919426679611,0.04802640900015831,0.8901815414428711,0.06697241216897964,0.0883842259645462,0.8172563910484314,0.05108116567134857,0.09149463474750519,0.8887253403663635,-0.08823300153017044,-0.29139888286590576,1.1872103214263916,-0.2097809910774231,-0.3007100522518158,1.2415118217468262,-0.194672092795372,-0.0685167908668518,1.314780831336975,-0.3358396291732788,0.047448910772800446,1.1676607131958008,-0.36407312750816345,0.07064205408096313,1.13823664188385,-0.4205401539802551,0.11702834069728851,1.0793886184692383,-0.34902167320251465,0.10207511484622955,1.0737740993499756,-0.04278278350830078,0.13878457248210907,1.0565755367279053,-0.25871792435646057,0.27476683259010315,0.7503668069839478,-0.17669177055358887,0.5913786292076111,0.8866234421730042,-0.21128550171852112,0.7181323170661926,0.8432507514953613,-0.20082376897335052,0.12465871870517731,1.1262991428375244,-0.49840813875198364,0.1895727515220642,0.869175374507904,-0.5337931513786316,0.538358747959137,0.9204922318458557,-0.6212844252586365,0.6280907988548279,0.8618590235710144,-0.13736629486083984,-0.42661014199256897,1.0811067819595337,-0.1518598049879074,-0.48010388016700745,1.0721802711486816,-0.11402321606874466,-0.5325936079025269,1.078180193901062,-0.0011437535285949707,-0.545151948928833,1.1325558423995972,-0.16856536269187927,-0.5242652893066406,1.1168285608291626,-0.1556798219680786,-0.5215550661087036,1.2420597076416016,-0.13781848549842834,0.6546646356582642,0.9464998841285706,-0.5164244174957275,0.6247100830078125,0.9571422338485718
-0.11800427734851837,0.1283511519432068,1.0810264348983765,-0.09138073772192001,-0.011021390557289124,1.1081719398498535,-0.06660721451044083,-0.15068857371807098,1.1355534791946411,-0.041832953691482544,-0.2903599143028259,1.1629358530044556,-0.007153667509555817,-0.28870540857315063,1.144141435623169,0.10742998123168945,-0.28069964051246643,1.081307291984558,0.2385144829750061,-0.07499334216117859,1.07728910446167,0.11596328765153885,0.027235165238380432,0.9053735733032227,0.09145304560661316,0.047680869698524475,0.8709904551506042,0.04243256524205208,0.08857227861881256,0.8022242784500122,0.032387085258960724,0.09089250862598419,0.8747782707214355,-0.07624296844005585,-0.2935325503349304,1.1820279359817505,-0.1908266246318817,-0.3015383183956146,1.2448620796203613,-0.1516646146774292,-0.06405465304851532,1.2846391201019287,-0.29218077659606934,0.04519769549369812,1.1318532228469849,-0.32028400897979736,0.06704816222190857,1.101296067237854,-0.3764904737472534,0.11074910312891006,1.0401817560195923,-0.30709388852119446,0.08849812299013138,1.032475233078003,-0.04214111715555191,0.13479062914848328,1.0396840572357178,-0.28349044919013977,0.2766425907611847,0.7558032274246216,-0.18574699759483337,0.590438723564148,0.8883779048919678,-0.22263303399085999,0.7181960940361023,0.8500224947929382,-0.19386744499206543,0.1219116747379303,1.1223688125610352,-0.5251199007034302,0.18441230058670044,0.9094714522361755,-0.5599604845046997,0.5340536832809448,0.9556758403778076,-0.6564911603927612,0.6206315755844116,0.9073047041893005,-0.13595254719257355,-0.4266550540924072,1.075284481048584,-0.15187761187553406,-0.48016008734703064,1.0659160614013672,-0.11401297152042389,-0.5336160063743591,1.0674370527267456,0.0035818368196487427,-0.5490096807479858,1.1127864122390747,-0.1656929850578308,-0.5258311629295349,1.1108256578445435,-0.14284485578536987,-0.5269527435302734,1.2357206344604492,-0.14087051153182983,0.6524516344070435,0.9453545808792114,-0.539397120475769,0.6217414736747742,0.9872010350227356
-0.11193215847015381,0.12470421195030212,1.0695557594299316,-0.08337749540805817,-0.01453574001789093,1.0976276397705078,-0.05680074170231819,-0.15407446026802063,1.1261545419692993,-0.030223192647099495,-0.2936173677444458,1.1546822786331177,0.002625051885843277,-0.29269370436668396,1.132596492767334,0.10785916447639465,-0.2872813940048218,1.061030387878418,0.23361098766326904,-0.07889743149280548,1.0441802740097046,0.09648346900939941,0.024562612175941467,0.8844213485717773,0.06905796378850937,0.04525462165474892,0.8524695634841919,0.014206957072019577,0.08663864433765411,0.788565993309021,0.010362684726715088,0.08814975619316101,0.8617366552352905,-0.06278257071971893,-0.29605767130851746,1.1770780086517334,-0.16801667213439941,-0.30146998167037964,1.2486441135406494,-0.1072104200720787,-0.0652165412902832,1.2515127658843994,-0.28265154361724854,0.036245428025722504,1.1333742141723633,-0.3177397847175598,0.056537821888923645,1.1097464561462402,-0.38791623711586,0.09712260961532593,1.0624910593032837,-0.3243448734283447,0.07008326053619385,1.0380254983901978,-0.040345028042793274,0.1296030730009079,1.0210365056991577,-0.3073682188987732,0.2751569151878357,0.7631435394287109,-0.195941761136055,0.5873512625694275,0.8886241912841797,-0.23582078516483307,0.715613842010498,0.8552114367485046,-0.18351928889751434,0.11980535089969635,1.1180750131607056,-0.542163074016571,0.1759253740310669,0.9530863165855408,-0.5632286667823792,0.5283620953559875,0.9842486381530762,-0.6643299460411072,0.6148135662078857,0.9460031390190125,-0.1362486630678177,-0.42702966928482056,1.0739960670471191,-0.15426333248615265,-0.4803398549556732,1.0652122497558594,-0.11733317375183105,-0.5348458886146545,1.0617834329605103,0.004674285650253296,-0.5535169243812561,1.0947436094284058,-0.164432555437088,-0.5269863605499268,1.1106786727905273,-0.1287739872932434,-0.5312480926513672,1.2332801818847656,-0.1455066055059433,0.6486618518829346,0.9415886402130127,-0.5365501046180725,0.6170238256454468,1.0073845386505127
-0.10422783344984055,0.12289604544639587,1.0555328130722046,-0.07443884760141373,-0.016664773225784302,1.0843307971954346,-0.04690989851951599,-0.15654252469539642,1.113831639289856,-0.019380128011107445,-0.2964244484901428,1.1433333158493042,0.01114240288734436,-0.29662248492240906,1.1178163290023804,0.10506758093833923,-0.2948841154575348,1.0384117364883423,0.22386404871940613,-0.08383367955684662,1.008840799331665,0.07301220297813416,0.02117251604795456,0.8630475997924805,0.042841836810112,0.042173758149147034,0.8338889479637146,-0.01749889925122261,0.08417624235153198,0.7755717039108276,-0.014850035309791565,0.08484289795160294,0.8488128781318665,-0.04960343986749649,-0.29774677753448486,1.1691709756851196,-0.14352861046791077,-0.29948514699935913,1.2485755681991577,-0.0731860026717186,-0.06764824688434601,1.2197154760360718,-0.2601715326309204,0.023776143789291382,1.1114739179611206,-0.2975686490535736,0.04206102341413498,1.0898256301879883,-0.3723628520965576,0.07863078266382217,1.0465290546417236,-0.3124440908432007,0.047297365963459015,1.0182502269744873,-0.0380706787109375,0.12549397349357605,0.9996890425682068,-0.3307766616344452,0.2701907753944397,0.7706086039543152,-0.21288013458251953,0.5854424238204956,0.8820492029190063,-0.2582440972328186,0.7127390503883362,0.8519284725189209,-0.1703849881887436,0.1202981099486351,1.1113766431808472,-0.5492959022521973,0.16183015704154968,0.9939311146736145,-0.5500142574310303,0.5163375735282898,0.9990429878234863,-0.6517422795295715,0.6052148938179016,0.9686816930770874,-0.13829606771469116,-0.42581692337989807,1.0724631547927856,-0.15878817439079285,-0.4786946773529053,1.0647101402282715,-0.12386473268270493,-0.5343003273010254,1.0558598041534424,0.0011869370937347412,-0.5569403767585754,1.0741218328475952,-0.16496093571186066,-0.5263587236404419,1.1103172302246094,-0.115252286195755,-0.5344390273094177,1.2284177541732788,-0.15845996141433716,0.648094117641449,0.9292362928390503,-0.5163443684577942,0.6048809289932251,1.0108673572540283
-0.0969814732670784,0.12298592925071716,1.041300892829895,-0.06663937866687775,-0.017545729875564575,1.071000576019287,-0.03874494880437851,-0.1583913415670395,1.1015992164611816,-0.010849682614207268,-0.29924118518829346,1.1321988105773926,0.016860108822584152,-0.30087757110595703,1.1032332181930542,0.09887130558490753,-0.30346953868865967,1.0165389776229858,0.2094140350818634,-0.09005099534988403,0.9745603203773499,0.04691144824028015,0.01776096224784851,0.8441465497016907,0.01441093161702156,0.0393233522772789,0.8180637955665588,-0.05059010162949562,0.08244813978672028,0.7658982872962952,-0.04141300171613693,0.08213871717453003,0.8386129140853882,-0.03825628384947777,-0.29913562536239624,1.161496877670288,-0.12026748061180115,-0.2965436577796936,1.2481911182403564,-0.05235918611288071,-0.06788967549800873,1.19685697555542,-0.24459609389305115,0.010440833866596222,1.0875520706176758,-0.2830434739589691,0.0261069368571043,1.0656911134719849,-0.35993823409080505,0.05743914097547531,1.0219690799713135,-0.30050772428512573,0.024472808465361595,0.9945288300514221,-0.03745771199464798,0.1225421354174614,0.9783896803855896,-0.3532160520553589,0.2625901699066162,0.7787375450134277,-0.23383115231990814,0.5841418504714966,0.868858814239502,-0.2857217490673065,0.7092686891555786,0.840039074420929,-0.15650522708892822,0.12342972308397293,1.1042120456695557,-0.5480923056602478,0.1387859433889389,1.0293688774108887,-0.516852617263794,0.4898306727409363,0.9898491501808167,-0.6132479310035706,0.5845807790756226,0.9596778750419617,-0.14221738278865814,-0.4239206612110138,1.0735597610473633,-0.1652953326702118,-0.47621411085128784,1.0672779083251953,-0.1333661675453186,-0.5328555107116699,1.053022861480713,-0.00722832977771759,-0.5597168207168579,1.0553680658340454,-0.16739974915981293,-0.5249845385551453,1.112532138824463,-0.1036568284034729,-0.5374157428741455,1.2239775657653809,-0.17673933506011963,0.6496168375015259,0.9085057973861694,-0.4743076264858246,0.575262188911438,0.9867329597473145
-0.08956464380025864,0.12511485815048218,1.0273030996322632,-0.059410277754068375,-0.016624629497528076,1.0574396848678589,-0.03176230192184448,-0.1586584895849228,1.0885775089263916,-0.004113495349884033,-0.30069661140441895,1.1197162866592407,0.02021031826734543,-0.3038511574268341,1.0875529050827026,0.0896759033203125,-0.3106979727745056,0.9946414232254028,0.19143086671829224,-0.09536296129226685,0.941664457321167,0.018274202942848206,0.014460340142250061,0.827672004699707,-0.01635712757706642,0.03642500191926956,0.804873526096344,-0.08561979234218597,0.08035431802272797,0.7592765688896179,-0.06983448565006256,0.0792926549911499,0.8308410048484802,-0.02813679538667202,-0.2990858554840088,1.1522181034088135,-0.09760238230228424,-0.2922390401363373,1.2451295852661133,-0.04329540953040123,-0.06667979061603546,1.1696076393127441,-0.2464384287595749,-0.0075655169785022736,1.0682317018508911,-0.2870670258998871,0.004257337190210819,1.0479564666748047,-0.3683242201805115,0.02790304645895958,1.0074061155319214,-0.30931422114372253,-0.0047438256442546844,0.9787046909332275,-0.037790242582559586,0.12139338999986649,0.9579952955245972,-0.37474292516708374,0.2537783682346344,0.7901146411895752,-0.25496330857276917,0.5814847946166992,0.8540360331535339,-0.313046395778656,0.7041277289390564,0.8262274265289307,-0.14133904874324799,0.12883631885051727,1.0966109037399292,-0.5373641848564148,0.09081953763961792,1.065535306930542,-0.468858003616333,0.42061561346054077,0.9543323516845703,-0.5555347204208374,0.5187597870826721,0.9091313481330872,-0.1460610032081604,-0.41937607526779175,1.0727910995483398,-0.1715763509273529,-0.4708123207092285,1.0675262212753296,-0.14344008266925812,-0.5279770493507385,1.0476441383361816,-0.018567368388175964,-0.5588023066520691,1.0340843200683594,-0.17003268003463745,-0.521287739276886,1.1111680269241333,-0.09391307830810547,-0.5398492217063904,1.2140686511993408,-0.19567574560642242,0.6498392820358276,0.8846126794815063,-0.41713038086891174,0.49783292412757874,0.9323316812515259
-0.08403279632329941,0.12738725543022156,1.024113416671753,-0.05428123474121094,-0.016153544187545776,1.051809549331665,-0.026879098266363144,-0.15994369983673096,1.0806142091751099,0.0005238596349954605,-0.30373817682266235,1.1094197034835815,0.020541805773973465,-0.3078318238258362,1.0741403102874756,0.07626467198133469,-0.3171210289001465,0.9747598767280579,0.1691507250070572,-0.10127519071102142,0.9117189049720764,-0.011564865708351135,0.011902183294296265,0.8154975771903992,-0.04770798236131668,0.0345376580953598,0.7962533235549927,-0.11999421566724777,0.07980860769748688,0.7577648162841797,-0.09770871698856354,0.07783643156290054,0.8273399472236633,-0.019196247681975365,-0.30120736360549927,1.1450122594833374,-0.07491911202669144,-0.29191815853118896,1.2443927526474,-0.033643901348114014,-0.06894655525684357,1.1562371253967285,-0.2474053055047989,-0.01815282553434372,1.075913667678833,-0.29015758633613586,-0.00799407996237278,1.0598490238189697,-0.3756621479988098,0.0123234111815691,1.0277196168899536,-0.3194676339626312,-0.020011700689792633,0.993987500667572,-0.041733283549547195,0.12162253260612488,0.9487978219985962,-0.3960965573787689,0.2459058165550232,0.8103607892990112,-0.2791904807090759,0.5802117586135864,0.84409499168396,-0.3433881402015686,0.7001529335975647,0.8159165978431702,-0.12633231282234192,0.13315197825431824,1.0994290113449097,-0.5205726623535156,0.06683118641376495,1.1184173822402954,-0.43676653504371643,0.37558943033218384,0.9628204703330994,-0.5194756984710693,0.47353217005729675,0.9092699885368347,-0.15197187662124634,-0.4125114977359772,1.0725961923599243,-0.18053069710731506,-0.46229609847068787,1.067034125328064,-0.15798360109329224,-0.5189476609230042,1.0398715734481812,-0.03742741793394089,-0.5538923144340515,1.0086402893066406,-0.17624089121818542,-0.5159235596656799,1.1065468788146973,-0.08915641158819199,-0.5453240871429443,1.1975536346435547,-0.21882256865501404,0.6516667008399963,0.8647325038909912,-0.3812614381313324,0.445861279964447,0.9288049936294556
-0.07887880504131317,0.12976717948913574,1.0256320238113403,-0.05000518262386322,-0.015374615788459778,1.0488568544387817,-0.023276980966329575,-0.16069987416267395,1.0734614133834839,0.0034520216286182404,-0.3060294985771179,1.098066806793213,0.018238190561532974,-0.310566246509552,1.0601646900177002,0.05871311575174332,-0.3209247887134552,0.9550144076347351,0.1428823471069336,-0.1072024554014206,0.8829021453857422,-0.04262980818748474,0.008455544710159302,0.8067609667778015,-0.07973223924636841,0.0315871462225914,0.7915327548980713,-0.15393710136413574,0.0778503492474556,0.7610762715339661,-0.12502852082252502,0.07515658438205719,0.8273131251335144,-0.011043635196983814,-0.3030722737312317,1.136236310005188,-0.05151855945587158,-0.2927137315273285,1.2413866519927979,-0.022370966151356697,-0.07249566912651062,1.1485626697540283,-0.24269697070121765,-0.02292775735259056,1.09768545627594,-0.28676217794418335,-0.013014174997806549,1.0875099897384644,-0.37489259243011475,0.006812989711761475,1.0671591758728027,-0.3241531550884247,-0.025271760299801826,1.0268309116363525,-0.04774957895278931,0.12308032810688019,0.945142388343811,-0.4202907085418701,0.24179887771606445,0.8440003395080566,-0.31599196791648865,0.5850197076797485,0.8581010103225708,-0.3893624544143677,0.7021531462669373,0.8346412777900696,-0.11000803112983704,0.1364540308713913,1.1061216592788696,-0.5035450458526611,0.07252506166696548,1.1705608367919922,-0.42583879828453064,0.37467485666275024,0.9929521679878235,-0.5113468170166016,0.47372251749038696,0.9426354765892029,-0.15786929428577423,-0.40386074781417847,1.0692273378372192,-0.18953731656074524,-0.45154979825019836,1.062404990196228,-0.17328393459320068,-0.506157636642456,1.027655839920044,-0.0590670183300972,-0.5430595278739929,0.9795305728912354,-0.18380865454673767,-0.5089424252510071,1.0959751605987549,-0.08888702094554901,-0.55094975233078,1.1731021404266357,-0.2567689120769501,0.6603821516036987,0.8706211447715759,-0.3714340329170227,0.4423755705356598,0.9505214691162109
-0.061997879296541214,0.14169633388519287,0.9718397259712219,-0.03671763092279434,-0.005675181746482849,0.9861624836921692,-0.012847334146499634,-0.15313129127025604,1.0019580125808716,0.01102367788553238,-0.3005918264389038,1.017754077911377,0.013395166024565697,-0.30539897084236145,0.9770568609237671,0.019375532865524292,-0.3160852789878845,0.8682597279548645,0.07891982793807983,-0.10979056358337402,0.7822199463844299,-0.10592895746231079,0.010307744145393372,0.7526135444641113,-0.14289870858192444,0.03432740643620491,0.7466922402381897,-0.21683822572231293,0.08236673474311829,0.7348496913909912,-0.17524555325508118,0.07767554372549057,0.7903135418891907,0.008911637589335442,-0.29738736152648926,1.05862295627594,0.002931270282715559,-0.2867010533809662,1.1674201488494873,0.011460976675152779,-0.07439087331295013,1.0760008096694946,-0.20316565036773682,-0.018652863800525665,1.0932601690292358,-0.24609097838401794,-0.007505261339247227,1.0967119932174683,-0.3319416344165802,0.01478994358330965,1.1036157608032227,-0.29822951555252075,-0.01683928817510605,1.0517382621765137,-0.056595686823129654,0.13426780700683594,0.8858701586723328,-0.4516172707080841,0.24883857369422913,0.8727609515190125,-0.3820887804031372,0.607674241065979,0.8585312366485596,-0.47241848707199097,0.7181299924850464,0.8518571257591248,-0.06740006804466248,0.1491248607635498,1.0578093528747559,-0.4720057547092438,0.13694033026695251,1.131878137588501,-0.35773611068725586,0.4387359917163849,0.9596526622772217,-0.4321397542953491,0.5520689487457275,0.9146615862846375,-0.16289809346199036,-0.36653584241867065,1.0077563524246216,-0.20202448964118958,-0.4061042368412018,0.9994327425956726,-0.20230937004089355,-0.45213553309440613,0.9533541798591614,-0.10971562564373016,-0.4907853603363037,0.8767924308776855,-0.19997400045394897,-0.46822988986968994,1.0188850164413452,-0.1030987799167633,-0.5363860130310059,1.0624631643295288,-0.3288027048110962,0.6904675960540771,0.8560127019882202,-0.29484501481056213,0.5015568733215332,0.9172412157058716
-0.061997879296541214,0.14169633388519287,0.9718397259712219,-0.03671763092279434,-0.005675181746482849,0.9861624836921692,-0.012847334146499634,-0.15313129127025604,1.0019580125808716,0.01102367788553238,-0.3005918264389038,1.017754077911377,0.013395166024565697,-0.30539897084236145,0.9770568609237671,0.019375532865524292,-0.3160852789878845,0.8682597279548645,0.07891982793807983,-0.10979056358337402,0.7822199463844299,-0.10592895746231079,0.010307744145393372,0.7526135444641113,-0.14289870858192444,0.03432740643620491,0.7466922402381897,-0.21683822572231293,0.08236673474311829,0.7348496913909912,-0.17524555325508118,0.07767554372549057,0.7903135418891907,0.008911637589335442,-0.29738736152648926,1.05862295627594,0.002931270282715559,-0.2867010533809662,1.1674201488494873,0.011460976675152779,-0.07439087331295013,1.0760008096694946,-0.20316565036773682,-0.018652863800525665,1.0932601690292358,-0.24609097838401794,-0.007505261339247227,1.0967119932174683,-0.3319416344165802,0.01478994358330965,1.1036157608032227,-0.29822951555252075,-0.01683928817510605,1.0517382621765137,-0.056595686823129654,0.13426780700683594,0.8858701586723328,-0.4516172707080841,0.24883857369422913,0.8727609515190125,-0.3820887804031372,0.607674241065979,0.8585312366485596,-0.47241848707199097,0.7181299924850464,0.8518571257591248,-0.06740006804466248,0.1491248607635498,1.0578093528747559,-0.4720057547092438,0.13694033026695251,1.131878137588501,-0.35773611068725586,0.4387359917163849,0.9596526622772217,-0.4321397542953491,0.5520689487457275,0.9146615862846375,-0.16289809346199036,-0.36653584241867065,1.0077563524246216,-0.20202448964118958,-0.4061042368412018,0.9994327425956726,-0.20230937004089355,-0.45213553309440613,0.9533541798591614,-0.10971562564373016,-0.4907853603363037,0.8767924308776855,-0.19997400045394897,-0.46822988986968994,1.0188850164413452,-0.1030987799167633,-0.5363860130310059,1.0624631643295288,-0.3288027048110962,0.6904675960540771,0.8560127019882202,-0.29484501481056213,0.5015568733215332,0.9172412157058716
-0.052272602915763855,0.14182671904563904,0.9576919078826904,-0.030031999573111534,-0.006494656205177307,0.9708380699157715,-0.008802825585007668,-0.15484833717346191,0.9852327108383179,0.012426985427737236,-0.3032064437866211,0.9996277689933777,0.007854709401726723,-0.3086234927177429,0.9590997099876404,-0.004248238168656826,-0.32052797079086304,0.854259192943573,0.041885167360305786,-0.1193525493144989,0.7566800117492676,-0.13636943697929382,0.008178085088729858,0.7444108128547668,-0.17202036082744598,0.03368421271443367,0.7419569492340088,-0.2433222085237503,0.08469647169113159,0.7370492815971375,-0.19637452065944672,0.07952794432640076,0.7867733240127563,0.017230002209544182,-0.2994019389152527,1.0403121709823608,0.029332950711250305,-0.28749746084213257,1.1451526880264282,0.029881760478019714,-0.07898774743080139,1.0521745681762695,-0.17415504157543182,-0.016199909150600433,1.1033213138580322,-0.2149624079465866,-0.0036423401907086372,1.1135506629943848,-0.296577125787735,0.02147279679775238,1.1340093612670898,-0.27335628867149353,-0.011272011324763298,1.0784049034118652,-0.06101992726325989,0.13294008374214172,0.8722272515296936,-0.4580813944339752,0.24682262539863586,0.9011726975440979,-0.4099179804325104,0.6110934019088745,0.8795976042747498,-0.5069354772567749,0.7170977592468262,0.8829349279403687,-0.04352527856826782,0.15071335434913635,1.043156623840332,-0.4549213945865631,0.1977246254682541,1.0403141975402832,-0.2703239917755127,0.4760551452636719,0.8856069445610046,-0.3195670247077942,0.5968623757362366,0.8252646923065186,-0.1651729792356491,-0.3451305627822876,1.0217782258987427,-0.209528386592865,-0.3785080909729004,1.020525574684143,-0.2244221568107605,-0.42167603969573975,0.9752932190895081,-0.1547851264476776,-0.46826857328414917,0.8831390142440796,-0.2121983766555786,-0.44027724862098694,1.0380955934524536,-0.1201510801911354,-0.5209718942642212,1.0610790252685547,-0.3615243434906006,0.6971821784973145,0.8712934851646423,-0.19237717986106873,0.5285629034042358,0.8541519641876221
-0.043556127697229385,0.14360705018043518,0.9408372640609741,-0.023919489234685898,-0.005204066634178162,0.9535133242607117,-0.005136227235198021,-0.15404212474822998,0.9671312570571899,0.013647597283124924,-0.30288463830947876,0.9807496070861816,0.002386895939707756,-0.3087174892425537,0.9415863752365112,-0.02586319111287594,-0.321208119392395,0.8440348505973816,0.005111759528517723,-0.1274200975894928,0.7334334850311279,-0.1644575297832489,0.00735117495059967,0.7327848672866821,-0.19837138056755066,0.03430543094873428,0.7326551675796509,-0.26619911193847656,0.0882139503955841,0.7323957085609436,-0.21485218405723572,0.08340422809123993,0.7762078046798706,0.0251124557107687,-0.2986695170402527,1.0200608968734741,0.053362540900707245,-0.2861788868904114,1.117612361907959,0.04641697183251381,-0.08146987855434418,1.0238473415374756,-0.1415947824716568,-0.01124957948923111,1.1053221225738525,-0.17919713258743286,0.0027944808825850487,1.121617078781128,-0.254401832818985,0.03088260069489479,1.1542069911956787,-0.2419271469116211,-0.0028148386627435684,1.0968658924102783,-0.06592696160078049,0.13360795378684998,0.8581073880195618,-0.45979639887809753,0.2459232360124588,0.9292192459106445,-0.4352462887763977,0.6139874458312988,0.9077000617980957,-0.5376965999603271,0.7144525647163391,0.9229512214660645,-0.021185293793678284,0.15360614657402039,1.0235671997070312,-0.4236152768135071,0.24678444862365723,0.9769555926322937,-0.19507820904254913,0.49022936820983887,0.8187075853347778,-0.22501017153263092,0.6104055047035217,0.7446557283401489,-0.1574268788099289,-0.32583826780319214,1.0433142185211182,-0.20407313108444214,-0.3542931377887726,1.0527992248535156,-0.23323296010494232,-0.3954034745693207,1.013039469718933,-0.1916581094264984,-0.44865667819976807,0.9085865616798401,-0.20908233523368835,-0.41543054580688477,1.0717285871505737,-0.12323135882616043,-0.5054000020027161,1.074872374534607,-0.3929128348827362,0.703187108039856,0.8954432606697083,-0.10892186313867569,0.5313189625740051,0.7906422019004822
-0.03766658157110214,0.15023592114448547,0.9251872897148132,-0.019044114276766777,0.0016173124313354492,0.9374426603317261,-0.0011370982974767685,-0.14703145623207092,0.9503795504570007,0.01677045412361622,-0.29568469524383545,0.963316798210144,-0.00037522614002227783,-0.30177998542785645,0.9264996647834778,-0.04221591725945473,-0.31461024284362793,0.8369910717010498,-0.030489355325698853,-0.13237376511096954,0.7114652991294861,-0.19036276638507843,0.008322149515151978,0.718165934085846,-0.22233745455741882,0.03646133095026016,0.7195060849189758,-0.2862868309020996,0.09273970127105713,0.7221863269805908,-0.23091964423656464,0.0893651694059372,0.7589844465255737,0.03411076217889786,-0.2912050187587738,1.0002745389938354,0.0759514570236206,-0.2783747613430023,1.0897831916809082,0.06050504744052887,-0.07789166271686554,0.9966580271720886,-0.10812491178512573,-0.0025332868099212646,1.1028879880905151,-0.14185090363025665,0.01253838837146759,1.1241339445114136,-0.2093028873205185,0.0426817387342453,1.1666259765625,-0.20667318999767303,0.008561840280890465,1.1095300912857056,-0.07223248481750488,0.1394641399383545,0.8470840454101562,-0.456592321395874,0.25396719574928284,0.9575468301773071,-0.45637768507003784,0.6231985092163086,0.9376594424247742,-0.5624890327453613,0.7172976732254028,0.9648005366325378,-0.003100678324699402,0.16100770235061646,1.0032905340194702,-0.39492470026016235,0.2905699908733368,0.9510120749473572,-0.14686043560504913,0.49540945887565613,0.768714964389801,-0.1664794534444809,0.6108829379081726,0.6842644214630127,-0.13931632041931152,-0.30745577812194824,1.059333086013794,-0.18480658531188965,-0.3328263759613037,1.0784034729003906,-0.22392892837524414,-0.3720073699951172,1.0458905696868896,-0.20770816504955292,-0.42795032262802124,0.9359449148178101,-0.1897546648979187,-0.3935050070285797,1.0988097190856934,-0.11088107526302338,-0.48886024951934814,1.085882544517517,-0.4209356904029846,0.7149091958999634,0.9219833016395569,-0.05763266980648041,0.5251981019973755,0.7360994219779968
-0.03456137701869011,0.15659502148628235,0.9184203147888184,-0.0148884616792202,0.009898021817207336,0.9304468631744385,0.004219001159071922,-0.1368388831615448,0.9428911209106445,0.023327035829424858,-0.2835801839828491,0.9553357362747192,0.0010459460318088531,-0.2901206612586975,0.9220548868179321,-0.05322752147912979,-0.3040449619293213,0.8411997556686401,-0.06678975373506546,-0.13688473403453827,0.7033764123916626,-0.2163202464580536,0.00824311375617981,0.7154279351234436,-0.24622634053230286,0.037268683314323425,0.7178382277488708,-0.3060385286808014,0.09531982243061066,0.7226588129997253,-0.24713346362113953,0.0936543196439743,0.7505788207054138,0.045815810561180115,-0.27863457798957825,0.9887518286705017,0.10008928179740906,-0.26471027731895447,1.0696070194244385,0.0735059380531311,-0.0696844756603241,0.9780646562576294,-0.07302930951118469,0.008387625217437744,1.1045513153076172,-0.10233636200428009,0.024002045392990112,1.129848599433899,-0.1609504669904709,0.05523088574409485,1.180443286895752,-0.16731609404087067,0.02080565318465233,1.1254297494888306,-0.08039528876543045,0.14458681643009186,0.8469217419624329,-0.45107853412628174,0.2669723927974701,0.9890098571777344,-0.4740961790084839,0.6345959901809692,0.9629838466644287,-0.5819950103759766,0.7231324911117554,0.9992212653160095,0.011272534728050232,0.16860322654247284,0.9899188876152039,-0.37122517824172974,0.3243725895881653,0.9451443552970886,-0.12134954333305359,0.48911672830581665,0.7288671135902405,-0.1377829760313034,0.5965688228607178,0.634114682674408,-0.11128146946430206,-0.2947961986064911,1.0798826217651367,-0.15217222273349762,-0.3200884163379669,1.1076005697250366,-0.19675257802009583,-0.3596075177192688,1.0835572481155396,-0.2019394040107727,-0.41644787788391113,0.9729238748550415,-0.15290269255638123,-0.38063910603523254,1.1290557384490967,-0.07769802212715149,-0.4760374128818512,1.1018359661102295,-0.4458024501800537,0.7276250123977661,0.9422293305397034,-0.032579854130744934,0.5082140564918518,0.6883588433265686
-0.03235833719372749,0.16074728965759277,0.908012330532074,-0.01067022979259491,0.0180232971906662,0.9197739958763123,0.01046433299779892,-0.12476350367069244,0.9317787289619446,0.03159952908754349,-0.2675545811653137,0.9437838196754456,0.005129698663949966,-0.274671733379364,0.9152283668518066,-0.06069290265440941,-0.2903722822666168,0.8443647027015686,-0.10121140629053116,-0.1399749368429184,0.6974337100982666,-0.24315926432609558,0.008439958095550537,0.7120813131332397,-0.2715488374233246,0.038122937083244324,0.7150108218193054,-0.3283279836177826,0.0974888950586319,0.7208698391914368,-0.26666972041130066,0.09752783179283142,0.739189088344574,0.058299072086811066,-0.2619893550872803,0.9724697470664978,0.12412167340517044,-0.24628879129886627,1.0433334112167358,0.10909469425678253,-0.04902715981006622,0.9614074230194092,-0.008711524307727814,0.03917458653450012,1.1053966283798218,-0.03227277100086212,0.05681493878364563,1.1341944932937622,-0.07939526438713074,0.09209564328193665,1.191790223121643,-0.09633934497833252,0.061023324728012085,1.138080358505249,-0.08848363906145096,0.1470484584569931,0.8452746868133545,-0.4402383863925934,0.2781922519207001,1.0121960639953613,-0.48906460404396057,0.6379331350326538,0.9725763201713562,-0.5967918038368225,0.7207608819007874,1.0158535242080688,0.02376696467399597,0.17444612085819244,0.9707499742507935,-0.35020649433135986,0.3440028727054596,0.9570662379264832,-0.12448085844516754,0.4773247241973877,0.7028214931488037,-0.1477159857749939,0.5766081809997559,0.6031148433685303,-0.08075685799121857,-0.2834306061267853,1.0886054039001465,-0.11553426086902618,-0.31024715304374695,1.1226619482040405,-0.16164624691009521,-0.35197389125823975,1.1061975955963135,-0.1820218563079834,-0.4101659059524536,0.9978541135787964,-0.11008643358945847,-0.3706371784210205,1.144153118133545,-0.035935696214437485,-0.46304523944854736,1.105394721031189,-0.46943095326423645,0.7302374839782715,0.9449440240859985,-0.041493937373161316,0.48867085576057434,0.6513087749481201
-0.03252607583999634,0.163893461227417,0.9064738750457764,-0.00727367028594017,0.02474398910999298,0.9176233410835266,0.017261169850826263,-0.1145162433385849,0.928989827632904,0.041796743869781494,-0.25378066301345825,0.9403566122055054,0.012043580412864685,-0.2617298364639282,0.9168092012405396,-0.06350497901439667,-0.2799111008644104,0.8571287393569946,-0.12744499742984772,-0.14383570849895477,0.7065957188606262,-0.26289820671081543,0.0086764395236969,0.722169041633606,-0.28998884558677673,0.03917887061834335,0.725283682346344,-0.34417015314102173,0.10018372535705566,0.7315130233764648,-0.2809538245201111,0.10048934817314148,0.7409029006958008,0.0718165785074234,-0.24734507501125336,0.9640275835990906,0.14736513793468475,-0.22916381061077118,1.0237079858779907,0.16213876008987427,-0.02749110758304596,0.9575650691986084,0.07516110688447952,0.06727994978427887,1.1166354417800903,0.05776557698845863,0.08623415976762772,1.1484495401382446,0.022974517196416855,0.124142587184906,1.2120777368545532,-0.003511957824230194,0.10129445046186447,1.1585893630981445,-0.09714148193597794,0.14796705543994904,0.8540536165237427,-0.42996910214424133,0.2927085757255554,1.0369945764541626,-0.49873125553131104,0.6409820318222046,0.9699179530143738,-0.6040762066841125,0.7227463722229004,1.0159789323806763,0.03208933025598526,0.17981986701488495,0.9588941335678101,-0.3248404562473297,0.3572949767112732,1.0382378101348877,-0.16491550207138062,0.4916030466556549,0.7434375286102295,-0.2080409675836563,0.5933204889297485,0.6556973457336426,-0.05184025317430496,-0.278656542301178,1.0972836017608643,-0.08045940101146698,-0.30820372700691223,1.1348503828048706,-0.12508514523506165,-0.3532804250717163,1.1232259273529053,-0.15357960760593414,-0.41249772906303406,1.0169422626495361,-0.06812089681625366,-0.3682587146759033,1.154841661453247,0.007819101214408875,-0.4549362361431122,1.1065202951431274,-0.48653697967529297,0.7298184037208557,0.9322054386138916,-0.09723202884197235,0.5024665594100952,0.6744174957275391
-0.03531857952475548,0.16712269186973572,0.9106438755989075,-0.006016300991177559,0.030662789940834045,0.9214859008789062,0.022366324439644814,-0.10597428679466248,0.9325411915779114,0.050749801099300385,-0.2426154464483261,0.9435967803001404,0.0186503566801548,-0.25158238410949707,0.9248144030570984,-0.0642443299293518,-0.27271968126296997,0.8763877153396606,-0.14815957844257355,-0.14690887928009033,0.7275621294975281,-0.2781502902507782,0.009207576513290405,0.7463458776473999,-0.30414843559265137,0.04043086618185043,0.7501026391983032,-0.3561447262763977,0.10287745296955109,0.7576161623001099,-0.2924175262451172,0.1024923101067543,0.7586551308631897,0.0831577330827713,-0.23513364791870117,0.9624993205070496,0.1660524159669876,-0.21399635076522827,1.0109260082244873,0.22376708686351776,-0.016308709979057312,0.9598595499992371,0.16496050357818604,0.08142296969890594,1.1290135383605957,0.1531991809606552,0.10096930712461472,1.1628443002700806,0.12967655062675476,0.14006197452545166,1.2305058240890503,0.0973384752869606,0.1282723844051361,1.176862359046936,-0.1059662401676178,0.14863106608390808,0.8688409328460693,-0.4221605658531189,0.3106399178504944,1.0572279691696167,-0.5062443614006042,0.6416729688644409,0.9517660140991211,-0.6084993481636047,0.7260938882827759,0.9953864812850952,0.03532908484339714,0.18561431765556335,0.9524468183517456,-0.26854655146598816,0.3699489235877991,1.1405844688415527,-0.19554048776626587,0.51592618227005,0.8225657939910889,-0.25593486428260803,0.6238202452659607,0.7577807307243347,-0.026862941682338715,-0.27701014280319214,1.107850432395935,-0.04978921264410019,-0.3093106150627136,1.1472233533859253,-0.09174131602048874,-0.3577268421649933,1.1385306119918823,-0.12479424476623535,-0.4177122116088867,1.0336323976516724,-0.031099963933229446,-0.36862170696258545,1.1649032831192017,0.047022923827171326,-0.4485809803009033,1.1083550453186035,-0.5001872777938843,0.7238770127296448,0.9020718932151794,-0.15107367932796478,0.5286206007003784,0.7381545901298523
-0.038043662905693054,0.17043644189834595,0.9103027582168579,-0.00469508022069931,0.03623160719871521,0.9205496907234192,0.027482174336910248,-0.09825043380260468,0.9309066534042358,0.05966039001941681,-0.2327364981174469,0.9412639737129211,0.02597622200846672,-0.2426694929599762,0.9270273447036743,-0.06254895031452179,-0.2667286992073059,0.8896582126617432,-0.16898149251937866,-0.14666064083576202,0.751817524433136,-0.2956613302230835,0.008436799049377441,0.787392795085907,-0.32099729776382446,0.039456285536289215,0.7945078611373901,-0.3716692328453064,0.10149526596069336,0.8087379932403564,-0.3087701201438904,0.10159219801425934,0.799723207950592,0.093694306910038,-0.2242652177810669,0.9556131362915039,0.1822194755077362,-0.20020602643489838,0.9929822683334351,0.25480780005455017,-0.009054616093635559,0.9387941360473633,0.21805573999881744,0.09184544533491135,1.1115281581878662,0.21070532500743866,0.11202545464038849,1.1460750102996826,0.19600450992584229,0.15238547325134277,1.2151685953140259,0.15905362367630005,0.14434608817100525,1.1641042232513428,-0.11269225180149078,0.14949354529380798,0.8789554834365845,-0.4155266284942627,0.320949524641037,1.0686273574829102,-0.5191267132759094,0.6295571327209473,0.9339352250099182,-0.6196303963661194,0.7141757011413574,0.9747522473335266,0.036604925990104675,0.1913793385028839,0.9416500329971313,-0.20426519215106964,0.3648509979248047,1.2042722702026367,-0.209292933344841,0.5253763794898987,0.8907122015953064,-0.2806650698184967,0.6354402899742126,0.8492480516433716,-0.0035438984632492065,-0.2724650800228119,1.1108795404434204,-0.02159317024052143,-0.30631282925605774,1.1516472101211548,-0.061254095286130905,-0.35720229148864746,1.1456393003463745,-0.0985107421875,-0.4187195897102356,1.042712926864624,0.0018552355468273163,-0.36462491750717163,1.167417287826538,0.08029903471469879,-0.4397503435611725,1.104417324066162,-0.5201588273048401,0.7042201161384583,0.8754321932792664,-0.1871781349182129,0.5421968698501587,0.800013542175293
-0.043417997658252716,0.1734049767255783,0.8979674577713013,-0.005444701761007309,0.04133400321006775,0.9077675938606262,0.031112097203731537,-0.09112465381622314,0.9177204966545105,0.06766998767852783,-0.2235872894525528,0.9276736974716187,0.033050552010536194,-0.2346583753824234,0.9178540706634521,-0.05942937731742859,-0.26215216517448425,0.8916285634040833,-0.18692359328269958,-0.143356055021286,0.7717678546905518,-0.30673232674598694,0.008204057812690735,0.8352847099304199,-0.3306940793991089,0.0385160818696022,0.8479880690574646,-0.3786175847053528,0.09914012998342514,0.873394787311554,-0.31829771399497986,0.10058586299419403,0.8534935116767883,0.10268677026033401,-0.21395589411258698,0.9376015067100525,0.1951667070388794,-0.18646210432052612,0.9638270139694214,0.2678908705711365,-0.0009038001298904419,0.8930231332778931,0.22246898710727692,0.13501378893852234,1.0373222827911377,0.21338461339473724,0.1621973067522049,1.0661821365356445,0.1952158510684967,0.21656434237957,1.1239018440246582,0.1613781899213791,0.19796299934387207,1.0734474658966064,-0.12036193162202835,0.14971962571144104,0.8769134283065796,-0.40486064553260803,0.32294130325317383,1.0731717348098755,-0.5317994356155396,0.6098042726516724,0.9328502416610718,-0.629368245601654,0.690922737121582,0.9765474796295166,0.03352593630552292,0.19709032773971558,0.919021487236023,-0.17004898190498352,0.36055469512939453,1.2041516304016113,-0.22119741141796112,0.5153177380561829,0.9016187191009521,-0.2989997863769531,0.6202470064163208,0.8708623051643372,0.017648473381996155,-0.26499223709106445,1.101689338684082,0.003958438523113728,-0.29940691590309143,1.1438300609588623,-0.03356734663248062,-0.352321058511734,1.1407115459442139,-0.07455544918775558,-0.4165727198123932,1.0405652523040771,0.031269580125808716,-0.3565123677253723,1.1583518981933594,0.10914919525384903,-0.4284480810165405,1.0905462503433228,-0.5415894389152527,0.6783857345581055,0.8715106844902039,-0.2123127579689026,0.5319290161132812,0.8110265731811523
-0.047475121915340424,0.1757136434316635,0.8921195864677429,-0.005950942635536194,0.04475407302379608,0.9004831314086914,0.03385162353515625,-0.08672729134559631,0.9090282320976257,0.0736553817987442,-0.21821258962154388,0.9175735712051392,0.03843919187784195,-0.23003952205181122,0.9116790890693665,-0.05721917748451233,-0.2600399851799011,0.8956401348114014,-0.20310717821121216,-0.14378491044044495,0.7963698506355286,-0.3130640983581543,0.003077954053878784,0.8836917877197266,-0.33505547046661377,0.03245052695274353,0.9011561870574951,-0.3790382444858551,0.09119567275047302,0.9360849857330322,-0.32287970185279846,0.09450361132621765,0.9066804051399231,0.10930418968200684,-0.2078147679567337,0.9235609769821167,0.20496255159378052,-0.1778142899274826,0.9395999312400818,0.2798916697502136,0.008315309882164001,0.8733086585998535,0.206822469830513,0.16032791137695312,0.9866108894348145,0.19220863282680511,0.19073043763637543,1.0092713832855225,0.16298094391822815,0.25153547525405884,1.054592251777649,0.13970793783664703,0.22556494176387787,1.0015521049499512,-0.12562629580497742,0.15017549693584442,0.8802465796470642,-0.39351776242256165,0.32109251618385315,1.083788514137268,-0.549325704574585,0.586643636226654,0.9506487846374512,-0.644242525100708,0.6618909239768982,1.0005277395248413,0.03067605197429657,0.2012517899274826,0.9039925932884216,-0.14107559621334076,0.36066734790802,1.1997895240783691,-0.22574105858802795,0.5062147974967957,0.9096733331680298,-0.306843638420105,0.6064796447753906,0.886682391166687,0.03655300289392471,-0.2591124475002289,1.0953514575958252,0.026911228895187378,-0.29349926114082336,1.1387850046157837,-0.008802980184555054,-0.3479182720184326,1.1387317180633545,-0.053868405520915985,-0.4151630997657776,1.0420019626617432,0.057304006069898605,-0.34948229789733887,1.1521683931350708,0.1334347426891327,-0.41959452629089355,1.0800728797912598,-0.5696227550506592,0.6500782370567322,0.889642596244812,-0.2269286811351776,0.5213090181350708,0.8206315636634827
-0.04907270520925522,0.17374268174171448,0.8981946110725403,-0.004452403634786606,0.04296790063381195,0.9078359007835388,0.038044583052396774,-0.08849045634269714,0.9177697896957397,0.08054284751415253,-0.2199527472257614,0.9277039766311646,0.04489310830831528,-0.23245112597942352,0.9253138303756714,-0.05391719192266464,-0.2649025022983551,0.9185829758644104,-0.21291813254356384,-0.15331237018108368,0.8361310362815857,-0.31618157029151917,-0.006333857774734497,0.9305042624473572,-0.33683425188064575,0.02306184358894825,0.9493789076805115,-0.3781396150588989,0.08185324817895889,0.9871281981468201,-0.32573217153549194,0.08543193340301514,0.9516448378562927,0.11665448546409607,-0.20888318121433258,0.9302021265029907,0.215464785695076,-0.176431804895401,0.9369329810142517,0.28235697746276855,0.010608851909637451,0.8657065033912659,0.18026608228683472,0.14817966520786285,0.9744449257850647,0.1598479002714157,0.1756938248872757,0.9961926341056824,0.1190115436911583,0.23072215914726257,1.039687991142273,0.1039283350110054,0.20321054756641388,0.9846059679985046,-0.12747330963611603,0.146712988615036,0.8944042921066284,-0.38136130571365356,0.31046080589294434,1.0981903076171875,-0.5601302981376648,0.554864227771759,0.983133852481842,-0.6512918472290039,0.6220515370368958,1.0395002365112305,0.02932789921760559,0.20077237486839294,0.9019849300384521,-0.11509600281715393,0.36234694719314575,1.194963812828064,-0.2227182239294052,0.4912630617618561,0.9179665446281433,-0.3044859766960144,0.5859165191650391,0.8990856409072876,0.05645747110247612,-0.259042888879776,1.1122033596038818,0.05089239031076431,-0.2935071885585785,1.1578041315078735,0.016542699187994003,-0.3503175675868988,1.1613051891326904,-0.03347477689385414,-0.42271101474761963,1.0672167539596558,0.08484111726284027,-0.34924954175949097,1.1704473495483398,0.16003742814064026,-0.4196849465370178,1.0931198596954346,-0.5893328189849854,0.6139362454414368,0.9259929060935974,-0.23133637011051178,0.5026839375495911,0.8319277763366699
-0.0508558452129364,0.1751982867717743,0.9029010534286499,-0.0030451826751232147,0.04328198730945587,0.9144824147224426,0.042165983468294144,-0.08950464427471161,0.926547110080719,0.08737850189208984,-0.22229525446891785,0.938612163066864,0.051198333501815796,-0.23536965250968933,0.9392225742340088,-0.04973389953374863,-0.2695978581905365,0.9407323002815247,-0.21892082691192627,-0.1634589433670044,0.8730862140655518,-0.3194359838962555,-0.014838218688964844,0.9675298929214478,-0.3395390212535858,0.014885926619172096,0.986418604850769,-0.37974509596824646,0.07433421909809113,1.0241960287094116,-0.33059677481651306,0.07756175100803375,0.984365701675415,0.1240500658750534,-0.21066412329673767,0.9381328821182251,0.22498229146003723,-0.1764359027147293,0.9366231560707092,0.28317949175834656,0.011982977390289307,0.861943244934082,0.16080084443092346,0.10682115703821182,0.9928638935089111,0.13632512092590332,0.12578879296779633,1.0190479755401611,0.08737365901470184,0.16372406482696533,1.0714162588119507,0.07570338249206543,0.1430259793996811,1.0126980543136597,-0.12891778349876404,0.14716213941574097,0.9058168530464172,-0.3692151606082916,0.299958199262619,1.1097813844680786,-0.5662074089050293,0.5265896320343018,1.0274813175201416,-0.6513261795043945,0.5833869576454163,1.0931499004364014,0.027206093072891235,0.20323443412780762,0.8999852538108826,-0.0952921062707901,0.36717164516448975,1.184255838394165,-0.21809548139572144,0.4794636368751526,0.9211002588272095,-0.2991969883441925,0.5685873031616211,0.9048823118209839,0.07717794924974442,-0.2598475515842438,1.132834792137146,0.07608862221240997,-0.2949290871620178,1.1812918186187744,0.04302171245217323,-0.35535740852355957,1.1885159015655518,-0.01264827698469162,-0.4348006248474121,1.0957651138305664,0.11456306278705597,-0.35130730271339417,1.1930562257766724,0.19005224108695984,-0.4233253598213196,1.108629584312439,-0.6034985780715942,0.5832010507583618,0.9781584143638611,-0.2319961041212082,0.48718640208244324,0.8387877345085144
-0.053608641028404236,0.17690511047840118,0.9106482863426208,-0.002873603254556656,0.043142035603523254,0.9233609437942505,0.0449630431830883,-0.09162099659442902,0.936732292175293,0.09280112385749817,-0.22638806700706482,0.9501040577888489,0.05610545352101326,-0.23991821706295013,0.9534051418304443,-0.0458621047437191,-0.27522966265678406,0.9623128771781921,-0.22304414212703705,-0.17562484741210938,0.9063099026679993,-0.32260507345199585,-0.02454441785812378,0.9977413415908813,-0.34251725673675537,0.0056716687977313995,1.0160276889801025,-0.3823416233062744,0.06610384583473206,1.0526002645492554,-0.3362598419189453,0.06832532584667206,1.0092108249664307,0.1300167292356491,-0.21432268619537354,0.9469483494758606,0.23198428750038147,-0.1790112406015396,0.9380406141281128,0.28173238039016724,0.009769782423973083,0.8584305047988892,0.15066441893577576,0.0674804151058197,1.0019159317016602,0.12445082515478134,0.07902254164218903,1.0306130647659302,0.07202364504337311,0.10210679471492767,1.0880072116851807,0.06167216598987579,0.08676038682460785,1.0274395942687988,-0.131267249584198,0.14827333390712738,0.9193119406700134,-0.3584134876728058,0.29906171560287476,1.1276217699050903,-0.5645599961280823,0.5159696340560913,1.0686955451965332,-0.6432782411575317,0.5680907964706421,1.1413042545318604,0.024049974977970123,0.205536887049675,0.9019846320152283,-0.08161561191082001,0.3730633854866028,1.1821545362472534,-0.2178778499364853,0.4741195738315582,0.9287023544311523,-0.2991478443145752,0.5600874423980713,0.9149214029312134,0.09736919403076172,-0.2629848122596741,1.1554406881332397,0.10105665028095245,-0.2991182506084442,1.2069371938705444,0.06924252212047577,-0.3638629913330078,1.2177658081054688,0.007348746061325073,-0.4511968791484833,1.12544584274292,0.14452749490737915,-0.3567638099193573,1.2173562049865723,0.22065618634223938,-0.43108245730400085,1.1242854595184326,-0.6070361137390137,0.5708985328674316,1.024850606918335,-0.23620858788490295,0.4791490137577057,0.8488119840621948
-0.05901601165533066,0.17187127470970154,0.9199283123016357,-0.0034756697714328766,0.03513503074645996,0.936036229133606,0.048741355538368225,-0.10278794169425964,0.9531134963035583,0.10095994919538498,-0.24071505665779114,0.970191240310669,0.06363758444786072,-0.25479722023010254,0.9775922894477844,-0.038113318383693695,-0.2908713221549988,0.9973660707473755,-0.22636592388153076,-0.20156924426555634,0.9558574557304382,-0.3243626058101654,-0.045568421483039856,1.0441296100616455,-0.3439619541168213,-0.014368254691362381,1.061784029006958,-0.38316062092781067,0.04803207889199257,1.097092866897583,-0.34192991256713867,0.04799504578113556,1.0483791828155518,0.13884985446929932,-0.2281319499015808,0.9629758596420288,0.24060076475143433,-0.19205784797668457,0.9432020783424377,0.270072877407074,-0.007433786988258362,0.8422951102256775,0.1365083009004593,0.022829124704003334,0.9938742518424988,0.10979538410902023,0.028881706297397614,1.024190068244934,0.05636955425143242,0.04098686948418617,1.0848217010498047,0.04614643752574921,0.024212177842855453,1.0241003036499023,-0.13629812002182007,0.1424751728773117,0.9368616938591003,-0.3396644592285156,0.29167699813842773,1.1391546726226807,-0.5515949726104736,0.48563313484191895,1.1309590339660645,-0.6138848662376404,0.527563750743866,1.2143760919570923,0.018266096711158752,0.20126737654209137,0.9029949307441711,-0.06405837088823318,0.37186503410339355,1.1650265455245972,-0.21207711100578308,0.4517155587673187,0.9319707155227661,-0.29102087020874023,0.5306724309921265,0.9205560088157654,0.13622795045375824,-0.27503126859664917,1.1960288286209106,0.14997707307338715,-0.31323012709617615,1.2528290748596191,0.12160111218690872,-0.38687312602996826,1.2702443599700928,0.048242971301078796,-0.49065348505973816,1.1787317991256714,0.20358121395111084,-0.37334591150283813,1.2594972848892212,0.28051990270614624,-0.4523264169692993,1.1482820510864258,-0.601475179195404,0.5363082885742188,1.10042142868042,-0.2351021021604538,0.45201343297958374,0.858090341091156
-0.05901601165533066,0.17187127470970154,0.9199283123016357,-0.0034756697714328766,0.03513503074645996,0.936036229133606,0.048741355538368225,-0.10278794169425964,0.9531134963035583,0.10095994919538498,-0.24071505665779114,0.970191240310669,0.06363758444786072,-0.25479722023010254,0.9775922894477844,-0.038113318383693695,-0.2908713221549988,0.9973660707473755,-0.22636592388153076,-0.20156924426555634,0.9558574557304382,-0.3243626058101654,-0.045568421483039856,1.0441296100616455,-0.3439619541168213,-0.014368254691362381,1.061784029006958,-0.38316062092781067,0.04803207889199257,1.097092866897583,-0.34192991256713867,0.04799504578113556,1.0483791828155518,0.13884985446929932,-0.2281319499015808,0.9629758596420288,0.24060076475143433,-0.19205784797668457,0.9432020783424377,0.270072877407074,-0.007433786988258362,0.8422951102256775,0.1365083009004593,0.022829124704003334,0.9938742518424988,0.10979538410902023,0.028881706297397614,1.024190068244934,0.05636955425143242,0.04098686948418617,1.0848217010498047,0.04614643752574921,0.024212177842855453,1.0241003036499023,-0.13629812002182007,0.1424751728773117,0.9368616938591003,-0.3396644592285156,0.29167699813842773,1.1391546726226807,-0.5515949726104736,0.48563313484191895,1.1309590339660645,-0.6138848662376404,0.527563750743866,1.2143760919570923,0.018266096711158752,0.20126737654209137,0.9029949307441711,-0.06405837088823318,0.37186503410339355,1.1650265455245972,-0.21207711100578308,0.4517155587673187,0.9319707155227661,-0.29102087020874023,0.5306724309921265,0.9205560088157654,0.13622795045375824,-0.27503126859664917,1.1960288286209106,0.14997707307338715,-0.31323012709617615,1.2528290748596191,0.12160111218690872,-0.38687312602996826,1.2702443599700928,0.048242971301078796,-0.49065348505973816,1.1787317991256714,0.20358121395111084,-0.37334591150283813,1.2594972848892212,0.28051990270614624,-0.4523264169692993,1.1482820510864258,-0.601475179195404,0.5363082885742188,1.10042142868042,-0.2351021021604538,0.45201343297958374,0.858090341091156
-0.058824263513088226,0.1596953570842743,0.9139944911003113,-0.0026687420904636383,0.023842498660087585,0.9335471987724304,0.05036988481879234,-0.1130961924791336,0.954197883605957,0.10341010242700577,-0.2500389814376831,0.9748492240905762,0.06634688377380371,-0.2639625668525696,0.9834988117218018,-0.03505329042673111,-0.29974138736724854,1.0066757202148438,-0.227390319108963,-0.21156734228134155,0.9699704051017761,-0.3229658603668213,-0.05296878516674042,1.0613386631011963,-0.3420809507369995,-0.02124907076358795,1.079612374305725,-0.38031116127967834,0.04219035804271698,1.1161596775054932,-0.3406866192817688,0.041626542806625366,1.0652588605880737,0.1410498023033142,-0.2376038134098053,0.9664240479469299,0.24244996905326843,-0.20182497799396515,0.9432471394538879,0.2611003816127777,-0.018560603260993958,0.8328759074211121,0.13881057500839233,0.018986929208040237,0.9949615001678467,0.11435261368751526,0.026496436446905136,1.0273785591125488,0.06543669104576111,0.041515450924634933,1.0922127962112427,0.05024257302284241,0.02173580229282379,1.0327215194702148,-0.13655242323875427,0.1303783357143402,0.9335346817970276,-0.3253961205482483,0.29218432307243347,1.1125037670135498,-0.5269454717636108,0.475336492061615,1.110398292541504,-0.5800013542175293,0.5191264152526855,1.19150710105896,0.01890389621257782,0.18901237845420837,0.894454300403595,-0.029487013816833496,0.35394686460494995,1.1480839252471924,-0.1845487505197525,0.4364628195762634,0.9399535655975342,-0.2563494145870209,0.5147898197174072,0.9354080557823181,0.15390238165855408,-0.28286516666412354,1.2084046602249146,0.17263539135456085,-0.32180553674697876,1.2670619487762451,0.14642903208732605,-0.39937588572502136,1.2872788906097412,0.06823983788490295,-0.5106998682022095,1.196720004081726,0.23077470064163208,-0.3827466666698456,1.2713814973831177,0.3072192668914795,-0.46358373761177063,1.1516772508621216,-0.5764433145523071,0.5217905640602112,1.08266019821167,-0.21230244636535645,0.43785911798477173,0.8720919489860535
-0.05124024301767349,0.15505239367485046,0.9008605480194092,0.0031370148062705994,0.01978696882724762,0.9206191301345825,0.054584551602602005,-0.11647209525108337,0.941370964050293,0.10603363066911697,-0.2527352571487427,0.9621233940124512,0.069116972386837,-0.26625627279281616,0.9705339670181274,-0.03256826847791672,-0.3011949956417084,0.9932180643081665,-0.22469636797904968,-0.21125593781471252,0.9582193493843079,-0.31778353452682495,-0.05301779508590698,1.0532723665237427,-0.33640095591545105,-0.021370165050029755,1.0722829103469849,-0.37363582849502563,0.0419250950217247,1.1103041172027588,-0.3343793749809265,0.041806817054748535,1.0590176582336426,0.14350947737693787,-0.24069523811340332,0.953938364982605,0.2451947182416916,-0.2057565152645111,0.9312542676925659,0.2572055160999298,-0.022074267268180847,0.8201519250869751,0.14943869411945343,0.025550957769155502,0.990027666091919,0.12788532674312592,0.03507600352168083,1.0240027904510498,0.08477859199047089,0.05412609130144119,1.0919530391693115,0.06417997181415558,0.03312841057777405,1.0344537496566772,-0.1299327164888382,0.12618809938430786,0.9198265075683594,-0.31148794293403625,0.296791672706604,1.0843220949172974,-0.5041844248771667,0.4792438745498657,1.083730936050415,-0.5528002977371216,0.5246483087539673,1.163192629814148,0.02745223045349121,0.18391668796539307,0.881894588470459,-0.008744727820158005,0.3423230051994324,1.132341980934143,-0.16189047694206238,0.43044498562812805,0.9343470335006714,-0.22947070002555847,0.5089897513389587,0.9326595067977905,0.16899216175079346,-0.28424859046936035,1.2007620334625244,0.1919756829738617,-0.32363012433052063,1.2605043649673462,0.16820435225963593,-0.4043409526348114,1.2826266288757324,0.08719494193792343,-0.5218146443367004,1.192863941192627,0.2539159953594208,-0.38468480110168457,1.2626094818115234,0.3300446569919586,-0.46612221002578735,1.1361488103866577,-0.5522112846374512,0.524926483631134,1.05704665184021,-0.19041231274604797,0.4336373805999756,0.8689112663269043
-0.03847415745258331,0.15714716911315918,0.8863422870635986,0.013122618198394775,0.021641641855239868,0.9048435091972351,0.061930976808071136,-0.11478814482688904,0.9241029620170593,0.1107407957315445,-0.25122201442718506,0.9433629512786865,0.07369508594274521,-0.26430824398994446,0.9505754113197327,-0.02763112634420395,-0.29783323407173157,0.9698781371116638,-0.21777358651161194,-0.2043786644935608,0.9334676265716553,-0.30971208214759827,-0.04774908721446991,1.0321670770645142,-0.32809978723526,-0.016423169523477554,1.051906943321228,-0.3648751974105835,0.046228665858507156,1.0913867950439453,-0.32475346326828003,0.04710213840007782,1.040793776512146,0.14831700921058655,-0.2396186888217926,0.9363598823547363,0.2496432214975357,-0.2060936987400055,0.9170571565628052,0.2581826150417328,-0.019810408353805542,0.8101027607917786,0.16564229130744934,0.041594259440898895,0.9844381809234619,0.1471342295408249,0.05387519299983978,1.0193052291870117,0.11011810600757599,0.07843706011772156,1.0890394449234009,0.0843140184879303,0.05661248415708542,1.0340121984481812,-0.1182359829545021,0.1289806365966797,0.9024888873100281,-0.2957727611064911,0.3066495656967163,1.0577508211135864,-0.480357825756073,0.4932349920272827,1.055194616317749,-0.5274906754493713,0.5399839878082275,1.1332913637161255,0.04128766804933548,0.18531370162963867,0.8701956868171692,0.008473232388496399,0.33554524183273315,1.122278094291687,-0.1391429603099823,0.43284568190574646,0.9282822608947754,-0.20369231700897217,0.5124659538269043,0.9285531044006348,0.18421737849712372,-0.2823619842529297,1.18726646900177,0.21088233590126038,-0.322439044713974,1.2480257749557495,0.18922452628612518,-0.4063132405281067,1.2714345455169678,0.10590376704931259,-0.5294575095176697,1.1812820434570312,0.2763894200325012,-0.38376384973526,1.2480547428131104,0.3528709411621094,-0.46556758880615234,1.115039587020874,-0.5261752009391785,0.5398471355438232,1.0283102989196777,-0.16683191061019897,0.4387390911579132,0.8635267019271851
-0.025874093174934387,0.1642981618642807,0.8701949715614319,0.02341170236468315,0.02780832350254059,0.8862894773483276,0.07009487599134445,-0.10953554511070251,0.9028708338737488,0.11677944660186768,-0.24688352644443512,0.9194527268409729,0.07939180731773376,-0.2598053812980652,0.9246689081192017,-0.020156100392341614,-0.2920050323009491,0.938225507736206,-0.20721453428268433,-0.19528807699680328,0.897959291934967,-0.3006199598312378,-0.042344361543655396,0.999852180480957,-0.319301038980484,-0.011755617335438728,1.020230770111084,-0.35666322708129883,0.04942186921834946,1.060987949371338,-0.314724326133728,0.051978640258312225,1.012177586555481,0.1546745002269745,-0.2354545146226883,0.9144167304039001,0.25422239303588867,-0.20325486361980438,0.9008601307868958,0.2618064284324646,-0.01292748749256134,0.8024508953094482,0.18437762558460236,0.058898888528347015,0.979494035243988,0.16889186203479767,0.07326416671276093,1.0149027109146118,0.1379203349351883,0.10199471563100815,1.0857199430465698,0.10755216330289841,0.08056876063346863,1.0331218242645264,-0.10663917660713196,0.13648386299610138,0.8816400170326233,-0.284684419631958,0.3164798617362976,1.0309826135635376,-0.4632079601287842,0.5071647763252258,1.0249195098876953,-0.5116432309150696,0.5537633895874023,1.1016885042190552,0.054890990257263184,0.19211246073246002,0.8587499260902405,0.016261383891105652,0.3320608139038086,1.1143356561660767,-0.12227372825145721,0.43930792808532715,0.9204948544502258,-0.18511617183685303,0.5196816921234131,0.9218294024467468,0.1979961097240448,-0.2792252004146576,1.1689937114715576,0.22768214344978333,-0.3203500509262085,1.2306896448135376,0.20802254974842072,-0.4075168967247009,1.2544209957122803,0.12368128448724747,-0.5357262492179871,1.1619818210601807,0.2967436611652374,-0.38179081678390503,1.228879690170288,0.37505775690078735,-0.4628356993198395,1.089614748954773,-0.5065706968307495,0.5551935434341431,0.9973087906837463,-0.14750461280345917,0.4482657015323639,0.855436384677887
-0.017429254949092865,0.16922341287136078,0.8529197573661804,0.031118065118789673,0.03260314464569092,0.8657078742980957,0.07704943418502808,-0.104896679520607,0.8787304162979126,0.12298217415809631,-0.2424006313085556,0.8917533159255981,0.0855221375823021,-0.25549158453941345,0.8944962024688721,-0.010706394910812378,-0.28699061274528503,0.901314914226532,-0.1941610425710678,-0.1888645589351654,0.856187105178833,-0.2916855216026306,-0.0420302152633667,0.9602559208869934,-0.3111904263496399,-0.012663345783948898,0.9810696840286255,-0.35020023584365845,0.046070393174886703,1.0226972103118896,-0.3061637282371521,0.050930529832839966,0.9765803217887878,0.16094143688678741,-0.23080414533615112,0.8891519904136658,0.2571699619293213,-0.19930511713027954,0.8823332786560059,0.2656397521495819,-0.004483893513679504,0.7969294786453247,0.20244252681732178,0.07160473614931107,0.9761452674865723,0.1898030787706375,0.08682246506214142,1.0119884014129639,0.16452418267726898,0.11725791543722153,1.083674669265747,0.13046325743198395,0.09766556322574615,1.033220887184143,-0.09868696331977844,0.1408812254667282,0.8586068153381348,-0.2824523448944092,0.31741198897361755,1.00410795211792,-0.4584801495075226,0.5096253752708435,0.9940807223320007,-0.5105355978012085,0.5543646812438965,1.0693373680114746,0.06382845342159271,0.19756560027599335,0.8472326993942261,0.012364085763692856,0.32545703649520874,1.1062666177749634,-0.11597169935703278,0.44159257411956787,0.9111390113830566,-0.1787116527557373,0.5218124389648438,0.912984311580658,0.20911389589309692,-0.2768934965133667,1.1470088958740234,0.24122212827205658,-0.3191571533679962,1.2095638513565063,0.2237091213464737,-0.40955907106399536,1.2327880859375,0.1401163637638092,-0.5422713756561279,1.1365396976470947,0.3138796091079712,-0.38022252917289734,1.206325888633728,0.3955994248390198,-0.45915114879608154,1.06156325340271,-0.49980428814888,0.5587834119796753,0.9656527638435364,-0.1378369778394699,0.45356446504592896,0.8454813957214355
-0.01271219551563263,0.1613612025976181,0.8382222652435303,0.03641273081302643,0.02837817370891571,0.8469040989875793,0.08259308338165283,-0.10564196109771729,0.855798065662384,0.12877482175827026,-0.23966611921787262,0.8646922707557678,0.0923277735710144,-0.252988338470459,0.8655154705047607,0.00025784969329833984,-0.28458458185195923,0.8674594163894653,-0.1800326704978943,-0.1877293884754181,0.8200957775115967,-0.2815365195274353,-0.04869796335697174,0.9257692694664001,-0.301837295293808,-0.02089167758822441,0.9469039440155029,-0.34243884682655334,0.03472089394927025,0.9891733527183533,-0.2973755896091461,0.04204055666923523,0.9456099271774292,0.16572381556034088,-0.22780054807662964,0.8639658093452454,0.25779372453689575,-0.1962043046951294,0.8620218634605408,0.26553818583488464,0.000756382942199707,0.7893897294998169,0.21565860509872437,0.07930072396993637,0.9686729907989502,0.2056826949119568,0.09500959515571594,1.004529595375061,0.18573085963726044,0.1264273226261139,1.0762429237365723,0.14879059791564941,0.10816267132759094,1.0284531116485596,-0.09366977214813232,0.1315392106771469,0.8395140767097473,-0.26027822494506836,0.3030957877635956,1.006080150604248,-0.4227478802204132,0.5045496821403503,1.0174158811569214,-0.4696959853172302,0.5454814434051514,1.0971311330795288,0.06824538111686707,0.1911831945180893,0.8369304537773132,0.005480542778968811,0.30618417263031006,1.0972564220428467,-0.11656612902879715,0.4278632700443268,0.9038466215133667,-0.18021929264068604,0.5064391493797302,0.9067035913467407,0.21858897805213928,-0.2758261561393738,1.1251164674758911,0.2528950273990631,-0.3189154267311096,1.188438892364502,0.23785020411014557,-0.4122123718261719,1.210964322090149,0.15623313188552856,-0.5491495132446289,1.1108341217041016,0.32907238602638245,-0.37905120849609375,1.1841083765029907,0.41469597816467285,-0.4551929831504822,1.0347422361373901,-0.4612550735473633,0.5580570697784424,0.9946227073669434,-0.1360306441783905,0.4422309994697571,0.8384243845939636
-0.007370263338088989,0.1330184042453766,0.8168830275535583,0.040482185781002045,0.010632224380970001,0.8229020833969116,0.08506499230861664,-0.11298149079084396,0.828942596912384,0.12964914739131927,-0.2365989089012146,0.8349832892417908,0.09610574692487717,-0.2494993507862091,0.8341273069381714,0.007723718881607056,-0.2814890444278717,0.831802248954773,-0.16870805621147156,-0.18733739852905273,0.7813097238540649,-0.2742287516593933,-0.05585482716560364,0.8857624530792236,-0.2953328788280487,-0.02955831214785576,0.9066529870033264,-0.3375411629676819,0.02303471788764,0.9484341144561768,-0.2917850613594055,0.03228983283042908,0.9076960682868958,0.16367709636688232,-0.22504203021526337,0.8359049558639526,0.25205913186073303,-0.19305233657360077,0.8382300138473511,0.2572259306907654,0.004408448934555054,0.7788604497909546,0.22109454870224,0.08396884799003601,0.9568978548049927,0.21386827528476715,0.09988092631101608,0.9925053119659424,0.19941572844982147,0.13170509040355682,1.0637202262878418,0.15989521145820618,0.11435677856206894,1.0192676782608032,-0.08753824234008789,0.10152684897184372,0.813909649848938,-0.24645857512950897,0.2615501880645752,0.997241199016571,-0.40312671661376953,0.46501684188842773,1.025543212890625,-0.448036789894104,0.5009137392044067,1.1084470748901367,0.07279771566390991,0.16450995206832886,0.8198564052581787,-0.0029544755816459656,0.26950550079345703,1.0800700187683105,-0.11935194581747055,0.394334077835083,0.8861266374588013,-0.18464240431785583,0.47120290994644165,0.8887507319450378,0.2238999605178833,-0.2741489112377167,1.0995349884033203,0.26056307554244995,-0.3178585469722748,1.1633329391479492,0.24818840622901917,-0.41370388865470886,1.185148000717163,0.16851788759231567,-0.5544391870498657,1.08169686794281,0.34000471234321594,-0.37678560614585876,1.1576770544052124,0.42866411805152893,-0.4498373568058014,1.0038626194000244,-0.44037941098213196,0.5208734273910522,1.0073425769805908,-0.13638761639595032,0.4103206396102905,0.820604145526886
-0.009331628680229187,0.11695127189159393,0.7910116314888,0.03834443539381027,0.0012893304228782654,0.795586109161377,0.0822586864233017,-0.11585953086614609,0.7999793887138367,0.12617425620555878,-0.2330119013786316,0.8043727874755859,0.09444571286439896,-0.2456953525543213,0.8026993870735168,0.008691668510437012,-0.2780117392539978,0.7981462478637695,-0.1637120246887207,-0.18680831789970398,0.7465834617614746,-0.2705565094947815,-0.06149226427078247,0.8490989208221436,-0.2919254004955292,-0.03642905503511429,0.8696020245552063,-0.33466318249702454,0.013697367161512375,0.910608172416687,-0.28913190960884094,0.0240618959069252,0.8719805479049683,0.15838009119033813,-0.2216017246246338,0.8060939908027649,0.24413412809371948,-0.18928533792495728,0.8106471300125122,0.24185369908809662,0.006009459495544434,0.7601045966148376,0.217642679810524,0.09085798263549805,0.9328582286834717,0.21280047297477722,0.10782768577337265,0.9674089550971985,0.2031160593032837,0.14176709949970245,1.0365104675292969,0.16177117824554443,0.12283259630203247,0.9964516758918762,-0.0882357507944107,0.0842076912522316,0.7854702472686768,-0.24147160351276398,0.2295486330986023,0.9847456216812134,-0.3961377739906311,0.4311537742614746,1.0300636291503906,-0.4391852915287018,0.46141621470451355,1.1160324811935425,0.06957249343395233,0.14969485998153687,0.7965530157089233,-0.014970339834690094,0.2480517327785492,1.056349754333496,-0.12869217991828918,0.37412506341934204,0.8619459271430969,-0.19551919400691986,0.44954562187194824,0.8642772436141968,0.2286158800125122,-0.273489385843277,1.0706249475479126,0.2683253884315491,-0.31813228130340576,1.1339119672775269,0.25855016708374023,-0.4162452220916748,1.1546220779418945,0.17875219881534576,-0.5594545006752014,1.0486118793487549,0.35038095712661743,-0.3759705424308777,1.1254127025604248,0.43893933296203613,-0.4453429877758026,0.965851902961731,-0.4333440065383911,0.48826801776885986,1.0165133476257324,-0.14432378113269806,0.3910093307495117,0.7963675260543823
-0.015487588942050934,0.11011964082717896,0.7720325589179993,0.03320790082216263,-0.0025507882237434387,0.7755016684532166,0.07753454893827438,-0.11702007800340652,0.7786391973495483,0.12186253070831299,-0.231492817401886,0.7817768454551697,0.09088461101055145,-0.24425575137138367,0.7799036502838135,0.006591923534870148,-0.2770368158817291,0.7747999429702759,-0.16398385167121887,-0.18789587914943695,0.7239058613777161,-0.2710336446762085,-0.06638766080141068,0.8259768486022949,-0.2924436032772064,-0.04208601266145706,0.8463910818099976,-0.33526352047920227,0.006517279893159866,0.8872194886207581,-0.2902012765407562,0.01759333908557892,0.849496603012085,0.1533222198486328,-0.21997402608394623,0.7836840748786926,0.23761489987373352,-0.18719296157360077,0.7887877821922302,0.22450962662696838,0.007187560200691223,0.7478381395339966,0.21247754991054535,0.09735549241304398,0.9162642955780029,0.2100711315870285,0.11538907885551453,0.9499495029449463,0.2052582949399948,0.15145625174045563,1.017319917678833,0.16187205910682678,0.1300288885831833,0.9821802973747253,-0.09295863658189774,0.07643603533506393,0.7655020952224731,-0.24397572875022888,0.21347638964653015,0.9721254110336304,-0.3991016745567322,0.41289132833480835,1.024668574333191,-0.4413950741291046,0.440497487783432,1.111871361732483,0.06198345869779587,0.14380323886871338,0.7785630226135254,-0.026935026049613953,0.23759695887565613,1.0385161638259888,-0.14092621207237244,0.36380600929260254,0.8444325923919678,-0.20911569893360138,0.43796205520629883,0.8469282984733582,0.23478129506111145,-0.2768191397190094,1.047142744064331,0.27787286043167114,-0.3227395713329315,1.1088708639144897,0.2705889940261841,-0.4228006899356842,1.1276981830596924,0.18931671977043152,-0.5669068098068237,1.0192841291427612,0.36184078454971313,-0.3794020712375641,1.0962814092636108,0.44786345958709717,-0.4439440965652466,0.9302699565887451,-0.43671250343322754,0.47016093134880066,1.013115406036377,-0.15619345009326935,0.3811570107936859,0.7789061665534973
-0.02179054170846939,0.10686217248439789,0.753535270690918,0.027616117149591446,-0.003670133650302887,0.755879282951355,0.07207352668046951,-0.11629229784011841,0.757799506187439,0.11653227359056473,-0.22891783714294434,0.7597197890281677,0.0860494077205658,-0.24168728291988373,0.7580316662788391,0.0026293322443962097,-0.27469584345817566,0.7534199357032776,-0.16687601804733276,-0.1867966651916504,0.704537034034729,-0.2728091776371002,-0.06768354773521423,0.8070420026779175,-0.29399579763412476,-0.04386092349886894,0.8275430202484131,-0.3363690674304962,0.00378432497382164,0.8685449957847595,-0.29200124740600586,0.015209212899208069,0.8310420513153076,0.14749833941459656,-0.21737249195575714,0.7614287734031677,0.23091840744018555,-0.1843639314174652,0.7660405039787292,0.20455922186374664,0.007988974452018738,0.7320786118507385,0.20446182787418365,0.10606983304023743,0.8942426443099976,0.2044423520565033,0.12568600475788116,0.9266754388809204,0.20440340042114258,0.16491834819316864,0.9915410280227661,0.1594061255455017,0.13972418010234833,0.9624549150466919,-0.09790706634521484,0.07270105928182602,0.7470322847366333,-0.24769869446754456,0.20521405339241028,0.9574646949768066,-0.40378159284591675,0.40299737453460693,1.013238549232483,-0.44561144709587097,0.42940011620521545,1.101035237312317,0.05432598292827606,0.14102327823638916,0.7600382566452026,-0.03560773283243179,0.2317201942205429,1.0207393169403076,-0.1514027863740921,0.35784798860549927,0.8276742696762085,-0.22055836021900177,0.43108081817626953,0.8307657837867737,0.24053826928138733,-0.2794671654701233,1.0226998329162598,0.28688761591911316,-0.32671797275543213,1.0824105739593506,0.2816234230995178,-0.428397536277771,1.099190592765808,0.19779573380947113,-0.5726089477539062,0.9889250993728638,0.3720828592777252,-0.38239267468452454,1.0653780698776245,0.4540974497795105,-0.44226184487342834,0.8931231498718262,-0.4418659210205078,0.4601242244243622,1.0025643110275269,-0.1669492870569229,0.37547963857650757,0.7622887492179871
-0.029092542827129364,0.10949498414993286,0.7356662750244141,0.020675931125879288,-0.0002993568778038025,0.7355527281761169,0.06522563844919205,-0.11231280863285065,0.7354176640510559,0.10977667570114136,-0.2243296205997467,0.7352825999259949,0.07941458374261856,-0.2371099293231964,0.7350634336471558,-0.0034544989466667175,-0.2700676918029785,0.7344720959663391,-0.17360275983810425,-0.18301242589950562,0.6935467720031738,-0.2739962935447693,-0.0647980123758316,0.7996984720230103,-0.29407501220703125,-0.0411551296710968,0.8209288120269775,-0.3342324495315552,0.006130635738372803,0.8633894920349121,-0.29196488857269287,0.017428353428840637,0.8242331743240356,0.14062300324440002,-0.21276679635047913,0.7355002164840698,0.2234920859336853,-0.17980903387069702,0.7360915541648865,0.18216104805469513,0.009273648262023926,0.7088258862495422,0.19325003027915955,0.11260594427585602,0.8654182553291321,0.19546782970428467,0.13327240943908691,0.896736741065979,0.19990341365337372,0.1746053248643875,0.9593737125396729,0.1541769951581955,0.14566045999526978,0.9365990161895752,-0.10433677583932877,0.07539068162441254,0.7327489256858826,-0.24430519342422485,0.20661434531211853,0.9506176114082336,-0.3982737064361572,0.4039360284805298,1.0134470462799072,-0.4361281394958496,0.43023163080215454,1.1030601263046265,0.04615169018507004,0.14359928667545319,0.7385836243629456,0.010753370821475983,0.2238192856311798,1.0153312683105469,-0.1348004937171936,0.3625490367412567,0.8535975217819214,-0.19934165477752686,0.4374653697013855,0.8730116486549377,0.25886595249176025,-0.27758049964904785,0.9864071607589722,0.311228483915329,-0.3254812955856323,1.0412200689315796,0.3083398640155792,-0.42802712321281433,1.0570515394210815,0.21528175473213196,-0.5723625421524048,0.9523356556892395,0.39542293548583984,-0.38044801354408264,1.015440583229065,0.4620171785354614,-0.4375550150871277,0.8344379663467407,-0.43697839975357056,0.4609447419643402,1.0045191049575806,-0.16180473566055298,0.38382017612457275,0.7932149171829224
-0.036889106035232544,0.11390389502048492,0.7218347787857056,0.013610001653432846,0.004067331552505493,0.7200676798820496,0.058840785175561905,-0.10804649442434311,0.7186469435691833,0.1040729209780693,-0.22016367316246033,0.7172262072563171,0.07373495399951935,-0.2331337034702301,0.7189648747444153,-0.008277080953121185,-0.2662796676158905,0.7236480116844177,-0.1800190508365631,-0.18077117204666138,0.6915332674980164,-0.27426230907440186,-0.06207621097564697,0.8011389970779419,-0.2931109666824341,-0.03833721950650215,0.823060154914856,-0.33080828189849854,0.00914076343178749,0.8669024705886841,-0.2910771667957306,0.020011089742183685,0.8254574537277222,0.13490250706672668,-0.20841223001480103,0.7154720425605774,0.21691453456878662,-0.17526625096797943,0.710788905620575,0.16038036346435547,0.009736761450767517,0.6903894543647766,0.18352405726909637,0.11375636607408524,0.8441034555435181,0.18815279006958008,0.13456028699874878,0.8748462796211243,0.19741027057170868,0.17616812884807587,0.9363318681716919,0.151508167386055,0.1442650854587555,0.9193142056465149,-0.11117669939994812,0.07971996814012527,0.7236390709877014,-0.2396349161863327,0.21247532963752747,0.9476036429405212,-0.3912261724472046,0.4097420871257782,1.0161746740341187,-0.42432701587677,0.4370030462741852,1.1073726415634155,0.03739848732948303,0.14808782935142517,0.7200304865837097,0.0640982985496521,0.22289690375328064,0.9992729425430298,-0.10846234858036041,0.3688308298587799,0.8746849298477173,-0.16518115997314453,0.4448760151863098,0.9086849689483643,0.27235081791877747,-0.272568941116333,0.9568774104118347,0.32885831594467163,-0.3203818202018738,1.007821798324585,0.32711905241012573,-0.4230680763721466,1.0243241786956787,0.2259671837091446,-0.5680705308914185,0.927524209022522,0.410952627658844,-0.37566691637039185,0.9758233428001404,0.46349573135375977,-0.4337672293186188,0.7901052236557007,-0.4307229816913605,0.46641069650650024,1.0086323022842407,-0.1470762938261032,0.39212706685066223,0.8218222856521606
-0.04537705332040787,0.1214764267206192,0.7102834582328796,0.005431324243545532,0.010018236935138702,0.7054587006568909,0.05132431164383888,-0.10358642041683197,0.7015202045440674,0.09721867740154266,-0.21719448268413544,0.6975815892219543,0.06667272001504898,-0.23038801550865173,0.7014748454093933,-0.014096155762672424,-0.2633722424507141,0.7117419838905334,-0.1872665286064148,-0.17835760116577148,0.6904803514480591,-0.2740853428840637,-0.0593029260635376,0.8049976825714111,-0.29144909977912903,-0.03549198806285858,0.8279011249542236,-0.32617661356925964,0.012129884213209152,0.8737080693244934,-0.2893340289592743,0.02273997664451599,0.8297872543334961,0.1282634437084198,-0.20523571968078613,0.6936455368995667,0.2090323269367218,-0.17225147783756256,0.6833783984184265,0.1381499171257019,0.007810696959495544,0.6685184240341187,0.175535649061203,0.10966207832098007,0.8203549981117249,0.18301279842853546,0.13003236055374146,0.8507223129272461,0.19796709716320038,0.17077291011810303,0.9114569425582886,0.15206947922706604,0.13681131601333618,0.8996666669845581,-0.11874411255121231,0.08773287385702133,0.7171922326087952,-0.2325853705406189,0.22151532769203186,0.9486374258995056,-0.3796256184577942,0.4193520247936249,1.025744915008545,-0.4068756103515625,0.44712531566619873,1.1187970638275146,0.027990005910396576,0.15521997213363647,0.7033746838569641,0.13687929511070251,0.18179951608181,0.9714438915252686,-0.05713191628456116,0.3465251326560974,0.9275022149085999,-0.0981617122888565,0.4156797230243683,0.9883859157562256,0.28425896167755127,-0.2666747570037842,0.92341148853302,0.3449220061302185,-0.3137272298336029,0.9700443744659424,0.34517180919647217,-0.4162501096725464,0.9873902797698975,0.23764899373054504,-0.5625621676445007,0.9000436663627625,0.42454928159713745,-0.368755042552948,0.9320533871650696,0.4625518321990967,-0.4279927611351013,0.7432558536529541,-0.4195556938648224,0.4760398268699646,1.0204299688339233,-0.1081257164478302,0.37838214635849,0.8925604224205017
-0.0710659846663475,0.136453315615654,0.7080532908439636,-0.01329377293586731,0.019876614212989807,0.6974236369132996,0.038968779146671295,-0.09946416318416595,0.6892293095588684,0.09123289585113525,-0.21880853176116943,0.6810347437858582,0.06014818698167801,-0.23381586372852325,0.6900424957275391,-0.015442527830600739,-0.2684168815612793,0.7118561267852783,-0.1915278434753418,-0.18585419654846191,0.7136801481246948,-0.2636336386203766,-0.06579650193452835,0.8376120924949646,-0.278054803609848,-0.04178496077656746,0.8623985052108765,-0.3068971335887909,0.006238121539354324,0.9119712710380554,-0.2766008973121643,0.016616016626358032,0.863106906414032,0.12288565933704376,-0.20509831607341766,0.6719379425048828,0.1984763741493225,-0.17049729824066162,0.6501243114471436,0.10170254856348038,-0.0019644051790237427,0.6425450444221497,0.17043116688728333,0.08083826303482056,0.795490562915802,0.18417689204216003,0.0973987951874733,0.8260796666145325,0.21166834235191345,0.13051986694335938,0.8872578740119934,0.1648648977279663,0.09608051925897598,0.8812031745910645,-0.14032243192195892,0.10056792199611664,0.7252036333084106,-0.3933250308036804,0.005649201571941376,0.839951753616333,-0.652035117149353,0.03980987146496773,0.8406779170036316,-0.7241982817649841,-0.00945216789841652,0.8931253552436829,-0.001809537410736084,0.17233870923519135,0.6909029483795166,0.20424774289131165,0.11504530906677246,0.8920120000839233,0.01810036599636078,0.27362698316574097,0.9831129908561707,0.008021127432584763,0.3163060247898102,1.075101613998413,0.3156737685203552,-0.262787401676178,0.8706158995628357,0.38411015272140503,-0.30846911668777466,0.9064146280288696,0.3886062502861023,-0.41057127714157104,0.9249749183654785,0.26911461353302,-0.5591135621070862,0.8603925704956055,0.4562932550907135,-0.3633875846862793,0.855787456035614,0.46089449524879456,-0.4254264235496521,0.6643613576889038,-0.7142174243927002,0.06761744618415833,0.823437511920929,-0.04058901220560074,0.3122611939907074,0.9828171133995056
-0.0710659846663475,0.136453315615654,0.7080532908439636,-0.01329377293586731,0.019876614212989807,0.6974236369132996,0.038968779146671295,-0.09946416318416595,0.6892293095588684,0.09123289585113525,-0.21880853176116943,0.6810347437858582,0.06014818698167801,-0.23381586372852325,0.6900424957275391,-0.015442527830600739,-0.2684168815612793,0.7118561267852783,-0.1915278434753418,-0.18585419654846191,0.7136801481246948,-0.2636336386203766,-0.06579650193452835,0.8376120924949646,-0.278054803609848,-0.04178496077656746,0.8623985052108765,-0.3068971335887909,0.006238121539354324,0.9119712710380554,-0.2766008973121643,0.016616016626358032,0.863106906414032,0.12288565933704376,-0.20509831607341766,0.6719379425048828,0.1984763741493225,-0.17049729824066162,0.6501243114471436,0.10170254856348038,-0.0019644051790237427,0.6425450444221497,0.17043116688728333,0.08083826303482056,0.795490562915802,0.18417689204216003,0.0973987951874733,0.8260796666145325,0.21166834235191345,0.13051986694335938,0.8872578740119934,0.1648648977279663,0.09608051925897598,0.8812031745910645,-0.14032243192195892,0.10056792199611664,0.7252036333084106,-0.3933250308036804,0.005649201571941376,0.839951753616333,-0.652035117149353,0.03980987146496773,0.8406779170036316,-0.7241982817649841,-0.00945216789841652,0.8931253552436829,-0.001809537410736084,0.17233870923519135,0.6909029483795166,0.20424774289131165,0.11504530906677246,0.8920120000839233,0.01810036599636078,0.27362698316574097,0.9831129908561707,0.008021127432584763,0.3163060247898102,1.075101613998413,0.3156737685203552,-0.262787401676178,0.8706158995628357,0.38411015272140503,-0.30846911668777466,0.9064146280288696,0.3886062502861023,-0.41057127714157104,0.9249749183654785,0.26911461353302,-0.5591135621070862,0.8603925704956055,0.4562932550907135,-0.3633875846862793,0.855787456035614,0.46089449524879456,-0.4254264235496521,0.6643613576889038,-0.7142174243927002,0.06761744618415833,0.823437511920929,-0.04058901220560074,0.3122611939907074,0.9828171133995056
-0.08339153230190277,0.1452340930700302,0.7124208211898804,-0.023570891469717026,0.024654552340507507,0.6995190382003784,0.03138013184070587,-0.09850256145000458,0.6896651387214661,0.08633279800415039,-0.22166335582733154,0.6798109412193298,0.055388547480106354,-0.23729999363422394,0.6925954818725586,-0.016829155385494232,-0.2718968689441681,0.7222705483436584,-0.19279074668884277,-0.18634213507175446,0.7377318739891052,-0.25278815627098083,-0.06089521944522858,0.8653185367584229,-0.2647876441478729,-0.0358058325946331,0.8908358812332153,-0.2887865900993347,0.014372941106557846,0.9418705701828003,-0.2626822590827942,0.023104026913642883,0.8897327184677124,0.11787431687116623,-0.20736533403396606,0.6669193506240845,0.1900920271873474,-0.1727684587240219,0.6372442841529846,0.0840601697564125,-0.007726162672042847,0.630964994430542,0.15878823399543762,0.0680573582649231,0.7868096232414246,0.17373384535312653,0.08321405947208405,0.81797856092453,0.20362508296966553,0.11352746933698654,0.880316436290741,0.1564926952123642,0.07864444702863693,0.8741735816001892,-0.1500200629234314,0.10955294966697693,0.7369643449783325,-0.3958645462989807,-0.006113477051258087,0.8522583842277527,-0.6574846506118774,0.012251554057002068,0.8590456247329712,-0.7258545756340027,-0.04387123882770538,0.9107381105422974,-0.016763001680374146,0.1809152364730835,0.6878772974014282,0.2122526466846466,0.097336545586586,0.8542424440383911,0.046615809202194214,0.25400444865226746,0.9840424060821533,0.050812218338251114,0.2883906364440918,1.0804598331451416,0.3290199637413025,-0.26530736684799194,0.8431852459907532,0.39992985129356384,-0.3113035261631012,0.8721520900726318,0.40460696816444397,-0.4125218391418457,0.8928912281990051,0.27636659145355225,-0.5594586133956909,0.8467292189598083,0.4645690619945526,-0.3688243329524994,0.8154929280281067,0.44625920057296753,-0.43564897775650024,0.6274339556694031,-0.7219013571739197,0.037080828100442886,0.8440772294998169,-0.009995274245738983,0.29476502537727356,0.9951699376106262
-0.09725373983383179,0.15505941212177277,0.713274359703064,-0.03541025146842003,0.030609309673309326,0.6979305148124695,0.022544097155332565,-0.09605629742145538,0.6858890056610107,0.08050018548965454,-0.22272568941116333,0.6738471388816833,0.050294287502765656,-0.23898431658744812,0.6906731724739075,-0.017231136560440063,-0.27343249320983887,0.7280444502830505,-0.19018012285232544,-0.18280716240406036,0.7492266297340393,-0.22072181105613708,-0.04353976249694824,0.8730599284172058,-0.2268301546573639,-0.015686282888054848,0.897826611995697,-0.2390468269586563,0.04002067446708679,0.9473599195480347,-0.220801442861557,0.042640067636966705,0.8913158178329468,0.11133599281311035,-0.2078438103199005,0.6568902730941772,0.17886140942573547,-0.17339563369750977,0.6195189952850342,0.06642735004425049,-0.012428775429725647,0.6149104237556458,0.13806462287902832,0.06064106523990631,0.7736296653747559,0.15239207446575165,0.07525503635406494,0.80537348985672,0.1810469776391983,0.1044829711318016,0.868861198425293,0.13498550653457642,0.06839615106582642,0.8613258600234985,-0.16036531329154968,0.11973495781421661,0.7454103827476501,-0.39197254180908203,0.010462254285812378,0.8973061442375183,-0.6528037786483765,0.03161219134926796,0.9369033575057983,-0.7147428393363953,-0.022093895822763443,0.9998442530632019,-0.034142158925533295,0.19038386642932892,0.6811383366584778,0.20605811476707458,0.09613368660211563,0.829716682434082,0.05575568974018097,0.2589923143386841,0.9744041562080383,0.06890097260475159,0.29261261224746704,1.071250557899475,0.33534955978393555,-0.27044278383255005,0.8089110851287842,0.40670129656791687,-0.3176366090774536,0.8308152556419373,0.4103878140449524,-0.41728317737579346,0.8533197045326233,0.2747877538204193,-0.5590389966964722,0.8258439302444458,0.46211308240890503,-0.3779257535934448,0.7696251273155212,0.4213426113128662,-0.44752630591392517,0.5887092351913452,-0.7191011905670166,0.056564196944236755,0.9291220903396606,0.001273125410079956,0.302071750164032,0.9903512001037598
-0.11036691814661026,0.1645403355360031,0.717259407043457,-0.047496192157268524,0.03651905059814453,0.6992775797843933,0.012606989592313766,-0.09322778880596161,0.6844823956489563,0.07271197438240051,-0.22297851741313934,0.6696867942810059,0.04395955055952072,-0.23955971002578735,0.6907030344009399,-0.018001817166805267,-0.2733883261680603,0.7356556057929993,-0.18907693028450012,-0.17796489596366882,0.7536949515342712,-0.20132456719875336,-0.02130572497844696,0.8589857816696167,-0.203774094581604,0.010026112198829651,0.8800439238548279,-0.2086731493473053,0.07268978655338287,0.922160267829895,-0.1959877759218216,0.06657722592353821,0.864769697189331,0.10211765766143799,-0.2078075408935547,0.6485097408294678,0.16407902538776398,-0.17397892475128174,0.6035571694374084,0.04591049998998642,-0.016738012433052063,0.6005163192749023,0.12131161987781525,0.057786308228969574,0.7571657299995422,0.13639184832572937,0.0726911723613739,0.7884956002235413,0.16655230522155762,0.10250090062618256,0.8511554002761841,0.12108460068702698,0.06524793803691864,0.8450839519500732,-0.16927120089530945,0.13002192974090576,0.7570626735687256,-0.37764692306518555,0.04032863676548004,0.9573395252227783,-0.6316834688186646,0.07424161583185196,1.0390207767486572,-0.6840721368789673,0.027301102876663208,1.117035984992981,-0.05146263912320137,0.19905874133110046,0.6774561405181885,0.19335156679153442,0.112167589366436,0.8326723575592041,0.04447653889656067,0.2906659245491028,0.968064546585083,0.05948494374752045,0.3322458863258362,1.063354730606079,0.3351454436779022,-0.27619844675064087,0.7711706161499023,0.4054795503616333,-0.3245854079723358,0.7850921154022217,0.40833890438079834,-0.4216904044151306,0.80934739112854,0.268311083316803,-0.5558593273162842,0.8032407760620117,0.44965681433677673,-0.3871631920337677,0.7206075191497803,0.38537847995758057,-0.4580322802066803,0.5518109798431396,-0.6988994479179382,0.10119277983903885,1.0402427911758423,-0.010151270776987076,0.3363053798675537,0.9814319014549255
-0.12117715179920197,0.17216847836971283,0.7228179574012756,-0.058494508266448975,0.0412493497133255,0.7020342350006104,0.0025720447301864624,-0.09083491563796997,0.6839920878410339,0.06364042311906815,-0.2229231297969818,0.6659494042396545,0.03714282810688019,-0.2394850105047226,0.6910349726676941,-0.018452778458595276,-0.2723168134689331,0.7432201504707336,-0.18941199779510498,-0.17533402144908905,0.7542145252227783,-0.19854037463665009,-0.008042827248573303,0.8423066139221191,-0.2003660500049591,0.025415409356355667,0.8599250316619873,-0.20401740074157715,0.0923318862915039,0.8951618671417236,-0.1927332580089569,0.07997948676347733,0.8384425640106201,0.09080176055431366,-0.2077968865633011,0.6406676769256592,0.14639736711978912,-0.17496506869792938,0.5884824991226196,0.023279696702957153,-0.02136904001235962,0.5865082740783691,0.1089944913983345,0.060526713728904724,0.7340750098228455,0.12613745033740997,0.07690586149692535,0.7635883688926697,0.1604233682155609,0.10966416448354721,0.8226150274276733,0.1154203787446022,0.07131800800561905,0.8214754462242126,-0.1750679910182953,0.13886655867099762,0.7700587511062622,-0.3631032109260559,0.0561058446764946,1.0047483444213867,-0.6128650307655334,0.09541817754507065,1.1185085773468018,-0.6565934419631958,0.05069467052817345,1.2068825960159302,-0.06728631258010864,0.20547039806842804,0.6755771636962891,0.1776205450296402,0.16149605810642242,0.8636533617973328,0.003872305154800415,0.3547241687774658,0.9603086709976196,0.009622588753700256,0.41417568922042847,1.0506125688552856,0.3270379900932312,-0.2823949456214905,0.7319161295890808,0.39475178718566895,-0.3317028284072876,0.7377006411552429,0.3971768617630005,-0.425467312335968,0.7631798386573792,0.25703364610671997,-0.5503697395324707,0.7783945202827454,0.4268699884414673,-0.39542126655578613,0.6717064380645752,0.34116417169570923,-0.4652392864227295,0.5192197561264038,-0.6815428137779236,0.12343012541532516,1.126970648765564,-0.05596053600311279,0.39931637048721313,0.9624258279800415
-0.12802648544311523,0.17933432757854462,0.7336278557777405,-0.06709614396095276,0.04562336206436157,0.7087676525115967,-0.006747674196958542,-0.08870965242385864,0.6859232783317566,0.05360260605812073,-0.2230467051267624,0.663078248500824,0.03016837313771248,-0.23940686881542206,0.692091703414917,-0.018129762262105942,-0.2711760699748993,0.751315712928772,-0.1929774433374405,-0.18104028701782227,0.758944034576416,-0.1950521469116211,-0.003097429871559143,0.8234624862670898,-0.19546708464622498,0.03249114006757736,0.8363661766052246,-0.19629696011543274,0.10366827994585037,0.8621735572814941,-0.1897844821214676,0.08348776400089264,0.8069702982902527,0.07769277691841125,-0.2081466019153595,0.6338164806365967,0.12599091231822968,-0.17637738585472107,0.5745924711227417,-0.001372694969177246,-0.026274770498275757,0.5731523036956787,0.09414226561784744,0.06486491113901138,0.7088027596473694,0.11324525624513626,0.08309284597635269,0.7359328269958496,0.1514512449502945,0.1195487231016159,0.7901930212974548,0.1073492020368576,0.08041249960660934,0.7947130799293518,-0.17575670778751373,0.14748826622962952,0.7879295945167542,-0.3410666584968567,0.06849341094493866,1.0576077699661255,-0.5858904719352722,0.11339014023542404,1.206035852432251,-0.6199737787246704,0.06940199434757233,1.3045809268951416,-0.08029626309871674,0.21118038892745972,0.6793261170387268,0.1640341728925705,0.2062484472990036,0.8951320052146912,-0.036634206771850586,0.4048731327056885,0.960444450378418,-0.04109901189804077,0.4775952398777008,1.0470430850982666,0.3108777701854706,-0.28772008419036865,0.6945027709007263,0.37460801005363464,-0.3371734321117401,0.6925457715988159,0.3772507607936859,-0.42694514989852905,0.7182129621505737,0.24188412725925446,-0.5421749353408813,0.7522533535957336,0.3951031565666199,-0.40032315254211426,0.6268433332443237,0.2924659550189972,-0.46674591302871704,0.49337273836135864,-0.6561372876167297,0.1430184245109558,1.2226635217666626,-0.10203539580106735,0.44684064388275146,0.9533490538597107
-0.12940402328968048,0.18677331507205963,0.7409834265708923,-0.07219035923480988,0.05048544704914093,0.7128075361251831,-0.014828827232122421,-0.08595342934131622,0.6856828331947327,0.042534422129392624,-0.2223963886499405,0.6585572957992554,0.022972140461206436,-0.23800884187221527,0.6911835074424744,-0.017021097242832184,-0.26793426275253296,0.7571350932121277,-0.19380027055740356,-0.1862245500087738,0.7973911762237549,-0.18821042776107788,-0.005010232329368591,0.8581727147102356,-0.18709245324134827,0.03123263269662857,0.8703290224075317,-0.18485651910305023,0.1037183627486229,0.894641637802124,-0.18908342719078064,0.08212195336818695,0.8391042947769165,0.0627201646566391,-0.20826689898967743,0.6256362795829773,0.10271340608596802,-0.17834147810935974,0.559684693813324,-0.029047399759292603,-0.029388517141342163,0.5597109198570251,0.07660605013370514,0.06378325074911118,0.6890192031860352,0.09773674607276917,0.08241760730743408,0.7148808836936951,0.13999813795089722,0.1196863204240799,0.7666041851043701,0.0956256091594696,0.08048675954341888,0.7745506763458252,-0.1699388027191162,0.1571272760629654,0.8020729422569275,-0.30305391550064087,0.08656322211027145,1.0997231006622314,-0.5322082042694092,0.1390863060951233,1.2804607152938843,-0.5541329383850098,0.09763425588607788,1.386344313621521,-0.08886924386024475,0.21641935408115387,0.6798939108848572,0.171755850315094,0.22301115095615387,0.8880420923233032,-0.03203922510147095,0.4273983836174011,0.956085205078125,-0.03297331556677818,0.5055939555168152,1.0414953231811523,0.28766340017318726,-0.2922542095184326,0.6569874882698059,0.3461015224456787,-0.34156808257102966,0.6479808688163757,0.3490296006202698,-0.42690834403038025,0.6735146641731262,0.22176890075206757,-0.5317890048027039,0.7248181104660034,0.3551722764968872,-0.4033510684967041,0.5843876600265503,0.23917314410209656,-0.4650433659553528,0.4722915291786194,-0.6012847423553467,0.1704113483428955,1.3054120540618896,-0.09965955466032028,0.4694622755050659,0.9502962231636047
-0.1277751922607422,0.19490402936935425,0.7435135245323181,-0.07529637217521667,0.0567849725484848,0.7107526659965515,-0.02213573083281517,-0.08108633756637573,0.6780475378036499,0.031026501208543777,-0.21896177530288696,0.6453413963317871,0.0155252106487751,-0.2341892272233963,0.6805314421653748,-0.01606098935008049,-0.2631509304046631,0.7512800097465515,-0.18760262429714203,-0.17404665052890778,0.8029273748397827,-0.16984739899635315,0.01101614534854889,0.8524227142333984,-0.1662963479757309,0.04802870377898216,0.8623217940330505,-0.15919426083564758,0.12205381691455841,0.88211989402771,-0.16953431069850922,0.09744814038276672,0.828266978263855,0.04710559919476509,-0.20523285865783691,0.609795868396759,0.07869179546833038,-0.17627117037773132,0.5390473008155823,-0.057779982686042786,-0.02997729182243347,0.5417137742042542,0.06083854287862778,0.06388121843338013,0.6605981588363647,0.08456224948167801,0.08265291899442673,0.6843750476837158,0.13200965523719788,0.12019632011651993,0.7319287657737732,0.08769258856773376,0.08155341446399689,0.7443873882293701,-0.16103389859199524,0.16660954058170319,0.8095260858535767,-0.2618856430053711,0.0996328666806221,1.1309391260147095,-0.47409141063690186,0.15836967527866364,1.342420220375061,-0.4840519428253174,0.11747567355632782,1.4539653062820435,-0.09451649338006973,0.2231985181570053,0.6775009632110596,0.17431706190109253,0.23650658130645752,0.8908427953720093,-0.03740774095058441,0.4460347890853882,0.9577463865280151,-0.038935352116823196,0.5280857086181641,1.044228434562683,0.26014405488967896,-0.2922326624393463,0.6200261116027832,0.3129870295524597,-0.34065812826156616,0.6058633327484131,0.3157866597175598,-0.4217461049556732,0.6297338604927063,0.19770380854606628,-0.5177024602890015,0.6906225681304932,0.31357890367507935,-0.3993712067604065,0.5449919700622559,0.19144847989082336,-0.45430684089660645,0.45052051544189453,-0.5415064692497253,0.1915799379348755,1.375732183456421,-0.1074734702706337,0.48852720856666565,0.9512202143669128
-0.1178867369890213,0.20206503570079803,0.7450441718101501,-0.07127641886472702,0.06257663667201996,0.709309995174408,-0.023766212165355682,-0.07640162110328674,0.6727819442749023,0.02374541386961937,-0.21538403630256653,0.6362528204917908,0.01384241133928299,-0.2295420616865158,0.6738315224647522,-0.006545638665556908,-0.2564341127872467,0.7496299743652344,-0.16992390155792236,-0.16049209237098694,0.8188273906707764,-0.14227022230625153,0.02807477116584778,0.8547987937927246,-0.13673949241638184,0.0657881498336792,0.8619930744171143,-0.12567801773548126,0.14121490716934204,0.8763816356658936,-0.1437322199344635,0.11366746574640274,0.8255237936973572,0.03416481614112854,-0.20273660123348236,0.5982770919799805,0.054552868008613586,-0.17584456503391266,0.5224786400794983,-0.08523698151111603,-0.030460864305496216,0.5253058075904846,0.04906764626502991,0.06282048672437668,0.6295986175537109,0.07592856884002686,0.08147675544023514,0.6504572033882141,0.12965041399002075,0.11878930032253265,0.6921743154525757,0.08492051810026169,0.08219204843044281,0.7103735208511353,-0.14109022915363312,0.1761048138141632,0.8161141872406006,-0.19530391693115234,0.11829902231693268,1.1579265594482422,-0.3783293068408966,0.185918927192688,1.4012501239776611,-0.37182098627090454,0.14769968390464783,1.51671302318573,-0.09468324482440948,0.22802525758743286,0.6739741563796997,0.18216969072818756,0.24371129274368286,0.888968825340271,-0.03284639120101929,0.4592711627483368,0.9566378593444824,-0.03329054266214371,0.544259250164032,1.0438822507858276,0.2303224503993988,-0.29270505905151367,0.5881977677345276,0.27588415145874023,-0.34003862738609314,0.5699364542961121,0.2782529890537262,-0.4154604375362396,0.5931028127670288,0.1723809540271759,-0.4997054636478424,0.6644460558891296,0.26740968227386475,-0.39556342363357544,0.5144755244255066,0.14165818691253662,-0.4433305859565735,0.44166868925094604,-0.4415072202682495,0.2211986482143402,1.4438703060150146,-0.1043703705072403,0.5027951002120972,0.9501127600669861
-0.10626694560050964,0.20838642120361328,0.7435744404792786,-0.0651906430721283,0.06827406585216522,0.7058446407318115,-0.023374177515506744,-0.07123039662837982,0.6667017936706543,0.01844353973865509,-0.21073904633522034,0.6275577545166016,0.015036486089229584,-0.22359132766723633,0.6665657758712769,0.007656315807253122,-0.24815082550048828,0.7462111115455627,-0.13414736092090607,-0.1063009649515152,0.7876843810081482,-0.06718050688505173,0.07881103456020355,0.7818666696548462,-0.05378713458776474,0.11583343148231506,0.7807031273841858,-0.027000391855835915,0.18987822532653809,0.778376042842865,-0.05131480097770691,0.1553635597229004,0.7336217164993286,0.022305108606815338,-0.1994030475616455,0.5881242752075195,0.029685279354453087,-0.17484354972839355,0.5084789395332336,-0.11405693739652634,-0.029099762439727783,0.5153070092201233,0.036969415843486786,0.058560311794281006,0.6063652634620667,0.06717468798160553,0.07609232515096664,0.6245769262313843,0.12758523225784302,0.11115635931491852,0.6610002517700195,0.08220477402210236,0.07671579718589783,0.6842352151870728,-0.11760679632425308,0.1849905401468277,0.8181111216545105,-0.11678460240364075,0.13775378465652466,1.1739881038665771,-0.2631622850894928,0.2147129774093628,1.4469026327133179,-0.23761196434497833,0.17973962426185608,1.563750147819519,-0.0949270948767662,0.23178230226039886,0.6690377593040466,0.1835806965827942,0.25369691848754883,0.8945008516311646,-0.041710034012794495,0.47041767835617065,0.9585919380187988,-0.045512501150369644,0.5576348900794983,1.0475188493728638,0.19771401584148407,-0.2900792360305786,0.5612931251525879,0.23530477285385132,-0.335449755191803,0.5404190421104431,0.23762725293636322,-0.4041731357574463,0.5629458427429199,0.1470610499382019,-0.47607648372650146,0.6422398090362549,0.21911118924617767,-0.38701653480529785,0.49231094121932983,0.09459885209798813,-0.42746609449386597,0.442107617855072,-0.3204716145992279,0.2520238161087036,1.498924970626831,-0.11553945392370224,0.5135855078697205,0.9503133296966553
-0.0984245091676712,0.21260474622249603,0.7404873371124268,-0.06169772148132324,0.07253609597682953,0.7012686133384705,-0.02455299347639084,-0.06693726778030396,0.6603584289550781,0.012592852115631104,-0.2064148187637329,0.6194469928741455,0.01602090895175934,-0.21788039803504944,0.6586588621139526,0.022722315043210983,-0.24012210965156555,0.7405710816383362,-0.0943806916475296,-0.06314253807067871,0.7245546579360962,0.00951673835515976,0.10091619193553925,0.6600216627120972,0.03029622510075569,0.13372793793678284,0.6471150517463684,0.07185520231723785,0.19935142993927002,0.6213018298149109,0.04019759222865105,0.1551325023174286,0.5876948833465576,0.00956851989030838,-0.1964651644229889,0.579790472984314,0.0028671137988567352,-0.17422345280647278,0.4978782534599304,-0.1467466503381729,-0.02402585744857788,0.5165280699729919,0.02239994704723358,0.05481591820716858,0.6004796624183655,0.05622926726937294,0.07058427482843399,0.6172699928283691,0.12388791143894196,0.10212098062038422,0.6508506536483765,0.07700001448392868,0.06792954355478287,0.6776726245880127,-0.09708693623542786,0.19175848364830017,0.8161917924880981,-0.03660283982753754,0.1553879678249359,1.178649663925171,-0.1418241560459137,0.24149158596992493,1.477402687072754,-0.09588485211133957,0.20993953943252563,1.5928332805633545,-0.09976208209991455,0.2334510087966919,0.6647828817367554,0.18371954560279846,0.2636914849281311,0.8994753360748291,-0.05650588870048523,0.4773043394088745,0.9658083915710449,-0.06444931775331497,0.5657618641853333,1.0582331418991089,0.1659988909959793,-0.2806459665298462,0.5319757461547852,0.19750742614269257,-0.32307183742523193,0.5084102749824524,0.20465333759784698,-0.3856554925441742,0.5311839580535889,0.13688887655735016,-0.4497954845428467,0.6214070916175842,0.1755930632352829,-0.3729308545589447,0.46941980719566345,0.05455140769481659,-0.413742333650589,0.4464086592197418,-0.19221103191375732,0.2807101309299469,1.5385102033615112,-0.13393321633338928,0.5190227627754211,0.9571111798286438
-0.0944293960928917,0.21642452478408813,0.7378026843070984,-0.061564572155475616,0.07627975940704346,0.6976378560066223,-0.028564389795064926,-0.06334255635738373,0.655799388885498,0.004436779767274857,-0.20296905934810638,0.6139596700668335,0.013772692531347275,-0.2131485641002655,0.652393102645874,0.03330908343195915,-0.2332485467195511,0.7348796129226685,-0.06362898647785187,-0.04105478525161743,0.6704975962638855,0.06285212934017181,0.08742867410182953,0.5514742136001587,0.08814835548400879,0.11312536895275116,0.5276695489883423,0.13874080777168274,0.16451874375343323,0.4800601899623871,0.09630747139453888,0.11572660505771637,0.4607228934764862,-0.004540447145700455,-0.1943071186542511,0.575071394443512,-0.024076838046312332,-0.17420713603496552,0.49258488416671753,-0.1807510256767273,-0.01741930842399597,0.529344379901886,0.005719810724258423,0.05315735191106796,0.6125285625457764,0.043013978749513626,0.06727268546819687,0.6291654109954834,0.11760231852531433,0.09550334513187408,0.6624391078948975,0.06856576353311539,0.059036627411842346,0.6910884380340576,-0.08207997679710388,0.19789163768291473,0.8125733137130737,0.032875142991542816,0.17137999832630157,1.1748497486114502,-0.032907821238040924,0.2669515907764435,1.4930232763290405,0.03132179379463196,0.23830530047416687,1.6050279140472412,-0.1067788153886795,0.23495741188526154,0.663032054901123,0.18721924722194672,0.2720659673213959,0.9025103449821472,-0.06759725511074066,0.4819827079772949,0.9780036807060242,-0.07795540988445282,0.5710406303405762,1.0752276182174683,0.13249708712100983,-0.2728550434112549,0.5079044699668884,0.1586836874485016,-0.31301432847976685,0.4820265471935272,0.17154154181480408,-0.37064382433891296,0.5041821599006653,0.12765851616859436,-0.4285713732242584,0.6024335622787476,0.13298654556274414,-0.3621998131275177,0.4520632326602936,0.018419340252876282,-0.4046466648578644,0.4547633230686188,-0.07624534517526627,0.3083575367927551,1.5617462396621704,-0.14908337593078613,0.5222689509391785,0.97076016664505
-0.09646912664175034,0.2189086377620697,0.7369447946548462,-0.06650829315185547,0.07891352474689484,0.6960945129394531,-0.03655737638473511,-0.06065458059310913,0.6538013219833374,-0.006605561822652817,-0.20022685825824738,0.6115068793296814,0.007159054279327393,-0.20940001308918,0.6486780047416687,0.037138693034648895,-0.22794665396213531,0.7311129570007324,-0.056166112422943115,-0.026995524764060974,0.6476376056671143,0.07126452028751373,0.07952839881181717,0.4919445216655731,0.0967506468296051,0.10083318501710892,0.46080589294433594,0.14772289991378784,0.14344274997711182,0.39852866530418396,0.09725193679332733,0.09406314045190811,0.3900093138217926,-0.020044639706611633,-0.19257070124149323,0.5738760828971863,-0.050024278461933136,-0.1740240603685379,0.49144113063812256,-0.2117878794670105,-0.010795742273330688,0.5484002232551575,-0.007920309901237488,0.052244625985622406,0.6277109384536743,0.032853204756975174,0.06485269963741302,0.6435730457305908,0.1144002377986908,0.09006884694099426,0.6752973198890686,0.06355400383472443,0.05114399641752243,0.7062450647354126,-0.07593434303998947,0.2020781934261322,0.8096840381622314,0.08380412310361862,0.18260715901851654,1.171591877937317,0.050006721168756485,0.28685545921325684,1.50616455078125,0.1293463110923767,0.25995659828186035,1.6151777505874634,-0.1170039102435112,0.2357390820980072,0.6642055511474609,0.1944047510623932,0.2809883654117584,0.9047256708145142,-0.07578170299530029,0.4877464175224304,0.9952753782272339,-0.08685766160488129,0.5779722929000854,1.0984200239181519,0.09788069128990173,-0.26752763986587524,0.48994895815849304,0.11920851469039917,-0.3063204884529114,0.46170321106910706,0.1368575245141983,-0.36094197630882263,0.48170730471611023,0.11419202387332916,-0.415070116519928,0.583841860294342,0.09091570973396301,-0.35508665442466736,0.4389757812023163,-0.01597645878791809,-0.39848002791404724,0.46276921033859253,0.012294389307498932,0.33057117462158203,1.5813510417938232,-0.16215187311172485,0.5265904664993286,0.9910770654678345
-0.10074301064014435,0.22221639752388,0.7347900867462158,-0.07434742152690887,0.08214317262172699,0.6931430101394653,-0.04763539507985115,-0.05761651694774628,0.6506528258323669,-0.020922569558024406,-0.19738037884235382,0.6081613898277283,-0.0036530010402202606,-0.20580421388149261,0.643905520439148,0.03505407273769379,-0.22312818467617035,0.7252216339111328,-0.06335583329200745,-0.015941783785820007,0.6372964978218079,0.05483178794384003,0.08205009996891022,0.45780158042907715,0.07846931368112564,0.1016484797000885,0.421902596950531,0.12574435770511627,0.14084523916244507,0.3501046299934387,0.07132276892662048,0.09102003276348114,0.3492322266101837,-0.03790179640054703,-0.19047562777996063,0.5719553828239441,-0.07660886645317078,-0.1731516569852829,0.49063926935195923,-0.23942624032497406,-0.005851283669471741,0.5670765042304993,-0.020662307739257812,0.05263378843665123,0.6342405676841736,0.023090478032827377,0.0643308013677597,0.6476733684539795,0.11059604585170746,0.08772483468055725,0.6745389699935913,0.05976693332195282,0.04710271209478378,0.7093423008918762,-0.07332145422697067,0.20653782784938812,0.8049019575119019,0.1794481873512268,0.24276122450828552,1.12666654586792,0.23008307814598083,0.4082146883010864,1.4482009410858154,0.33771437406539917,0.3964216113090515,1.5409812927246094,-0.12816455960273743,0.2378949671983719,0.6646782159805298,0.2049793004989624,0.2895386815071106,0.8993804454803467,-0.07605820894241333,0.49459144473075867,1.0102603435516357,-0.08491835743188858,0.5860243439674377,1.1193166971206665,0.0615292489528656,-0.261587917804718,0.47406530380249023,0.07820261269807816,-0.2991940975189209,0.4433264136314392,0.09927228093147278,-0.3523162603378296,0.45969170331954956,0.09454737603664398,-0.40555882453918457,0.5617297291755676,0.04804391786456108,-0.3473314940929413,0.42580604553222656,-0.05059966444969177,-0.39143526554107666,0.46572041511535645,0.2110842764377594,0.46729686856269836,1.5244522094726562,-0.16678398847579956,0.5324647426605225,1.0108681917190552
-0.11876700073480606,0.22335097193717957,0.7418317794799805,-0.09934704005718231,0.08339498937129974,0.6967639923095703,-0.07855246216058731,-0.056527525186538696,0.6522085070610046,-0.057757262140512466,-0.1964542418718338,0.6076517105102539,-0.03665880113840103,-0.20486217737197876,0.6412200927734375,0.01335873082280159,-0.2230895757675171,0.7218054533004761,-0.10073238611221313,-0.008024215698242188,0.6478468775749207,-0.0015788152813911438,0.10133304446935654,0.4527440667152405,0.018251899629831314,0.12320449948310852,0.41372349858283997,0.05791332945227623,0.1669473946094513,0.33568239212036133,0.0027335137128829956,0.1141926646232605,0.3394276797771454,-0.07862970232963562,-0.18956711888313293,0.5735990405082703,-0.12864723801612854,-0.1713397204875946,0.4930137097835541,-0.2876901626586914,-0.0023648440837860107,0.5973812341690063,-0.052607446908950806,0.060239262878894806,0.6233115196228027,-0.005590904504060745,0.07276008278131485,0.6284976005554199,0.08844217658042908,0.09780173003673553,0.6388697028160095,0.04362752288579941,0.055961206555366516,0.6845086812973022,-0.08349262177944183,0.2070712149143219,0.8075878024101257,0.3280327320098877,0.31181782484054565,0.8526748418807983,0.5674902200698853,0.5787168741226196,0.9772146940231323,0.7157037258148193,0.5810173153877258,0.9765439629554749,-0.1540413796901703,0.23963072896003723,0.6760757565498352,0.22379979491233826,0.30742591619491577,0.8631523847579956,-0.05494096875190735,0.5089062452316284,1.0237587690353394,-0.05005723237991333,0.6036621928215027,1.1376466751098633,-0.0034822262823581696,-0.2534126043319702,0.4601159691810608,0.006787320598959923,-0.28897470235824585,0.42575496435165405,0.030156593769788742,-0.34170055389404297,0.4353434443473816,0.04476064071059227,-0.3982720375061035,0.5324053764343262,-0.025670981034636497,-0.3357636630535126,0.41251373291015625,-0.11341749131679535,-0.3814508318901062,0.46772119402885437,0.5979048609733582,0.6669164299964905,1.0189515352249146,-0.14948245882987976,0.5444810390472412,1.0393316745758057
-0.11876700073480606,0.22335097193717957,0.7418317794799805,-0.09934704005718231,0.08339498937129974,0.6967639923095703,-0.07855246216058731,-0.056527525186538696,0.6522085070610046,-0.057757262140512466,-0.1964542418718338,0.6076517105102539,-0.03665880113840103,-0.20486217737197876,0.6412200927734375,0.01335873082280159,-0.2230895757675171,0.7218054533004761,-0.10073238611221313,-0.008024215698242188,0.6478468775749207,-0.0015788152813911438,0.10133304446935654,0.4527440667152405,0.018251899629831314,0.12320449948310852,0.41372349858283997,0.05791332945227623,0.1669473946094513,0.33568239212036133,0.0027335137128829956,0.1141926646232605,0.3394276797771454,-0.07862970232963562,-0.18956711888313293,0.5735990405082703,-0.12864723801612854,-0.1713397204875946,0.4930137097835541,-0.2876901626586914,-0.0023648440837860107,0.5973812341690063,-0.052607446908950806,0.060239262878894806,0.6233115196228027,-0.005590904504060745,0.07276008278131485,0.6284976005554199,0.08844217658042908,0.09780173003673553,0.6388697028160095,0.04362752288579941,0.055961206555366516,0.6845086812973022,-0.08349262177944183,0.2070712149143219,0.8075878024101257,0.3280327320098877,0.31181782484054565,0.8526748418807983,0.5674902200698853,0.5787168741226196,0.9772146940231323,0.7157037258148193,0.5810173153877258,0.9765439629554749,-0.1540413796901703,0.23963072896003723,0.6760757565498352,0.22379979491233826,0.30742591619491577,0.8631523847579956,-0.05494096875190735,0.5089062452316284,1.0237587690353394,-0.05005723237991333,0.6036621928215027,1.1376466751098633,-0.0034822262823581696,-0.2534126043319702,0.4601159691810608,0.006787320598959923,-0.28897470235824585,0.42575496435165405,0.030156593769788742,-0.34170055389404297,0.4353434443473816,0.04476064071059227,-0.3982720375061035,0.5324053764343262,-0.025670981034636497,-0.3357636630535126,0.41251373291015625,-0.11341749131679535,-0.3814508318901062,0.46772119402885437,0.5979048609733582,0.6669164299964905,1.0189515352249146,-0.14948245882987976,0.5444810390472412,1.0393316745758057
-0.12788687646389008,0.22036918997764587,0.750818133354187,-0.11212345957756042,0.08095408976078033,0.7033847570419312,-0.09451475739479065,-0.05863921344280243,0.6571394801139832,-0.07690552622079849,-0.19823670387268066,0.6108928322792053,-0.05472445487976074,-0.20711559057235718,0.6435622572898865,-0.0005456991493701935,-0.22703580558300018,0.7243217825889587,-0.10746188461780548,-0.0027148574590682983,0.6651172637939453,-0.013007201254367828,0.11084190011024475,0.4688619375228882,0.0058837346732616425,0.13355325162410736,0.42961087822914124,0.043665606528520584,0.17897595465183258,0.35110872983932495,-0.014046024531126022,0.12860696017742157,0.35567280650138855,-0.09889520704746246,-0.1908750832080841,0.5777207612991333,-0.1530739665031433,-0.1709548681974411,0.49696123600006104,-0.30979180335998535,-0.00294339656829834,0.6086205244064331,-0.07380808889865875,0.06473348289728165,0.6166520118713379,-0.026611346751451492,0.0782688558101654,0.6182582974433899,0.06778213381767273,0.10533960908651352,0.6214708685874939,0.02693021297454834,0.06358443200588226,0.6712315678596497,-0.0900135338306427,0.20288674533367157,0.8147885203361511,0.3254227638244629,0.3080592155456543,0.8009766340255737,0.5803693532943726,0.5784621834754944,0.8854764699935913,0.7277176976203918,0.5803598761558533,0.8645870089530945,-0.16576021909713745,0.23785163462162018,0.6868477463722229,0.2280648648738861,0.3168832063674927,0.8368315696716309,-0.053563475608825684,0.5197054147720337,0.9943257570266724,-0.048211485147476196,0.6233155727386475,1.1010394096374512,-0.028486836701631546,-0.2521897554397583,0.4606952667236328,-0.019611835479736328,-0.2869884669780731,0.4253666400909424,0.003953143954277039,-0.33978116512298584,0.43300285935401917,0.022083919495344162,-0.39812102913856506,0.5280663967132568,-0.05254550278186798,-0.3333570957183838,0.41248196363449097,-0.13799557089805603,-0.3799194395542145,0.46992385387420654,0.6162354350090027,0.6679639220237732,0.920606255531311,-0.14922359585762024,0.5527760982513428,1.0112526416778564
-0.13453805446624756,0.21481414139270782,0.7594426870346069,-0.1227797418832779,0.07648755609989166,0.7098569869995117,-0.10873087495565414,-0.06213749945163727,0.6617220640182495,-0.09468158334493637,-0.20076672732830048,0.6135857105255127,-0.07166291773319244,-0.21028020977973938,0.6452486515045166,-0.014099705964326859,-0.23225972056388855,0.725348711013794,-0.10887673497200012,9.413063526153564e-05,0.6772904992103577,-0.015452556312084198,0.12214671075344086,0.48563799262046814,0.0032322779297828674,0.14655722677707672,0.4473074972629547,0.040601946413517,0.19537825882434845,0.37064647674560547,-0.018927253782749176,0.14703713357448578,0.37382668256759644,-0.11754755675792694,-0.19275996088981628,0.5813995599746704,-0.17511077225208282,-0.17078045010566711,0.5012995004653931,-0.3302364945411682,-0.0039437562227249146,0.6169806122779846,-0.09589515626430511,0.06973603367805481,0.6136624217033386,-0.049026887863874435,0.08447199314832687,0.6129987835884094,0.04470964893698692,0.1139439046382904,0.611671507358551,0.007098391652107239,0.07208627462387085,0.6638638377189636,-0.09436963498592377,0.19596357643604279,0.8215543031692505,0.29877030849456787,0.3187355101108551,0.7614432573318481,0.3805508613586426,0.6651859879493713,0.8622855544090271,0.5058911442756653,0.7366330027580261,0.8545312285423279,-0.17470647394657135,0.23366470634937286,0.6973310708999634,0.22550033032894135,0.30592960119247437,0.785973846912384,-0.04761536419391632,0.5257641077041626,0.9041507840156555,-0.04160647094249725,0.6457513570785522,0.9844124913215637,-0.0479419082403183,-0.25154080986976624,0.4627792239189148,-0.03947353735566139,-0.28546178340911865,0.4269009232521057,-0.01603429764509201,-0.3381216526031494,0.4332570731639862,0.0027770809829235077,-0.39798855781555176,0.526473879814148,-0.07239161431789398,-0.3312801122665405,0.4134867489337921,-0.1569019854068756,-0.3786042332649231,0.47045794129371643,0.3660309612751007,0.7568538188934326,0.8984844088554382,-0.14065688848495483,0.5590465068817139,0.9167892336845398
-0.13656286895275116,0.2071802169084549,0.768865704536438,-0.12965825200080872,0.07028481364250183,0.718403160572052,-0.12020044773817062,-0.06694486737251282,0.6692802906036377,-0.11074236035346985,-0.20417866110801697,0.620155930519104,-0.08713735640048981,-0.2143307477235794,0.6507012844085693,-0.02631111815571785,-0.23862217366695404,0.7302728891372681,-0.10906217992305756,-0.0007081031799316406,0.6917169094085693,-0.015150308609008789,0.11936989426612854,0.4998833239078522,0.0036320649087429047,0.14338549971580505,0.4615166187286377,0.04119681194424629,0.1914166957139969,0.38478317856788635,-0.02087334915995598,0.14682309329509735,0.38907763361930847,-0.13424456119537354,-0.1955181211233139,0.5890766382217407,-0.1950708031654358,-0.17122669517993927,0.509505033493042,-0.3498827815055847,-0.0039558857679367065,0.6234837174415588,-0.11831030249595642,0.07569757848978043,0.6152502298355103,-0.071995809674263,0.09162826836109161,0.6136035323143005,0.020633183419704437,0.12348965555429459,0.6103101372718811,-0.015054792165756226,0.08202968537807465,0.6638561487197876,-0.09435757994651794,0.18707306683063507,0.8291873931884766,0.28390809893608093,0.3065407872200012,0.7518073320388794,0.04752454161643982,0.5397218465805054,0.8889651298522949,0.0640544593334198,0.6748048067092896,0.9230449795722961,-0.17876815795898438,0.22728736698627472,0.7085440158843994,0.2220626175403595,0.2686682343482971,0.7396484017372131,-0.03272846341133118,0.5149968862533569,0.7985259890556335,-0.02060718834400177,0.6491333842277527,0.837801456451416,-0.06367067247629166,-0.2533423602581024,0.4695413112640381,-0.05534417927265167,-0.2867743968963623,0.4334103465080261,-0.03258516639471054,-0.33957725763320923,0.43922460079193115,-0.015107236802577972,-0.4006219506263733,0.5314701199531555,-0.08853831887245178,-0.33190879225730896,0.41923436522483826,-0.173641175031662,-0.378894567489624,0.47483107447624207,-0.03677995502948761,0.5724211931228638,0.923324465751648,-0.1216992437839508,0.5523942708969116,0.8050600290298462
-0.13830065727233887,0.19662877917289734,0.7807642221450806,-0.13558329641819,0.06204970180988312,0.7287527322769165,-0.13028107583522797,-0.07292735576629639,0.677986741065979,-0.1249786913394928,-0.20790846645832062,0.6272192597389221,-0.10116557776927948,-0.2188892364501953,0.6566729545593262,-0.0378374382853508,-0.24617359042167664,0.7358311414718628,-0.1196332573890686,-0.010353714227676392,0.7286408543586731,0.021608442068099976,0.1465841829776764,0.6143150329589844,0.04985678195953369,0.1779717653989792,0.5914498567581177,0.10635346174240112,0.24074691534042358,0.5457195043563843,0.05048280954360962,0.19827386736869812,0.5192419290542603,-0.1487341672182083,-0.1983947455883026,0.5972137451171875,-0.2120622992515564,-0.1711103916168213,0.5180555582046509,-0.3647196888923645,-0.004601120948791504,0.624468207359314,-0.14037063717842102,0.08062262088060379,0.6171509027481079,-0.09550082683563232,0.09766736626625061,0.6156874299049377,-0.005761206150054932,0.13175687193870544,0.6127604842185974,-0.04008632153272629,0.09138616919517517,0.6658505201339722,-0.09457521140575409,0.17484207451343536,0.8394215703010559,0.27555549144744873,0.29867783188819885,0.7566500306129456,0.010259658098220825,0.49157387018203735,0.8914964199066162,0.007461316883563995,0.6250938177108765,0.9281730651855469,-0.18202610313892365,0.21841548383235931,0.7221068739891052,0.21616612374782562,0.24252930283546448,0.7154267430305481,0.005212023854255676,0.5063083171844482,0.8235623240470886,0.03790752589702606,0.632609486579895,0.8700338006019592,-0.07650163024663925,-0.2569848299026489,0.47765958309173584,-0.06832737475633621,-0.2902447581291199,0.44157615303993225,-0.04698595777153969,-0.3434154987335205,0.447406142950058,-0.03266175463795662,-0.40524572134017944,0.5391957759857178,-0.1021791398525238,-0.3343413174152374,0.4265386760234833,-0.18904247879981995,-0.3795355260372162,0.4800712466239929,-0.0772395059466362,0.5113658905029297,0.9242196679115295,-0.0760045051574707,0.5521342754364014,0.8441170454025269
-0.1396695375442505,0.18564531207084656,0.7936550378799438,-0.1406690776348114,0.053633540868759155,0.7395501732826233,-0.1390143632888794,-0.0789327323436737,0.6868349313735962,-0.1373596042394638,-0.21150298416614532,0.6341181397438049,-0.11335253715515137,-0.22331522405147552,0.6624782085418701,-0.04761352390050888,-0.25369954109191895,0.7409510612487793,-0.1325620859861374,-0.027874484658241272,0.7653452157974243,0.030687451362609863,0.12895387411117554,0.821256160736084,0.06333735585212708,0.16031955182552338,0.8324383497238159,0.1286371648311615,0.22305089235305786,0.8548027276992798,0.10551384091377258,0.20113763213157654,0.7892909646034241,-0.16134868562221527,-0.20113159716129303,0.6051850914955139,-0.22708770632743835,-0.1707472801208496,0.5267122387886047,-0.37700480222702026,-0.006413355469703674,0.6232912540435791,-0.16177228093147278,0.08327875286340714,0.6219297051429749,-0.11872577667236328,0.10121717303991318,0.6216573715209961,-0.03263276815414429,0.13709402084350586,0.6211127638816833,-0.06642190366983414,0.09771287441253662,0.6722408533096313,-0.09440233558416367,0.16200411319732666,0.8505014777183533,0.2717377543449402,0.2877349853515625,0.7679079174995422,0.07599736750125885,0.5180988311767578,0.9479675889015198,0.10763105750083923,0.643886923789978,0.9933179616928101,-0.1849367320537567,0.20928651094436646,0.7368085980415344,0.20853647589683533,0.24846069514751434,0.7185683846473694,0.06129486858844757,0.5187439322471619,0.8890681862831116,0.11988875269889832,0.6290386319160461,0.9463555216789246,-0.08760599792003632,-0.26197460293769836,0.4864622950553894,-0.07971646636724472,-0.29534196853637695,0.450798362493515,-0.06014884263277054,-0.3487941324710846,0.4570976793766022,-0.04951877146959305,-0.4104803204536438,0.5487320423126221,-0.11432375013828278,-0.33823463320732117,0.4352336525917053,-0.2030143439769745,-0.3805617690086365,0.4867840111255646,0.00020600855350494385,0.5529574155807495,0.9928706884384155,-0.007316961884498596,0.5720734596252441,0.9268056750297546
-0.1416153907775879,0.17509609460830688,0.8048915863037109,-0.14582595229148865,0.04512639343738556,0.7501251101493835,-0.147319957613945,-0.08560894429683685,0.6970660090446472,-0.14881400763988495,-0.21634818613529205,0.6440053582191467,-0.12448600679636002,-0.22854119539260864,0.6713241934776306,-0.05587364733219147,-0.26091456413269043,0.7491589188575745,-0.13607366383075714,-0.037473469972610474,0.7686477899551392,-0.014278583228588104,0.0995839387178421,0.6313943862915039,0.010080432519316673,0.12699541449546814,0.6039437055587769,0.05879846215248108,0.1818183809518814,0.5490423440933228,-0.0011888034641742706,0.14518000185489655,0.5356637239456177,-0.17315824329853058,-0.20557618141174316,0.6161097884178162,-0.24177059531211853,-0.17320281267166138,0.5382750630378723,-0.3895418643951416,-0.00816585123538971,0.6258206963539124,-0.18037588894367218,0.0850634053349495,0.629716157913208,-0.13854269683361053,0.10370925813913345,0.6304952502250671,-0.05487630516290665,0.14100095629692078,0.6320534348487854,-0.08882211148738861,0.10254236310720444,0.6819377541542053,-0.0946003794670105,0.1503549963235855,0.8599916100502014,0.27012231945991516,0.2863614857196808,0.8041076064109802,0.09870563447475433,0.5118646621704102,1.0089294910430908,0.14126072824001312,0.6289045214653015,1.0648250579833984,-0.18863040208816528,0.19983719289302826,0.7497915625572205,0.19926252961158752,0.2628968060016632,0.7354384660720825,0.11755407601594925,0.5262327790260315,0.9502995610237122,0.19821175932884216,0.61956787109375,1.0087502002716064,-0.09818049520254135,-0.2709439992904663,0.49887198209762573,-0.09059205651283264,-0.30510810017585754,0.46418797969818115,-0.07255693525075912,-0.3586670458316803,0.4718925654888153,-0.06499700248241425,-0.4183962643146515,0.5645787715911865,-0.12587155401706696,-0.34727543592453003,0.449007123708725,-0.21605509519577026,-0.3861200511455536,0.4997367262840271,0.02738170325756073,0.5480191111564636,1.0585715770721436,0.06343203037977219,0.5828997492790222,1.0024363994598389
-0.14490936696529388,0.1649935394525528,0.8180554509162903,-0.15203121304512024,0.03677558898925781,0.7628519535064697,-0.15629713237285614,-0.09242662787437439,0.7096863985061646,-0.1605631709098816,-0.221632719039917,0.6565192937850952,-0.13597144186496735,-0.23413783311843872,0.6829386353492737,-0.06454166769981384,-0.26838868856430054,0.7604432106018066,-0.1505039930343628,-0.05712352693080902,0.7971678376197815,-0.008772224187850952,0.08089946210384369,0.6961410045623779,0.019574129953980446,0.10850406438112259,0.6759356260299683,0.07626684010028839,0.1637132614850998,0.6355248689651489,0.019516348838806152,0.13236680626869202,0.6107696294784546,-0.1852012723684311,-0.21053192019462585,0.6295220255851746,-0.2566310465335846,-0.17628106474876404,0.5520174503326416,-0.3988563120365143,-0.011689499020576477,0.629817008972168,-0.19861812889575958,0.08418334275484085,0.6374155879020691,-0.15857049822807312,0.10335791110992432,0.6389353275299072,-0.078475221991539,0.14170704782009125,0.6419747471809387,-0.11188601702451706,0.10472314059734344,0.6902649998664856,-0.0963396430015564,0.13924401998519897,0.8715963363647461,0.2656199038028717,0.2868425250053406,0.855027973651886,0.0783630907535553,0.48026207089424133,1.075190544128418,0.11459990590810776,0.5893571376800537,1.1475071907043457,-0.19347909092903137,0.19074305891990662,0.7645145654678345,0.18832182884216309,0.27577894926071167,0.756056547164917,0.15785297751426697,0.5308678150177002,0.9904689192771912,0.25277262926101685,0.6128061413764954,1.0426312685012817,-0.10933811217546463,-0.2811744213104248,0.5140107274055481,-0.10205958783626556,-0.3163582980632782,0.4804699122905731,-0.08535356819629669,-0.369928777217865,0.4898705780506134,-0.08036012947559357,-0.4270704388618469,0.5840277671813965,-0.1379651427268982,-0.35805511474609375,0.46599826216697693,-0.22942624986171722,-0.39342832565307617,0.5163895487785339,0.0038652122020721436,0.5083702206611633,1.1244724988937378,0.11605680733919144,0.5885846614837646,1.0512189865112305
-0.14807577431201935,0.1560341864824295,0.82633376121521,-0.15800172090530396,0.029386356472969055,0.7715659141540527,-0.16476507484912872,-0.09841115772724152,0.7190324068069458,-0.171528622508049,-0.2262125015258789,0.6664973497390747,-0.14642515778541565,-0.2387659102678299,0.691824197769165,-0.07166676223278046,-0.2740302085876465,0.767986536026001,-0.14962276816368103,-0.06433050334453583,0.7986637949943542,-0.04192138463258743,0.04014567285776138,0.6417233347892761,-0.020381106063723564,0.061040908098220825,0.6103352308273315,0.022699451074004173,0.10283137857913971,0.5475590229034424,-0.037843622267246246,0.07229170203208923,0.5457608699798584,-0.19670560956001282,-0.21504810452461243,0.6405994892120361,-0.2714639902114868,-0.17978379130363464,0.5644371509552002,-0.40787768363952637,-0.015405431389808655,0.6376714706420898,-0.21478860080242157,0.08341341465711594,0.64750075340271,-0.17617078125476837,0.10317718982696533,0.6494666337966919,-0.09893514961004257,0.14270472526550293,0.653398334980011,-0.13146629929542542,0.1061774417757988,0.700396716594696,-0.0973842442035675,0.12976014614105225,0.8779039978981018,0.2585080564022064,0.28193074464797974,0.8518926501274109,0.11307244002819061,0.4942981004714966,1.081360936164856,0.16493622958660126,0.6010487675666809,1.1449830532073975,-0.1987673044204712,0.18230822682380676,0.7747635245323181,0.17511877417564392,0.2857534885406494,0.7750527858734131,0.1741834431886673,0.5316944122314453,1.0167536735534668,0.2755182683467865,0.6071360111236572,1.063370704650879,-0.11884728074073792,-0.29055288434028625,0.5272233486175537,-0.11140333116054535,-0.3267468810081482,0.4950467348098755,-0.09538380801677704,-0.3799620270729065,0.5063838958740234,-0.09236019104719162,-0.43391233682632446,0.6020910143852234,-0.14735081791877747,-0.3684449791908264,0.48140645027160645,-0.2396000623703003,-0.40128061175346375,0.53132164478302,0.04730597138404846,0.5295036435127258,1.1366430521011353,0.1400933861732483,0.588527500629425,1.0817816257476807
-0.15192031860351562,0.14725087583065033,0.8336421251296997,-0.16472910344600677,0.02178923785686493,0.7799986600875854,-0.1740950644016266,-0.10490518808364868,0.7285875082015991,-0.18346130847930908,-0.23160339891910553,0.6771748065948486,-0.15776601433753967,-0.24412807822227478,0.7013732194900513,-0.07969216257333755,-0.28002047538757324,0.775600790977478,-0.14639323949813843,-0.06902356445789337,0.7953123450279236,-0.038775406777858734,0.015905044972896576,0.6314858198165894,-0.017251839861273766,0.032890766859054565,0.5987204909324646,0.02579529397189617,0.06686221063137054,0.5331898927688599,-0.035378459841012955,0.04024200141429901,0.5349143743515015,-0.20925840735435486,-0.22045579552650452,0.6524175405502319,-0.2873322665691376,-0.18456339836120605,0.5781899690628052,-0.41792452335357666,-0.01979939639568329,0.6499935388565063,-0.23049162328243256,0.0823943167924881,0.6576703786849976,-0.1930050402879715,0.10283306241035461,0.6592057347297668,-0.11803187429904938,0.14371055364608765,0.6622764468193054,-0.14888349175453186,0.10747280716896057,0.7090615034103394,-0.0990159809589386,0.12070265412330627,0.8831009864807129,0.24492868781089783,0.2762160301208496,0.8204571604728699,0.14451304078102112,0.5069136023521423,1.0493121147155762,0.2085648477077484,0.6132133603096008,1.096628189086914,-0.20482465624809265,0.17379909753799438,0.7841832637786865,0.15982598066329956,0.2896861433982849,0.7867657542228699,0.18203261494636536,0.5315467119216919,1.0248615741729736,0.2869873344898224,0.6028721332550049,1.064082384109497,-0.13096889853477478,-0.3013576865196228,0.5412307977676392,-0.12375257909297943,-0.33865681290626526,0.5105997920036316,-0.10835697501897812,-0.39134305715560913,0.5239574909210205,-0.10629794001579285,-0.4414726495742798,0.6212499737739563,-0.15988878905773163,-0.3803325593471527,0.4984097480773926,-0.2523047924041748,-0.41027623414993286,0.5488648414611816,0.08969055116176605,0.5483795404434204,1.1098251342773438,0.15444990992546082,0.5883917808532715,1.0911532640457153
-0.1569364219903946,0.14008447527885437,0.8395352363586426,-0.17216536402702332,0.015274226665496826,0.7877752780914307,-0.18391266465187073,-0.11079797148704529,0.7382130026817322,-0.1956603080034256,-0.23687393963336945,0.6886492371559143,-0.1695086807012558,-0.2492699772119522,0.7119554281234741,-0.08871688693761826,-0.28536099195480347,0.7846113443374634,-0.14214596152305603,-0.07331226766109467,0.7982394099235535,-0.03001653403043747,0.0055847689509391785,0.6382843255996704,-0.007590647786855698,0.021364176645874977,0.6062933206558228,0.037261124700307846,0.052922993898391724,0.5423113107681274,-0.024172667413949966,0.02932032197713852,0.5430987477302551,-0.22193962335586548,-0.2258482128381729,0.6648043990135193,-0.3027314245700836,-0.18975718319416046,0.59214848279953,-0.42728734016418457,-0.02449733018875122,0.6641210913658142,-0.24491851031780243,0.08093293756246567,0.6671929955482483,-0.208444744348526,0.10201898962259293,0.667807400226593,-0.13549721240997314,0.14419110119342804,0.6690361499786377,-0.16416794061660767,0.10821826010942459,0.7161080241203308,-0.10223011672496796,0.11359144747257233,0.8873227834701538,0.22634543478488922,0.2833762466907501,0.8049734830856323,0.1398169994354248,0.5136135816574097,1.0350643396377563,0.20430096983909607,0.6210399866104126,1.0750732421875,-0.21164272725582123,0.1665775030851364,0.7917476892471313,0.14614008367061615,0.2913205623626709,0.7908486127853394,0.18458254635334015,0.5335140228271484,1.0217223167419434,0.29154953360557556,0.6029527187347412,1.0539038181304932,-0.14334875345230103,-0.31239259243011475,0.5564025640487671,-0.13639678061008453,-0.3508499264717102,0.5274462699890137,-0.12171339988708496,-0.4029426872730255,0.5429660081863403,-0.12076893448829651,-0.44895660877227783,0.6418871879577637,-0.17280305922031403,-0.3924507200717926,0.5167655944824219,-0.26552295684814453,-0.4192293584346771,0.5676526427268982,0.08947952091693878,0.5545505285263062,1.098425030708313,0.16174103319644928,0.591098964214325,1.0879530906677246
-0.1623784303665161,0.13419248163700104,0.8447401523590088,-0.17986470460891724,0.009871810674667358,0.7945231199264526,-0.1938365250825882,-0.1156962513923645,0.7463504672050476,-0.20780876278877258,-0.2412680834531784,0.698176383972168,-0.18120841681957245,-0.2536385953426361,0.7206439971923828,-0.09816378355026245,-0.2900242805480957,0.7914019227027893,-0.13542687892913818,-0.07720883190631866,0.8049011826515198,-0.022059783339500427,0.0011258125305175781,0.6488966941833496,0.0006136372685432434,0.016792742535471916,0.6176958084106445,0.045960478484630585,0.04812660068273544,0.5552940368652344,-0.01573496311903,0.02758118510246277,0.5556883215904236,-0.23456096649169922,-0.2302623987197876,0.6751851439476013,-0.3176056146621704,-0.193876713514328,0.6044272184371948,-0.4360821545124054,-0.028301864862442017,0.6779762506484985,-0.2581271529197693,0.07966460287570953,0.6769416332244873,-0.2225361466407776,0.10125789791345596,0.6767346858978271,-0.15135414898395538,0.14444449543952942,0.6763208508491516,-0.17792746424674988,0.10843797028064728,0.7235012054443359,-0.10602181404829025,0.10764925181865692,0.8908281922340393,0.20926883816719055,0.28731274604797363,0.7900269031524658,0.1556485891342163,0.5144045948982239,1.0300929546356201,0.22628238797187805,0.6192526817321777,1.0634031295776367,-0.21873503923416138,0.16073571145534515,0.7986521124839783,0.13333484530448914,0.29422885179519653,0.7900243997573853,0.18287092447280884,0.538372278213501,1.0136706829071045,0.29068857431411743,0.6076905727386475,1.0394028425216675,-0.15501239895820618,-0.32068341970443726,0.5690453052520752,-0.14810582995414734,-0.3598839342594147,0.5413539409637451,-0.13400594890117645,-0.4114567041397095,0.5584431886672974,-0.13432562351226807,-0.4544873535633087,0.65833580493927,-0.1846131980419159,-0.4013781249523163,0.5315536260604858,-0.2777128219604492,-0.42593133449554443,0.5821487307548523,0.11423057317733765,0.5551525354385376,1.0990115404129028,0.16344372928142548,0.596647322177887,1.0796420574188232
-0.16814278066158295,0.1293451339006424,0.8494243025779724,-0.18770194053649902,0.0052408576011657715,0.8008123636245728,-0.2038245052099228,-0.12006941437721252,0.7540688514709473,-0.21994754672050476,-0.24538344144821167,0.7073239684104919,-0.19291743636131287,-0.25774991512298584,0.7290430665016174,-0.10800163447856903,-0.294341504573822,0.7978492379188538,-0.12504838407039642,-0.08126446604728699,0.815057635307312,-0.016305454075336456,-0.001533791422843933,0.6590543985366821,0.0054431334137916565,0.014412343502044678,0.6278537511825562,0.04894030839204788,0.0463046133518219,0.5654524564743042,-0.01317816972732544,0.029439345002174377,0.5680432915687561,-0.2471528947353363,-0.23437896370887756,0.6850967407226562,-0.33206868171691895,-0.19778737425804138,0.6162905693054199,-0.4443044662475586,-0.03169742226600647,0.6924864053726196,-0.2701561450958252,0.07855141162872314,0.6864402890205383,-0.23532646894454956,0.1006011813879013,0.68523108959198,-0.16566713154315948,0.14470070600509644,0.6828126311302185,-0.18996384739875793,0.10854965448379517,0.730274498462677,-0.11028680205345154,0.10280376672744751,0.8939048051834106,0.19425949454307556,0.2924219071865082,0.7836315631866455,0.1627592146396637,0.5184416770935059,1.0269882678985596,0.23668955266475677,0.6220924854278564,1.0546292066574097,-0.22599875926971436,0.15588650107383728,0.8049437999725342,0.12094077467918396,0.29770544171333313,0.7853469848632812,0.17595458030700684,0.5448727607727051,1.002560019493103,0.2834068238735199,0.6156896948814392,1.022862434387207,-0.1662691831588745,-0.32771655917167664,0.5809183716773987,-0.1593613475561142,-0.36744236946105957,0.5542084574699402,-0.14599351584911346,-0.4186396598815918,0.5725051760673523,-0.14804431796073914,-0.4594751000404358,0.6729968190193176,-0.19601303339004517,-0.40870553255081177,0.5447937846183777,-0.2897663116455078,-0.4313284158706665,0.5944812297821045,0.12761567533016205,0.5592313408851624,1.0988935232162476,0.1584751009941101,0.6036562323570251,1.0681968927383423
-0.17397399246692657,0.12512382864952087,0.8552430868148804,-0.19540390372276306,0.001005619764328003,0.8081632256507874,-0.21359288692474365,-0.12424024939537048,0.76273512840271,-0.23178240656852722,-0.24948987364768982,0.7173056602478027,-0.20432952046394348,-0.26189374923706055,0.7383483052253723,-0.1178254708647728,-0.2987010180950165,0.8051910400390625,-0.11407891660928726,-0.08775705099105835,0.8334606885910034,-0.008161313831806183,-0.0018155872821807861,0.6808575987815857,0.013022208586335182,0.015372706577181816,0.6503369808197021,0.05538925528526306,0.04974929243326187,0.5892957448959351,-0.0070867277681827545,0.03681425005197525,0.5935516953468323,-0.25943300127983093,-0.23844732344150543,0.695769190788269,-0.345937043428421,-0.2016400396823883,0.6289264559745789,-0.4524742364883423,-0.03526903688907623,0.7081798315048218,-0.2823799252510071,0.07788778096437454,0.6957042217254639,-0.24836106598377228,0.10051914304494858,0.6932091116905212,-0.18032333254814148,0.14578187465667725,0.6882188320159912,-0.20189037919044495,0.10944963991641998,0.736213743686676,-0.11473874747753143,0.09860837459564209,0.8981838226318359,0.18153981864452362,0.29891201853752136,0.78670334815979,0.15908604860305786,0.5252944827079773,1.029860019683838,0.23345157504081726,0.6292011141777039,1.0539873838424683,-0.23320923745632172,0.15163928270339966,0.8123023509979248,0.10868297517299652,0.3014909327030182,0.7809234261512756,0.16539384424686432,0.5501374006271362,0.9950196743011475,0.27162960171699524,0.6233221888542175,1.0113569498062134,-0.1775384545326233,-0.3338659405708313,0.5928025841712952,-0.1707574874162674,-0.3739376366138458,0.5667133927345276,-0.15822260081768036,-0.4249737858772278,0.5857806205749512,-0.16199606657028198,-0.46446800231933594,0.6865848898887634,-0.20770011842250824,-0.41484081745147705,0.5573568940162659,-0.3021823465824127,-0.4357578754425049,0.6060510873794556,0.12681294977664948,0.5661197900772095,1.1028697490692139,0.1488855481147766,0.6086246371269226,1.0609393119812012
-0.18616914749145508,0.11784470081329346,0.8738599419593811,-0.21222949028015137,-0.007504314184188843,0.8331832885742188,-0.23646578192710876,-0.13337776064872742,0.7930013537406921,-0.26070278882980347,-0.25925499200820923,0.75281822681427,-0.23205885291099548,-0.2717076539993286,0.7721095681190491,-0.1413033902645111,-0.3088245689868927,0.8336411714553833,-0.07835656404495239,-0.14472725987434387,0.9519439935684204,0.04077804833650589,-0.02206560969352722,0.8412168025970459,0.06460496783256531,0.0024667195975780487,0.819071352481842,0.11225880682468414,0.05153137817978859,0.7747804522514343,0.04911581799387932,0.052339233458042145,0.7826960682868958,-0.2896101772785187,-0.24817045032978058,0.7330901622772217,-0.38036563992500305,-0.2110535204410553,0.6715585589408875,-0.4756176471710205,-0.04738995432853699,0.7665695548057556,-0.31595659255981445,0.07453393936157227,0.7327706813812256,-0.2840243875980377,0.09891872107982635,0.7260109186172485,-0.22015997767448425,0.14768826961517334,0.7124913334846497,-0.23269101977348328,0.1097576916217804,0.7620351910591125,-0.12352798879146576,0.09208640456199646,0.913104236125946,0.1566210836172104,0.28872835636138916,0.7945730090141296,0.0727723017334938,0.5287935733795166,0.9920654296875,0.12658315896987915,0.6410579085350037,1.009673833847046,-0.2488103061914444,0.14360299706459045,0.8346156477928162,0.06156887114048004,0.3184167444705963,0.7689942717552185,0.10563534498214722,0.5792516469955444,0.9525384902954102,0.2013198733329773,0.6607860326766968,0.9548965692520142,-0.2087523639202118,-0.34966644644737244,0.6316681504249573,-0.2033458948135376,-0.39078542590141296,0.6069447994232178,-0.19305011630058289,-0.4416280686855316,0.6277506947517395,-0.19933846592903137,-0.4776672422885895,0.7296894788742065,-0.24180367588996887,-0.43045473098754883,0.5985062718391418,-0.3374735713005066,-0.44600945711135864,0.6468302607536316,0.026885755360126495,0.5713938474655151,1.0520267486572266,0.08842932432889938,0.6390184760093689,1.0129338502883911
-0.18616914749145508,0.11784470081329346,0.8738599419593811,-0.21222949028015137,-0.007504314184188843,0.8331832885742188,-0.23646578192710876,-0.13337776064872742,0.7930013537406921,-0.26070278882980347,-0.25925499200820923,0.75281822681427,-0.23205885291099548,-0.2717076539993286,0.7721095681190491,-0.1413033902645111,-0.3088245689868927,0.8336411714553833,-0.07835656404495239,-0.14472725987434387,0.9519439935684204,0.04077804833650589,-0.02206560969352722,0.8412168025970459,0.06460496783256531,0.0024667195975780487,0.819071352481842,0.11225880682468414,0.05153137817978859,0.7747804522514343,0.04911581799387932,0.052339233458042145,0.7826960682868958,-0.2896101772785187,-0.24817045032978058,0.7330901622772217,-0.38036563992500305,-0.2110535204410553,0.6715585589408875,-0.4756176471710205,-0.04738995432853699,0.7665695548057556,-0.31595659255981445,0.07453393936157227,0.7327706813812256,-0.2840243875980377,0.09891872107982635,0.7260109186172485,-0.22015997767448425,0.14768826961517334,0.7124913334846497,-0.23269101977348328,0.1097576916217804,0.7620351910591125,-0.12352798879146576,0.09208640456199646,0.913104236125946,0.1566210836172104,0.28872835636138916,0.7945730090141296,0.0727723017334938,0.5287935733795166,0.9920654296875,0.12658315896987915,0.6410579085350037,1.009673833847046,-0.2488103061914444,0.14360299706459045,0.8346156477928162,0.06156887114048004,0.3184167444705963,0.7689942717552185,0.10563534498214722,0.5792516469955444,0.9525384902954102,0.2013198733329773,0.6607860326766968,0.9548965692520142,-0.2087523639202118,-0.34966644644737244,0.6316681504249573,-0.2033458948135376,-0.39078542590141296,0.6069447994232178,-0.19305011630058289,-0.4416280686855316,0.6277506947517395,-0.19933846592903137,-0.4776672422885895,0.7296894788742065,-0.24180367588996887,-0.43045473098754883,0.5985062718391418,-0.3374735713005066,-0.44600945711135864,0.6468302607536316,0.026885755360126495,0.5713938474655151,1.0520267486572266,0.08842932432889938,0.6390184760093689,1.0129338502883911
-0.18767951428890228,0.11811324954032898,0.8793779015541077,-0.21447600424289703,-0.008273720741271973,0.8428943753242493,-0.2403852790594101,-0.1347741335630417,0.806164026260376,-0.26629534363746643,-0.26127833127975464,0.7694326043128967,-0.23742607235908508,-0.27349889278411865,0.7884898781776428,-0.14559665322303772,-0.31000617146492004,0.8494463562965393,-0.08388565480709076,-0.17603005468845367,1.0017647743225098,0.037933044135570526,-0.032567307353019714,0.9233714938163757,0.0622967854142189,-0.003874756395816803,0.9076928496360779,0.11102426797151566,0.05351034551858902,0.8763355016708374,0.04768386483192444,0.05299840122461319,0.8830182552337646,-0.2954461872577667,-0.25043269991874695,0.7499760389328003,-0.3872756063938141,-0.21392542123794556,0.6890195608139038,-0.4812272787094116,-0.053659334778785706,0.791228175163269,-0.3247562050819397,0.0700049176812172,0.7489100098609924,-0.29346197843551636,0.09473776817321777,0.7404463887214661,-0.23087354004383087,0.14420346915721893,0.7235190868377686,-0.2401808202266693,0.10586660355329514,0.7735249400138855,-0.12431185692548752,0.09341487288475037,0.9183961153030396,0.1532236635684967,0.27174296975135803,0.786497950553894,0.06134163588285446,0.5178892016410828,0.9617186784744263,0.1112862229347229,0.6301292777061462,0.972531795501709,-0.25104716420173645,0.1428116261959076,0.8403596878051758,0.045236796140670776,0.3194348216056824,0.7552475929260254,0.09152156114578247,0.5883848667144775,0.914169430732727,0.18385884165763855,0.6697682738304138,0.9064376354217529,-0.21713274717330933,-0.3539139926433563,0.6487367153167725,-0.21271705627441406,-0.39539146423339844,0.6243898868560791,-0.20317460596561432,-0.4462161064147949,0.6456394791603088,-0.20919808745384216,-0.4810912609100342,0.748032808303833,-0.25199300050735474,-0.4344320297241211,0.6167100667953491,-0.34751689434051514,-0.447703093290329,0.66606605052948,0.014066100120544434,0.5625246167182922,1.0165212154388428,0.07617072761058807,0.6509070992469788,0.9697206616401672
-0.19138909876346588,0.11722671985626221,0.8913809657096863,-0.2184683382511139,-0.009745925664901733,0.8574637770652771,-0.24539564549922943,-0.1365746259689331,0.8228932619094849,-0.27232375741004944,-0.2634071111679077,0.7883217334747314,-0.24313801527023315,-0.2754575312137604,0.8069674372673035,-0.14979270100593567,-0.3116128444671631,0.866902768611908,-0.09196139872074127,-0.20220041275024414,1.0403801202774048,0.03406035900115967,-0.04505188763141632,1.0028713941574097,0.059264712035655975,-0.013622183352708817,0.9953696131706238,0.109673410654068,0.04923722520470619,0.9803661108016968,0.04570640251040459,0.047505930066108704,0.9820591807365417,-0.3018021881580353,-0.2527352273464203,0.7693002820014954,-0.39514750242233276,-0.21657991409301758,0.7093649506568909,-0.4892433285713196,-0.05940023064613342,0.8182247877120972,-0.3348650336265564,0.06467293202877045,0.7657153606414795,-0.30398938059806824,0.08948756754398346,0.7552134990692139,-0.24223805963993073,0.1391168236732483,0.7342097163200378,-0.2486029416322708,0.10093764960765839,0.7851948142051697,-0.12705932557582855,0.09330204129219055,0.9295851588249207,0.15209753811359406,0.27340394258499146,0.8089696168899536,0.132217139005661,0.4972389340400696,1.028513789176941,0.20234301686286926,0.596335768699646,1.0462188720703125,-0.2557188868522644,0.14115139842033386,0.8531767725944519,0.02781212329864502,0.3168833255767822,0.7363787293434143,0.07700760662555695,0.5984680652618408,0.8667122721672058,0.1661253273487091,0.6801694631576538,0.8458749055862427,-0.22636198997497559,-0.3573342561721802,0.6669581532478333,-0.2229883372783661,-0.39901891350746155,0.6426146626472473,-0.2139924168586731,-0.45004475116729736,0.6639026403427124,-0.21916832029819489,-0.4846324622631073,0.7666590213775635,-0.2631019949913025,-0.4374784231185913,0.6355788111686707,-0.35831207036972046,-0.4490278959274292,0.6864082217216492,0.10221504420042038,0.5388182997703552,1.0957934856414795,0.06370019167661667,0.6650958061218262,0.917102575302124
-0.195274218916893,0.11634761095046997,0.9035210609436035,-0.22290116548538208,-0.011194303631782532,0.8722276091575623,-0.2507341504096985,-0.13845907151699066,0.840002179145813,-0.27856796979904175,-0.2657276391983032,0.8077757358551025,-0.24889999628067017,-0.2775501012802124,0.8258036971092224,-0.15348294377326965,-0.313167005777359,0.8840506672859192,-0.09559968113899231,-0.22009673714637756,1.0698683261871338,0.03449361026287079,-0.05861006677150726,1.075095534324646,0.06051227077841759,-0.026312731206417084,1.0761409997940063,0.11254958808422089,0.038281939923763275,1.078231930732727,0.04792105406522751,0.037205494940280914,1.0735760927200317,-0.3085384666919708,-0.2552884817123413,0.7893975973129272,-0.40395551919937134,-0.2196715772151947,0.7311506271362305,-0.4996420443058014,-0.064159095287323,0.8460448980331421,-0.34533220529556274,0.05837320536375046,0.7812077403068542,-0.31447023153305054,0.08287966251373291,0.7682403326034546,-0.2527462840080261,0.131892591714859,0.7423054575920105,-0.256661981344223,0.09453234076499939,0.7951123118400574,-0.1295853853225708,0.0931343138217926,0.9401385188102722,0.15043073892593384,0.27212220430374146,0.8217674493789673,0.2136211097240448,0.4824221730232239,1.0456371307373047,0.3016451299190521,0.5674028396606445,1.0507762432098389,-0.2609630525112152,0.13956090807914734,0.8669036030769348,0.00906991958618164,0.306632936000824,0.7131943702697754,0.06477757543325424,0.5958150029182434,0.820930540561676,0.15037155151367188,0.6767786741256714,0.7875404953956604,-0.2357310950756073,-0.3612366318702698,0.6857951879501343,-0.23317456245422363,-0.40326881408691406,0.661627471446991,-0.22408635914325714,-0.45437076687812805,0.6831867098808289,-0.22737190127372742,-0.4882546663284302,0.7866380214691162,-0.27385085821151733,-0.44159945845603943,0.6557108163833618,-0.36837130784988403,-0.45206931233406067,0.7087895274162292,0.20534323155879974,0.5241953134536743,1.1185473203659058,0.054815467447042465,0.665221095085144,0.8679726123809814
-0.19936135411262512,0.11562910676002502,0.9160524606704712,-0.22753994166851044,-0.0123911052942276,0.8869495987892151,-0.2560284733772278,-0.14010891318321228,0.8568373322486877,-0.2845178544521332,-0.2678305506706238,0.8267241716384888,-0.254347562789917,-0.2794238328933716,0.8440983295440674,-0.1568031907081604,-0.3144823908805847,0.9005109071731567,-0.09526311606168747,-0.2299603819847107,1.0939685106277466,0.03701280802488327,-0.07152761518955231,1.1399130821228027,0.06346799433231354,-0.03984105959534645,1.149101972579956,0.11637836694717407,0.023532051593065262,1.1674797534942627,0.051296863704919815,0.02469322830438614,1.1562269926071167,-0.31499776244163513,-0.2576254606246948,0.8090227246284485,-0.4125421345233917,-0.2225669026374817,0.7526101469993591,-0.5106121301651001,-0.06748014688491821,0.8738016486167908,-0.3550589084625244,0.0515131950378418,0.7940987348556519,-0.3239482641220093,0.07531186938285828,0.7781581282615662,-0.261726975440979,0.12290921062231064,0.7462769746780396,-0.26332181692123413,0.08694875240325928,0.8016654253005981,-0.13229915499687195,0.09296360611915588,0.9508230686187744,0.14956209063529968,0.27271515130996704,0.8381310105323792,0.26135170459747314,0.48333674669265747,1.0417903661727905,0.3566014766693115,0.5595914721488953,1.0313564538955688,-0.2664235532283783,0.13829460740089417,0.881281852722168,-0.010227233171463013,0.29013898968696594,0.6921718716621399,0.05655018985271454,0.5832456350326538,0.7814173102378845,0.13908615708351135,0.6619152426719666,0.7367510795593262,-0.2445988804101944,-0.3651506304740906,0.7043493986129761,-0.2427089810371399,-0.40761271119117737,0.6804885864257812,-0.23324009776115417,-0.45871052145957947,0.7024683952331543,-0.23426121473312378,-0.4916077256202698,0.8067349791526794,-0.2837812304496765,-0.4460279941558838,0.6758958101272583,-0.3774610757827759,-0.4556739330291748,0.7314460277557373,0.26686498522758484,0.5281257033348083,1.1131547689437866,0.05129734426736832,0.654724657535553,0.8260545134544373
-0.20325547456741333,0.11518865823745728,0.9280983805656433,-0.2320101261138916,-0.01328878104686737,0.9009516835212708,-0.26101383566856384,-0.14150303602218628,0.8728426694869995,-0.2900184094905853,-0.2697211503982544,0.8447328209877014,-0.2593228220939636,-0.28108686208724976,0.8614091873168945,-0.15959663689136505,-0.3155718147754669,0.9158056974411011,-0.09263426810503006,-0.23319298028945923,1.114366888999939,0.0383368656039238,-0.08219832181930542,1.197548508644104,0.06453108787536621,-0.05199939012527466,1.2141848802566528,0.11691953986883163,0.008398476988077164,1.247457504272461,0.05179627239704132,0.01259508728981018,1.2296794652938843,-0.3210292458534241,-0.25974899530410767,0.8277509212493896,-0.42075544595718384,-0.2252640426158905,0.7733544111251831,-0.5214534401893616,-0.06991170346736908,0.9015040397644043,-0.36426693201065063,0.04395606368780136,0.8055949807167053,-0.33282962441444397,0.06672962009906769,0.7864131927490234,-0.26995500922203064,0.11227673292160034,0.7480495572090149,-0.2692115008831024,0.07806158065795898,0.8063889145851135,-0.13480475544929504,0.09296269714832306,0.9607822299003601,0.14762890338897705,0.2763122320175171,0.8559970259666443,0.286296010017395,0.4913899898529053,1.0370421409606934,0.3837578296661377,0.5618924498558044,1.0143285989761353,-0.2717061936855316,0.1374146193265915,0.8954145312309265,-0.03029412031173706,0.27157124876976013,0.6761248707771301,0.04852655529975891,0.5654201507568359,0.7516524791717529,0.12811368703842163,0.6414458155632019,0.6980680823326111,-0.2526977062225342,-0.3689342439174652,0.7222371101379395,-0.25131115317344666,-0.41185837984085083,0.6987877488136292,-0.24124479293823242,-0.46286237239837646,0.7212731242179871,-0.2398136854171753,-0.49455878138542175,0.8263460993766785,-0.29259729385375977,-0.4505074918270111,0.6956209540367126,-0.3853124976158142,-0.4595532715320587,0.7536649703979492,0.3000310957431793,0.5395817756652832,1.104961633682251,0.048271071165800095,0.6380279064178467,0.7946898341178894
-0.20591866970062256,0.11528700590133667,0.9375923871994019,-0.2354142963886261,-0.013584643602371216,0.9122489094734192,-0.26497307419776917,-0.14228466153144836,0.8861190676689148,-0.29453274607658386,-0.2709885537624359,0.8599884510040283,-0.2633228003978729,-0.28215986490249634,0.8759375810623169,-0.16158771514892578,-0.31612035632133484,0.9281212687492371,-0.08891300857067108,-0.23055529594421387,1.1290936470031738,0.038814932107925415,-0.08547744154930115,1.2369494438171387,0.06436052173376083,-0.056461870670318604,1.2585206031799316,0.11545169353485107,0.0015692748129367828,1.3016629219055176,0.05032149329781532,0.007973723113536835,1.2793258428573608,-0.32606393098831177,-0.26121607422828674,0.843755304813385,-0.4277990162372589,-0.22725558280944824,0.7915716171264648,-0.5308351516723633,-0.07224799692630768,0.9270304441452026,-0.37340566515922546,0.03625768423080444,0.8155074119567871,-0.34191977977752686,0.05795881897211075,0.793202817440033,-0.27894797921180725,0.10136109590530396,0.7485935688018799,-0.2756476104259491,0.06896434724330902,0.809597373008728,-0.13615980744361877,0.09333486109972,0.9680313467979431,0.14564001560211182,0.2825869023799896,0.8714489936828613,0.29889315366744995,0.4988458454608917,1.0392580032348633,0.396647572517395,0.5664263963699341,1.0095069408416748,-0.27567753195762634,0.13723914325237274,0.9071534276008606,-0.04925288259983063,0.2670995593070984,0.6696165204048157,0.03857974708080292,0.5582265853881836,0.7467191219329834,0.11511465907096863,0.6348235011100769,0.6894172430038452,-0.2593276798725128,-0.37217095494270325,0.7379179000854492,-0.258303165435791,-0.41554391384124756,0.7150152325630188,-0.2476433664560318,-0.4663243293762207,0.7380982637405396,-0.2440396547317505,-0.49655404686927795,0.8438489437103271,-0.29966020584106445,-0.4544221758842468,0.713231086730957,-0.3914206624031067,-0.4628312885761261,0.7733920812606812,0.3173927366733551,0.5484052896499634,1.1051113605499268,0.04234565049409866,0.629736602306366,0.7915205955505371
-0.20883342623710632,0.11475461721420288,0.9473447799682617,-0.23900696635246277,-0.014500781893730164,0.9239515662193298,-0.26889124512672424,-0.143697127699852,0.8998709321022034,-0.29877641797065735,-0.272897332906723,0.8757895231246948,-0.26704394817352295,-0.2838287949562073,0.8909587860107422,-0.16333222389221191,-0.3170912265777588,0.9407097697257996,-0.0844024121761322,-0.22420060634613037,1.1414592266082764,0.041758984327316284,-0.08030949532985687,1.2613599300384521,0.06699126213788986,-0.051531270146369934,1.2853400707244873,0.11745582520961761,0.006025176495313644,1.3333003520965576,0.051818083971738815,0.013360351324081421,1.3084962368011475,-0.3308337330818176,-0.2633701264858246,0.8603585958480835,-0.43454545736312866,-0.23010767996311188,0.8106076121330261,-0.5396248698234558,-0.07503892481327057,0.9522795081138611,-0.3833579421043396,0.029730498790740967,0.8273733258247375,-0.3521045446395874,0.05068438500165939,0.8023920655250549,-0.289597749710083,0.09259215742349625,0.7524296045303345,-0.28371936082839966,0.06185542047023773,0.8156598210334778,-0.1377672702074051,0.09310060739517212,0.9753263592720032,0.14107592403888702,0.2880319058895111,0.8799206018447876,0.3070981502532959,0.5074810981750488,1.0313429832458496,0.40381696820259094,0.5727646946907043,0.9935586452484131,-0.27989959716796875,0.13640862703323364,0.9193632006645203,-0.06930020451545715,0.2611856460571289,0.6645445227622986,0.0316193625330925,0.5480849742889404,0.7429924011230469,0.10570314526557922,0.6246167421340942,0.6821761727333069,-0.2655184268951416,-0.37590673565864563,0.7542858719825745,-0.2647690176963806,-0.4196879267692566,0.7319538593292236,-0.2534251809120178,-0.47018370032310486,0.7555976510047913,-0.24759367108345032,-0.4989146292209625,0.8618861436843872,-0.30607354640960693,-0.4588199257850647,0.7315526604652405,-0.39676401019096375,-0.46671727299690247,0.7937586903572083,0.33019930124282837,0.5588696002960205,1.094411849975586,0.04056462645530701,0.6182075142860413,0.7894137501716614
-0.21236160397529602,0.11396974325180054,0.958219051361084,-0.2429945468902588,-0.015668511390686035,0.9368114471435547,-0.27289390563964844,-0.14537185430526733,0.9147701263427734,-0.3027941584587097,-0.27507907152175903,0.8927281498908997,-0.27053266763687134,-0.28571465611457825,0.9070627093315125,-0.16483324766159058,-0.31808796525001526,0.9541825652122498,-0.07932447642087936,-0.2164670079946518,1.1528042554855347,0.04800982028245926,-0.06968578696250916,1.275374174118042,0.07347667962312698,-0.04032954201102257,1.2998881340026855,0.12441040575504303,0.018382947891950607,1.3489160537719727,0.057699140161275864,0.025608502328395844,1.323441982269287,-0.3353806138038635,-0.26585322618484497,0.8781540989875793,-0.4410800337791443,-0.23347990214824677,0.831034243106842,-0.5479221343994141,-0.07818973064422607,0.9778636693954468,-0.3939396142959595,0.025484442710876465,0.8425005674362183,-0.36314311623573303,0.04621927812695503,0.8154279589653015,-0.30155009031295776,0.08768895268440247,0.7612826824188232,-0.293186217546463,0.05815165489912033,0.8261604905128479,-0.13997818529605865,0.09268397837877274,0.983543336391449,0.1349969357252121,0.2933516502380371,0.8863039612770081,0.3113723397254944,0.516021728515625,1.0217268466949463,0.40623220801353455,0.5796437859535217,0.9763853549957275,-0.2847450375556946,0.13525551557540894,0.932894766330719,-0.0930018424987793,0.2454719841480255,0.6564508676528931,0.025397419929504395,0.5278112888336182,0.72922283411026,0.09736868739128113,0.6023483276367188,0.6631442308425903,-0.27113938331604004,-0.38008007407188416,0.7721012830734253,-0.2705172300338745,-0.42430537939071655,0.750450849533081,-0.2583323121070862,-0.47441190481185913,0.7747484445571899,-0.25019893050193787,-0.5013645887374878,0.8815616369247437,-0.31161949038505554,-0.4637892246246338,0.751518189907074,-0.40117931365966797,-0.4712669253349304,0.8157426714897156,0.33854418992996216,0.5690377354621887,1.0819816589355469,0.040873415768146515,0.5970787405967712,0.7755063772201538
-0.21555489301681519,0.11354649066925049,0.9689016342163086,-0.24648705124855042,-0.01647236943244934,0.9495065808296204,-0.2761654555797577,-0.14669637382030487,0.9295372366905212,-0.3058447241783142,-0.2769242823123932,0.9095672965049744,-0.2730632722377777,-0.2872214913368225,0.9230344891548157,-0.1654762625694275,-0.31853967905044556,0.9673711061477661,-0.07411488145589828,-0.20863890647888184,1.1623969078063965,0.055758558213710785,-0.057275012135505676,1.2818603515625,0.08173324167728424,-0.027002234011888504,1.3057531118392944,0.13368260860443115,0.03354332223534584,1.3535385131835938,0.06581726670265198,0.04010997712612152,1.328510046005249,-0.3389487564563751,-0.2680424749851227,0.8958830833435059,-0.44653576612472534,-0.23672427237033844,0.8515464663505554,-0.554382860660553,-0.08111201226711273,1.0019258260726929,-0.4043113589286804,0.023513764142990112,0.8584627509117126,-0.37429705262184143,0.0444389209151268,0.8297701478004456,-0.31426844000816345,0.08628923445940018,0.7723848819732666,-0.3034040033817291,0.05774262547492981,0.8382810354232788,-0.1418965756893158,0.09265894442796707,0.9914519786834717,0.1282934844493866,0.3011000156402588,0.8936008810997009,0.31165891885757446,0.5246336460113525,1.020033836364746,0.40406370162963867,0.5887095928192139,0.9696266651153564,-0.2892132103443146,0.1344340294599533,0.9463512897491455,-0.12028543651103973,0.22071433067321777,0.6462774276733398,0.01581306755542755,0.49705496430397034,0.7147501111030579,0.08632293343544006,0.5697968006134033,0.6445914506912231,-0.2755011320114136,-0.3844907283782959,0.7904500365257263,-0.2748816907405853,-0.42926377058029175,0.7697301506996155,-0.2617243826389313,-0.47880154848098755,0.7949271202087402,-0.2512296140193939,-0.5033503770828247,0.9023317694664001,-0.3156570792198181,-0.4691609740257263,0.7724827527999878,-0.4040389060974121,-0.47603538632392883,0.8387393355369568,0.34197911620140076,0.5777862071990967,1.078980565071106,0.037675946950912476,0.5649212002754211,0.760960578918457
-0.2177600860595703,0.11375126242637634,0.9781403541564941,-0.24897924065589905,-0.016664639115333557,0.961085855960846,-0.27835774421691895,-0.14743299782276154,0.9434693455696106,-0.3077371120452881,-0.2782052755355835,0.9258522987365723,-0.27445217967033386,-0.2881368398666382,0.9384292960166931,-0.1651066243648529,-0.31828412413597107,0.9798621535301208,-0.06884612888097763,-0.20185768604278564,1.1706206798553467,0.06404239684343338,-0.04555658996105194,1.2831088304519653,0.09062010049819946,-0.014296367764472961,1.305606484413147,0.14377550780773163,0.048224076628685,1.3506017923355103,0.07481077313423157,0.053779155015945435,1.3270237445831299,-0.34134137630462646,-0.2696950435638428,0.9130838513374329,-0.4506869316101074,-0.23954777419567108,0.8716509938240051,-0.558635950088501,-0.08402973413467407,1.0245271921157837,-0.4139026403427124,0.023227937519550323,0.8752253651618958,-0.3849559724330902,0.04467947036027908,0.8453649878501892,-0.3270626366138458,0.0875825434923172,0.7856442332267761,-0.3137223720550537,0.0597166046500206,0.8518895506858826,-0.14290578663349152,0.09325622022151947,0.9978413581848145,0.12040562927722931,0.3068123459815979,0.890845537185669,0.31066858768463135,0.5349767804145813,0.9985605478286743,0.3993234634399414,0.5979891419410706,0.9402627348899841,-0.2926144003868103,0.13424630463123322,0.9584393501281738,-0.14813555777072906,0.19900265336036682,0.6401317715644836,-0.001567453145980835,0.46977129578590393,0.7112911343574524,0.06765133142471313,0.5431787371635437,0.6402348875999451,-0.2788095772266388,-0.3888159990310669,0.8086836338043213,-0.2782326340675354,-0.4342033565044403,0.7890644073486328,-0.2641449272632599,-0.48308300971984863,0.8153124451637268,-0.2513027787208557,-0.504825234413147,0.9233213663101196,-0.31870928406715393,-0.4744173288345337,0.7936605215072632,-0.4059017598628998,-0.4802723824977875,0.8619740605354309,0.3445379436016083,0.5900274515151978,1.0538980960845947,0.02421565353870392,0.5355583429336548,0.7586963176727295
-0.21903496980667114,0.11408358812332153,0.9858443737030029,-0.2503955066204071,-0.016768574714660645,0.9713007807731628,-0.2793213427066803,-0.14811915159225464,0.9562138319015503,-0.30824804306030273,-0.2794736623764038,0.9411264061927795,-0.2745094895362854,-0.2890138626098633,0.9529013633728027,-0.1636737883090973,-0.3178751766681671,0.9916722774505615,-0.06221238523721695,-0.1957787126302719,1.1769402027130127,0.07487771660089493,-0.034217506647109985,1.2776356935501099,0.10229574143886566,-0.0019052661955356598,1.2977747917175293,0.15713179111480713,0.06271921098232269,1.3380529880523682,0.08704636991024017,0.0671333372592926,1.3170769214630127,-0.34230098128318787,-0.2713611423969269,0.929187536239624,-0.453136682510376,-0.24249984323978424,0.8904166221618652,-0.5603917241096497,-0.08602894842624664,1.043842077255249,-0.4227965474128723,0.024254992604255676,0.8891154527664185,-0.3952775001525879,0.04631178081035614,0.8581701517105103,-0.34023943543434143,0.09042535722255707,0.7962794899940491,-0.3241875469684601,0.06358526647090912,0.8625621199607849,-0.14315515756607056,0.09400119632482529,1.002909779548645,0.11204788088798523,0.310454398393631,0.8817237019538879,0.3082585632801056,0.5445531010627747,0.9640731811523438,0.3921283483505249,0.6049467921257019,0.8963900804519653,-0.29491478204727173,0.13416597247123718,0.9687789678573608,-0.1740584373474121,0.18279367685317993,0.6375754475593567,-0.023620441555976868,0.44973620772361755,0.7162669897079468,0.04420442879199982,0.5258219242095947,0.6464579105377197,-0.2808651328086853,-0.3930380940437317,0.8258643746376038,-0.2804120182991028,-0.438998818397522,0.8072980046272278,-0.26553553342819214,-0.48727405071258545,0.8345188498497009,-0.2505146563053131,-0.506365180015564,0.9430272579193115,-0.3206777572631836,-0.47938627004623413,0.8136470317840576,-0.40675097703933716,-0.48401641845703125,0.8838904500007629,0.345705509185791,0.6024547815322876,1.0140841007232666,0.003917265683412552,0.5133551359176636,0.7657671570777893
-0.2196473479270935,0.11469057202339172,0.9935796856880188,-0.2509724199771881,-0.01663239300251007,0.981531023979187,-0.279291570186615,-0.1485864371061325,0.9689489006996155,-0.3076115846633911,-0.2805444300174713,0.9563663601875305,-0.2734571099281311,-0.2896842360496521,0.9674111008644104,-0.16134457290172577,-0.3172079026699066,1.0037264823913574,-0.054567232728004456,-0.18983030319213867,1.1824908256530762,0.08717338740825653,-0.022631734609603882,1.2664086818695068,0.11552151292562485,0.010807979851961136,1.2831922769546509,0.17221775650978088,0.07768741250038147,1.316759467124939,0.101014643907547,0.08080331981182098,1.2995259761810303,-0.34207382798194885,-0.272838830947876,0.9451848864555359,-0.4541863799095154,-0.24531517922878265,0.9088695645332336,-0.5599093437194824,-0.08652986586093903,1.0611621141433716,-0.4296371340751648,0.026071250438690186,0.9016687870025635,-0.40358269214630127,0.04859147220849991,0.8697701096534729,-0.3514738082885742,0.09363192319869995,0.8059727549552917,-0.3329070210456848,0.06798376142978668,0.8721092343330383,-0.14288058876991272,0.09503565728664398,1.0082217454910278,0.10208404064178467,0.3145192265510559,0.8716256618499756,0.3023691177368164,0.5533919334411621,0.9268012046813965,0.3800335228443146,0.6109591126441956,0.8497453927993774,-0.2964141070842743,0.13434548676013947,0.978937566280365,-0.19877618551254272,0.17160527408123016,0.6384705305099487,-0.04798033833503723,0.4353642463684082,0.7274113893508911,0.01809138059616089,0.5152797102928162,0.6600958108901978,-0.28129640221595764,-0.3968316912651062,0.8427938222885132,-0.2808672785758972,-0.44333890080451965,0.8251644968986511,-0.2652333080768585,-0.4910885989665985,0.853281557559967,-0.24834322929382324,-0.5077862739562988,0.9622933864593506,-0.3209283649921417,-0.4839337170124054,0.8330509066581726,-0.40614593029022217,-0.4875141382217407,0.9049731492996216,0.34324267506599426,0.613827109336853,0.9708783030509949,-0.01973896101117134,0.49664539098739624,0.7794968485832214
-0.21926307678222656,0.11553370952606201,1.001078724861145,-0.2504386603832245,-0.016294434666633606,0.99165278673172,-0.27807608246803284,-0.14887045323848724,0.9816931486129761,-0.30571430921554565,-0.28145045042037964,0.9717332124710083,-0.27117034792900085,-0.2901863157749176,0.9821000695228577,-0.15794771909713745,-0.31634408235549927,1.016108512878418,-0.04615455120801926,-0.18400335311889648,1.1880755424499512,0.09937188774347305,-0.011508822441101074,1.2525492906570435,0.12847717106342316,0.022990085184574127,1.265444040298462,0.18668775260448456,0.09198790043592453,1.2912335395812988,0.11451828479766846,0.09380166232585907,1.2783889770507812,-0.3405586779117584,-0.27415555715560913,0.961258053779602,-0.4537813067436218,-0.24799779057502747,0.9272496104240417,-0.5577793717384338,-0.08577850461006165,1.07709538936615,-0.43511727452278137,0.029283471405506134,0.9133763313293457,-0.41058486700057983,0.05229586735367775,0.8806325197219849,-0.36152002215385437,0.09832066297531128,0.8151448965072632,-0.3405149579048157,0.07390062510967255,0.8810171484947205,-0.14170733094215393,0.09630612283945084,1.0134798288345337,0.09142890572547913,0.31790098547935486,0.8601009845733643,0.29248183965682983,0.561294674873352,0.8859582543373108,0.3630301356315613,0.6152218580245972,0.7998459339141846,-0.2968188226222992,0.13476130366325378,0.9886775612831116,-0.22202849388122559,0.16659075021743774,0.6417263150215149,-0.07227888703346252,0.4273499846458435,0.7412804365158081,-0.008677631616592407,0.5116220116615295,0.6768317222595215,-0.28025680780410767,-0.4001879096031189,0.859740138053894,-0.27980703115463257,-0.44718146324157715,0.8429685235023499,-0.263447642326355,-0.49443304538726807,0.8718839883804321,-0.24485862255096436,-0.5089330673217773,0.9813019633293152,-0.3196449279785156,-0.48796409368515015,0.8522510528564453,-0.4040842354297638,-0.49060434103012085,0.9256753921508789,0.33598339557647705,0.6244502067565918,0.9232814311981201,-0.04356276988983154,0.48617905378341675,0.7959480285644531
-0.21733957529067993,0.11807587742805481,1.0171253681182861,-0.2476990818977356,-0.014880001544952393,1.01289963722229,-0.27349525690078735,-0.14877718687057495,1.0081114768981934,-0.2992922067642212,-0.28267836570739746,1.0033231973648071,-0.26402395963668823,-0.2905571758747101,1.0125099420547485,-0.1489773392677307,-0.31379207968711853,1.0424433946609497,-0.02816592901945114,-0.17256540060043335,1.1996203660964966,0.1202571764588356,0.007237598299980164,1.2200359106063843,0.1499418020248413,0.043198198080062866,1.2241190671920776,0.20931103825569153,0.11511939764022827,1.2322852611541748,0.13624778389930725,0.11481914669275284,1.2295029163360596,-0.3348408341407776,-0.27625492215156555,0.994084358215332,-0.4498874545097351,-0.2530200183391571,0.9641509056091309,-0.5474982261657715,-0.08232298493385315,1.1076068878173828,-0.4438936710357666,0.038932859897613525,0.9363222122192383,-0.4231727719306946,0.06318403035402298,0.9020652770996094,-0.38173094391822815,0.11168636381626129,0.8335514068603516,-0.355019211769104,0.08932358026504517,0.8978356122970581,-0.13844910264015198,0.09978839010000229,1.0257283449172974,0.06824624538421631,0.3297807574272156,0.8483468294143677,0.2589322030544281,0.5819774270057678,0.8271923065185547,0.31533756852149963,0.6305756568908691,0.7283518314361572,-0.2962300479412079,0.13636337220668793,1.008522391319275,-0.26347190141677856,0.16470979154109955,0.6546763181686401,-0.11780445277690887,0.42367202043533325,0.7648187875747681,-0.06169600039720535,0.5152136087417603,0.7032982110977173,-0.2744659185409546,-0.40509217977523804,0.89365553855896,-0.2737562358379364,-0.4528435468673706,0.8781587481498718,-0.2561001777648926,-0.49930933117866516,0.9082773923873901,-0.23496553301811218,-0.5104296803474426,1.018338918685913,-0.31311601400375366,-0.49406999349594116,0.8895220160484314,-0.39651042222976685,-0.4955849051475525,0.9651987552642822,0.30369240045547485,0.6498435735702515,0.8530876040458679,-0.08795145153999329,0.4794788956642151,0.8220398426055908
-0.21733957529067993,0.11807587742805481,1.0171253681182861,-0.2476990818977356,-0.014880001544952393,1.01289963722229,-0.27349525690078735,-0.14877718687057495,1.0081114768981934,-0.2992922067642212,-0.28267836570739746,1.0033231973648071,-0.26402395963668823,-0.2905571758747101,1.0125099420547485,-0.1489773392677307,-0.31379207968711853,1.0424433946609497,-0.02816592901945114,-0.17256540060043335,1.1996203660964966,0.1202571764588356,0.007237598299980164,1.2200359106063843,0.1499418020248413,0.043198198080062866,1.2241190671920776,0.20931103825569153,0.11511939764022827,1.2322852611541748,0.13624778389930725,0.11481914669275284,1.2295029163360596,-0.3348408341407776,-0.27625492215156555,0.994084358215332,-0.4498874545097351,-0.2530200183391571,0.9641509056091309,-0.5474982261657715,-0.08232298493385315,1.1076068878173828,-0.4438936710357666,0.038932859897613525,0.9363222122192383,-0.4231727719306946,0.06318403035402298,0.9020652770996094,-0.38173094391822815,0.11168636381626129,0.8335514068603516,-0.355019211769104,0.08932358026504517,0.8978356122970581,-0.13844910264015198,0.09978839010000229,1.0257283449172974,0.06824624538421631,0.3297807574272156,0.8483468294143677,0.2589322030544281,0.5819774270057678,0.8271923065185547,0.31533756852149963,0.6305756568908691,0.7283518314361572,-0.2962300479412079,0.13636337220668793,1.008522391319275,-0.26347190141677856,0.16470979154109955,0.6546763181686401,-0.11780445277690887,0.42367202043533325,0.7648187875747681,-0.06169600039720535,0.5152136087417603,0.7032982110977173,-0.2744659185409546,-0.40509217977523804,0.89365553855896,-0.2737562358379364,-0.4528435468673706,0.8781587481498718,-0.2561001777648926,-0.49930933117866516,0.9082773923873901,-0.23496553301811218,-0.5104296803474426,1.018338918685913,-0.31311601400375366,-0.49406999349594116,0.8895220160484314,-0.39651042222976685,-0.4955849051475525,0.9651987552642822,0.30369240045547485,0.6498435735702515,0.8530876040458679,-0.08795145153999329,0.4794788956642151,0.8220398426055908
-0.21515145897865295,0.11922088265419006,1.0237282514572144,-0.2449193000793457,-0.014238134026527405,1.0227116346359253,-0.26959308981895447,-0.14872553944587708,1.0210347175598145,-0.2942676246166229,-0.2832169830799103,1.0193578004837036,-0.25866422057151794,-0.2906119227409363,1.0279676914215088,-0.14277520775794983,-0.31222206354141235,1.055917501449585,-0.0189603790640831,-0.1670813411474228,1.2057960033416748,0.1276029646396637,0.014406591653823853,1.2052987813949585,0.15691563487052917,0.05070417746901512,1.2051993608474731,0.21554097533226013,0.12329934537410736,1.205000400543213,0.14269909262657166,0.1221596747636795,1.2070128917694092,-0.3301392197608948,-0.27728378772735596,1.0107295513153076,-0.4460282325744629,-0.2556736469268799,0.9827797412872314,-0.5403847098350525,-0.08081017434597015,1.1219886541366577,-0.44691920280456543,0.0441197007894516,0.9485653042793274,-0.428226113319397,0.06910567730665207,0.9138806462287903,-0.39083990454673767,0.11907763034105301,0.8445112705230713,-0.36139190196990967,0.09747384488582611,0.9075777530670166,-0.13572409749031067,0.1014525294303894,1.0305806398391724,0.05160035192966461,0.33445417881011963,0.8363903164863586,0.23386409878730774,0.5921058058738708,0.8078868985176086,0.28302809596061707,0.6435622572898865,0.706650972366333,-0.29457882046699524,0.13698923587799072,1.0168758630752563,-0.27911338210105896,0.16696085035800934,0.6619777679443359,-0.13720594346523285,0.4273655414581299,0.7736403942108154,-0.0858844593167305,0.5219820737838745,0.7125880122184753,-0.2696864604949951,-0.40719977021217346,0.9105382561683655,-0.2688157260417938,-0.4552925229072571,0.8955571055412292,-0.25047141313552856,-0.5014318227767944,0.9261465072631836,-0.22803495824337006,-0.5111185908317566,1.036480188369751,-0.3079100251197815,-0.49677854776382446,0.9078700542449951,-0.3907776474952698,-0.4979342818260193,0.9846968650817871,0.2782306671142578,0.6608375310897827,0.8321310877799988,-0.1070106253027916,0.4826282858848572,0.831212043762207
-0.2126946747303009,0.11980020999908447,1.032657504081726,-0.24143382906913757,-0.014179885387420654,1.034595012664795,-0.2645695209503174,-0.1492488533258438,1.0358083248138428,-0.2877059280872345,-0.2843218743801117,1.0370216369628906,-0.2517688274383545,-0.29116106033325195,1.045039415359497,-0.13505525887012482,-0.3109198212623596,1.0709667205810547,-0.008983135223388672,-0.16165681183338165,1.21324622631073,0.1339024156332016,0.020276516675949097,1.1910231113433838,0.16247951984405518,0.05666318163275719,1.1865785121917725,0.21963374316692352,0.12943650782108307,1.1776893138885498,0.1473757028579712,0.1276497095823288,1.184540867805481,-0.3238944709300995,-0.2789507508277893,1.0290170907974243,-0.44060802459716797,-0.25919198989868164,1.0030897855758667,-0.5328013896942139,-0.0804203599691391,1.137097954750061,-0.4503529667854309,0.04885020852088928,0.9624518156051636,-0.4338632822036743,0.07470431923866272,0.927522599697113,-0.40088391304016113,0.1264125406742096,0.8576641082763672,-0.36868584156036377,0.10562574118375778,0.9193289875984192,-0.13276316225528717,0.10272876918315887,1.0377827882766724,0.035756051540374756,0.33896732330322266,0.830757200717926,0.21067243814468384,0.6021755933761597,0.8078593015670776,0.2546953856945038,0.6595454812049866,0.7074527740478516,-0.29262620210647583,0.13687165081501007,1.0275322198867798,-0.29295769333839417,0.17105072736740112,0.6727101802825928,-0.15303821861743927,0.4328964948654175,0.7834259271621704,-0.10642734169960022,0.5297591686248779,0.7221410870552063,-0.26326945424079895,-0.4094933271408081,0.9287006258964539,-0.2621663212776184,-0.4578688442707062,0.9140993356704712,-0.24302265048027039,-0.5037215352058411,0.9449898600578308,-0.2191549837589264,-0.5122398138046265,1.0554956197738647,-0.30089271068573,-0.4996970295906067,0.9272842407226562,-0.38312020897865295,-0.5008370876312256,1.0053297281265259,0.25430357456207275,0.6707884073257446,0.8336955308914185,-0.12193535268306732,0.4878908395767212,0.8407594561576843
-0.20982113480567932,0.12003138661384583,1.0412774085998535,-0.2372310757637024,-0.014475584030151367,1.0464073419570923,-0.2585265338420868,-0.15011416375637054,1.0506998300552368,-0.27982261776924133,-0.28575679659843445,1.054992437362671,-0.24355146288871765,-0.291972815990448,1.0624068975448608,-0.12606576085090637,-0.3096630275249481,1.0862712860107422,0.0013987421989440918,-0.15617062151432037,1.2208985090255737,0.1388120949268341,0.024548783898353577,1.1759639978408813,0.16629476845264435,0.060692667961120605,1.166977047920227,0.22126011550426483,0.13298043608665466,1.149003267288208,0.14994563162326813,0.1308431327342987,1.1607180833816528,-0.31632524728775024,-0.2810150384902954,1.0476245880126953,-0.4338109493255615,-0.2633248269557953,1.023760199546814,-0.5251116156578064,-0.08135312795639038,1.1521427631378174,-0.4544745981693268,0.05346052348613739,0.977796196937561,-0.44034719467163086,0.0804232507944107,0.9429268836975098,-0.412092387676239,0.13434872031211853,0.8731882572174072,-0.3771801292896271,0.11423619091510773,0.9332230687141418,-0.12943081557750702,0.10378120839595795,1.0447337627410889,0.01861514151096344,0.341071218252182,0.8237688541412354,0.1907108575105667,0.6070830821990967,0.8213882446289062,0.23167313635349274,0.6740694046020508,0.7257659435272217,-0.29021143913269043,0.1362815648317337,1.0378210544586182,-0.3028814196586609,0.17602980136871338,0.6838306188583374,-0.16524039208889008,0.43992793560028076,0.7924473881721497,-0.12307500839233398,0.5384719371795654,0.7306424379348755,-0.25530940294265747,-0.4123470187187195,0.9475834369659424,-0.253898948431015,-0.46102315187454224,0.9335039258003235,-0.23391875624656677,-0.5064526200294495,0.9648120403289795,-0.20868097245693207,-0.5134433507919312,1.0754616260528564,-0.2921864092350006,-0.5031783580780029,0.9476550221443176,-0.37377268075942993,-0.5041662454605103,1.0268499851226807,0.2344219982624054,0.6734248995780945,0.8524687886238098,-0.13341517746448517,0.4950459599494934,0.8492546081542969
-0.20620810985565186,0.11975747346878052,1.0491759777069092,-0.23205691576004028,-0.015299052000045776,1.057813286781311,-0.25127774477005005,-0.15151529014110565,1.0654762983322144,-0.2704991400241852,-0.28773561120033264,1.0731395483016968,-0.23388178646564484,-0.2932778000831604,1.0799309015274048,-0.11560982465744019,-0.3087436258792877,1.101670265197754,0.012544900178909302,-0.15022656321525574,1.227806806564331,0.14132465422153473,0.026894107460975647,1.1558996438980103,0.1670806109905243,0.06231824308633804,1.141518235206604,0.21859250962734222,0.13316652178764343,1.112755298614502,0.14874348044395447,0.1310136318206787,1.1301230192184448,-0.30732542276382446,-0.2836739420890808,1.0664314031600952,-0.4255973696708679,-0.2682081162929535,1.044692039489746,-0.5166899561882019,-0.08330994844436646,1.167070746421814,-0.4581567347049713,0.05734279751777649,0.9941046237945557,-0.4464500844478607,0.08547334372997284,0.959511399269104,-0.4230367839336395,0.14173445105552673,0.8903249502182007,-0.3854883313179016,0.12220727652311325,0.948582649230957,-0.12539228796958923,0.10440536588430405,1.0509809255599976,-0.0005124509334564209,0.34042972326278687,0.8149394989013672,0.17126116156578064,0.6046828031539917,0.8469402194023132,0.21215827763080597,0.6834788918495178,0.7607805132865906,-0.2870239317417145,0.13510958850383759,1.0473710298538208,-0.30945849418640137,0.18004700541496277,0.694532036781311,-0.17323321104049683,0.4463290274143219,0.7989182472229004,-0.13492058217525482,0.5456559658050537,0.73590087890625,-0.24573519825935364,-0.4158155024051666,0.9668169021606445,-0.24401728808879852,-0.46478942036628723,0.9532984495162964,-0.22331802546977997,-0.5097745656967163,0.9850889444351196,-0.197002112865448,-0.5151687860488892,1.09590744972229,-0.2819216549396515,-0.5072096586227417,0.9683495759963989,-0.36304569244384766,-0.5079015493392944,1.048479437828064,0.21488666534423828,0.6665018200874329,0.8863270282745361,-0.14059565961360931,0.501980721950531,0.8547194600105286
-0.20234891772270203,0.11964219808578491,1.0559277534484863,-0.22638368606567383,-0.015973582863807678,1.068335771560669,-0.24326232075691223,-0.15276266634464264,1.0796107053756714,-0.2601414620876312,-0.2895558476448059,1.0908859968185425,-0.22317303717136383,-0.29436689615249634,1.0970773696899414,-0.10413651168346405,-0.30743208527565,1.1167670488357544,0.023860782384872437,-0.14315609633922577,1.2337931394577026,0.1400519609451294,0.02724878489971161,1.1326911449432373,0.16329020261764526,0.061329759657382965,1.1124707460403442,0.2097666710615158,0.12949171662330627,1.072029948234558,0.14200077950954437,0.12774091958999634,1.0955687761306763,-0.2972933351993561,-0.2862315773963928,1.0848172903060913,-0.41632986068725586,-0.27316638827323914,1.0651276111602783,-0.5077093839645386,-0.08614009618759155,1.1823281049728394,-0.4606115221977234,0.0599064826965332,1.0114128589630127,-0.4511919617652893,0.08911579847335815,0.9772298336029053,-0.43235281109809875,0.14753443002700806,0.9088637232780457,-0.39238759875297546,0.12848559021949768,0.9653374552726746,-0.12114141881465912,0.10527502745389938,1.0562007427215576,-0.01945129781961441,0.3357885181903839,0.8042917251586914,0.15183302760124207,0.5943105220794678,0.8685007095336914,0.19395560026168823,0.6822773814201355,0.792458176612854,-0.28355640172958374,0.13400937616825104,1.055654764175415,-0.31308138370513916,0.182022824883461,0.7038615942001343,-0.17861758172512054,0.45101988315582275,0.803132951259613,-0.14354851841926575,0.5505186915397644,0.7385954856872559,-0.2349628061056137,-0.4192262887954712,0.9856570959091187,-0.23291070759296417,-0.4685257077217102,0.9727078676223755,-0.21150900423526764,-0.5130742192268372,1.0050268173217773,-0.18422892689704895,-0.5168301463127136,1.116092324256897,-0.2704618573188782,-0.5112242102622986,0.9886411428451538,-0.35126200318336487,-0.5115883946418762,1.0696662664413452,0.1948869377374649,0.6511622071266174,0.9152512550354004,-0.1454859972000122,0.5075193047523499,0.8577358722686768
-0.198141410946846,0.11901330947875977,1.0615384578704834,-0.22015006840229034,-0.01703523099422455,1.0778101682662964,-0.23443610966205597,-0.15425853431224823,1.0927778482437134,-0.24872256815433502,-0.2914859652519226,1.1077460050582886,-0.21143481135368347,-0.2955174446105957,1.1133675575256348,-0.09170936793088913,-0.3060455322265625,1.1311193704605103,0.03559102863073349,-0.13593663275241852,1.2391375303268433,0.1367851197719574,0.02442939579486847,1.1104252338409424,0.15702393651008606,0.056502602994441986,1.084682822227478,0.19750156998634338,0.12064901739358902,1.0331978797912598,0.132229283452034,0.11994268000125885,1.0626156330108643,-0.28616559505462646,-0.2889459729194641,1.1022871732711792,-0.4058910310268402,-0.2784178853034973,1.0845353603363037,-0.4982210099697113,-0.08962123095989227,1.1969690322875977,-0.46131569147109985,0.06048716604709625,1.0277655124664307,-0.4539346396923065,0.0905088484287262,0.9939247965812683,-0.43917250633239746,0.15055221319198608,0.9262434244155884,-0.3971030116081238,0.13215132057666779,0.9811792373657227,-0.11660248786211014,0.10568543523550034,1.0603907108306885,-0.038231946527957916,0.325780987739563,0.7915213108062744,0.12981295585632324,0.5797375440597534,0.8782029151916504,0.1723099797964096,0.6736209392547607,0.8098835349082947,-0.2796803414821625,0.1323411762714386,1.0626862049102783,-0.31526511907577515,0.18362268805503845,0.7120029926300049,-0.18230873346328735,0.4545561969280243,0.8077338933944702,-0.14994694292545319,0.5543152093887329,0.7422474026679993,-0.2233983278274536,-0.42254215478897095,1.0031213760375977,-0.2211277037858963,-0.47215741872787476,0.9905689358711243,-0.19912999868392944,-0.5164548754692078,1.0232878923416138,-0.17091360688209534,-0.5190067887306213,1.134653091430664,-0.2584588825702667,-0.5151110291481018,1.0072439908981323,-0.33901214599609375,-0.5151992440223694,1.089195728302002,0.17166224122047424,0.6330952644348145,0.9298698902130127,-0.14877720177173615,0.5116143226623535,0.861473023891449
-0.193800687789917,0.11779448390007019,1.0659208297729492,-0.21347032487392426,-0.01846107840538025,1.0860401391983032,-0.22492250800132751,-0.15585611760616302,1.104714035987854,-0.23637503385543823,-0.2932552695274353,1.1233885288238525,-0.19883598387241364,-0.29645413160324097,1.1285076141357422,-0.07849984616041183,-0.3043018877506256,1.1445655822753906,0.047181956470012665,-0.12796571850776672,1.2436175346374512,0.1316811740398407,0.02008315920829773,1.0907604694366455,0.14858101308345795,0.04969293624162674,1.0601890087127686,0.18238070607185364,0.10891249030828476,0.9990462064743042,0.1198010966181755,0.10957515239715576,1.0336861610412598,-0.27403855323791504,-0.29154977202415466,1.1184723377227783,-0.39437469840049744,-0.28370201587677,1.1024143695831299,-0.48848849534988403,-0.0934130996465683,1.2102770805358887,-0.46092402935028076,0.05923542380332947,1.041865348815918,-0.4554111361503601,0.08976513147354126,1.0081830024719238,-0.4443853497505188,0.15082454681396484,0.9408183097839355,-0.4004285931587219,0.1334257274866104,0.9944993853569031,-0.11198929697275162,0.105641670525074,1.0636003017425537,-0.054583508521318436,0.31149905920028687,0.7786514759063721,0.10626429319381714,0.5649741888046265,0.8792505264282227,0.1478302776813507,0.662634015083313,0.8158336281776428,-0.27561208605766296,0.12994730472564697,1.0682413578033447,-0.3158930838108063,0.18524551391601562,0.7186871767044067,-0.18533989787101746,0.4574647545814514,0.814051628112793,-0.1553252935409546,0.558029294013977,0.7486851215362549,-0.21069446206092834,-0.4252142906188965,1.0187182426452637,-0.20816755294799805,-0.4750976264476776,1.0063143968582153,-0.18559865653514862,-0.5193115472793579,1.0392519235610962,-0.15660016238689423,-0.5211995840072632,1.1509754657745361,-0.2452986091375351,-0.51841139793396,1.0234698057174683,-0.3257499933242798,-0.5186491012573242,1.1062597036361694,0.1460248976945877,0.6169126033782959,0.933922529220581,-0.15182703733444214,0.5146830081939697,0.8676286339759827
-0.18932542204856873,0.11632335186004639,1.0694637298583984,-0.20636898279190063,-0.019989341497421265,1.0934325456619263,-0.21487300097942352,-0.15736201405525208,1.1158506870269775,-0.2233772724866867,-0.2947387993335724,1.1382695436477661,-0.1856347769498825,-0.29707372188568115,1.1429927349090576,-0.06475868821144104,-0.3021545708179474,1.1577112674713135,0.058113858103752136,-0.11905081570148468,1.2474745512008667,0.12566131353378296,0.014937236905097961,1.074586272239685,0.1391707956790924,0.04173485189676285,1.0400086641311646,0.1661897748708725,0.09533007442951202,0.9708533883094788,0.1062384694814682,0.09756305068731308,1.0097848176956177,-0.26121219992637634,-0.29389697313308716,1.1337900161743164,-0.382088303565979,-0.2888161242008209,1.1190714836120605,-0.47894394397735596,-0.09752312302589417,1.2225513458251953,-0.4588131010532379,0.05602148175239563,1.0539554357528687,-0.45478692650794983,0.08673040568828583,1.0202362537384033,-0.44673457741737366,0.14814825356006622,0.9527978897094727,-0.40139859914779663,0.13204734027385712,1.0057148933410645,-0.10727167129516602,0.10551007837057114,1.0663138628005981,-0.06792356073856354,0.2939131557941437,0.7665968537330627,0.08025909960269928,0.5525334477424622,0.8733853697776794,0.11894212663173676,0.6526320576667786,0.8119732141494751,-0.27137917280197144,0.12713661789894104,1.0726135969161987,-0.31599143147468567,0.1857234686613083,0.7241145372390747,-0.1891881674528122,0.4591944217681885,0.8209695816040039,-0.16158361732959747,0.5609253644943237,0.7563447952270508,-0.19676536321640015,-0.4271146059036255,1.0332353115081787,-0.19382363557815552,-0.47718900442123413,1.0208277702331543,-0.17065788805484772,-0.5213407278060913,1.0538707971572876,-0.14115038514137268,-0.5228503942489624,1.1659494638442993,-0.2306576818227768,-0.520988941192627,1.0382256507873535,-0.31114980578422546,-0.5218536853790283,1.1216216087341309,0.11675897240638733,0.6053739786148071,0.9294522404670715,-0.15612192451953888,0.5164411067962646,0.8747962117195129
-0.18434377014636993,0.11533546447753906,1.0721962451934814,-0.19859270751476288,-0.020815223455429077,1.0999572277069092,-0.2041928470134735,-0.15791328251361847,1.1261006593704224,-0.20979315042495728,-0.29501545429229736,1.1522448062896729,-0.17191028594970703,-0.2964877486228943,1.1566945314407349,-0.05061285197734833,-0.29881444573402405,1.1704760789871216,0.06825312227010727,-0.10829009115695953,1.2494282722473145,0.11909952759742737,0.01085689663887024,1.0607328414916992,0.1292688101530075,0.03468629717826843,1.022993803024292,0.14960737526416779,0.08234509825706482,0.9475156664848328,0.09215376526117325,0.08608265966176987,0.9899197816848755,-0.2477368712425232,-0.2950332760810852,1.1480792760849,-0.3690342903137207,-0.29270657896995544,1.1342977285385132,-0.46966636180877686,-0.10080860555171967,1.2328393459320068,-0.45611572265625,0.051888540387153625,1.06287682056427,-0.45340558886528015,0.0824279710650444,1.0288842916488647,-0.44798532128334045,0.14350682497024536,0.960899293422699,-0.40159326791763306,0.12921208143234253,1.0134010314941406,-0.10208403319120407,0.10599438101053238,1.0686055421829224,-0.07822993397712708,0.27379629015922546,0.7552828192710876,0.051656559109687805,0.5423625707626343,0.8614263534545898,0.08535034954547882,0.6439051628112793,0.7994246482849121,-0.2666034996509552,0.12467654794454575,1.0757869482040405,-0.31453877687454224,0.18489903211593628,0.727975070476532,-0.193967804312706,0.4605386257171631,0.8267184495925903,-0.16918206214904785,0.5635020136833191,0.7628859877586365,-0.18218836188316345,-0.42749935388565063,1.0467056035995483,-0.178879514336586,-0.4776979684829712,1.0341986417770386,-0.15530137717723846,-0.5218602418899536,1.0672850608825684,-0.12563005089759827,-0.5232893824577332,1.1797077655792236,-0.2155035436153412,-0.5219257473945618,1.0516208410263062,-0.2962028384208679,-0.523474931716919,1.1353256702423096,0.08372078835964203,0.5980371236801147,0.9174747467041016,-0.1620393991470337,0.5180973410606384,0.8809103965759277
-0.17926423251628876,0.11515527963638306,1.0743314027786255,-0.19060736894607544,-0.02060428261756897,1.1056050062179565,-0.19338278472423553,-0.15717434883117676,1.1352407932281494,-0.1961582899093628,-0.29374849796295166,1.1648775339126587,-0.15820440649986267,-0.29437193274497986,1.1691416501998901,-0.03666310012340546,-0.29399174451828003,1.1822760105133057,0.076490618288517,-0.09595407545566559,1.250231385231018,0.11344483494758606,0.00790337473154068,1.0496934652328491,0.12083567678928375,0.028674865141510963,1.0095858573913574,0.13561736047267914,0.07021784782409668,0.9293707013130188,0.08004504442214966,0.07540884613990784,0.97404545545578,-0.23414231836795807,-0.2946094572544098,1.160935401916504,-0.3556836247444153,-0.2949896454811096,1.1478010416030884,-0.461229145526886,-0.10346797108650208,1.241716980934143,-0.45302364230155945,0.04752492904663086,1.0699577331542969,-0.4513825476169586,0.07772351056337357,1.0356059074401855,-0.44810035824775696,0.13812068104743958,0.9669021964073181,-0.40108826756477356,0.12586131691932678,1.0193486213684082,-0.09684082865715027,0.10741113871335983,1.0706093311309814,-0.08439692854881287,0.2526172697544098,0.7454805374145508,0.023456886410713196,0.5327115058898926,0.8465731143951416,0.05111869052052498,0.6347519159317017,0.7823930978775024,-0.26168763637542725,0.12289942055940628,1.0780534744262695,-0.311771959066391,0.18271958827972412,0.7304021120071411,-0.1996874213218689,0.46196839213371277,0.829205334186554,-0.1782325804233551,0.5657283067703247,0.7654082179069519,-0.16788624227046967,-0.4265815019607544,1.0589540004730225,-0.16430699825286865,-0.476944237947464,1.0464109182357788,-0.14034827053546906,-0.5211238265037537,1.079590916633606,-0.11038719117641449,-0.522361695766449,1.1923696994781494,-0.20078907907009125,-0.5215276479721069,1.063965082168579,-0.28163617849349976,-0.5235058069229126,1.1480963230133057,0.05018755793571472,0.592062771320343,0.9016640186309814,-0.16947752237319946,0.5204646587371826,0.8834054470062256
-0.1740361601114273,0.11574456095695496,1.075853943824768,-0.1824096143245697,-0.01947265863418579,1.1102877855300903,-0.18248169124126434,-0.15534785389900208,1.1431121826171875,-0.18255378305912018,-0.2912271022796631,1.175937533378601,-0.1445847898721695,-0.2910170257091522,1.1801255941390991,-0.022973664104938507,-0.28797903656959534,1.1929683685302734,0.08332567662000656,-0.08289141952991486,1.250104546546936,0.10920413583517075,0.0063319131731987,1.041005253791809,0.11437983065843582,0.0241765808314085,0.9991853833198547,0.12473121285438538,0.05986591428518295,0.915545642375946,0.07047189027070999,0.06627145409584045,0.9616385102272034,-0.22052355110645294,-0.2929140627384186,1.172106146812439,-0.3421346843242645,-0.29595205187797546,1.1592633724212646,-0.45330771803855896,-0.10563711822032928,1.2489618062973022,-0.45036622881889343,0.04314453899860382,1.0751562118530273,-0.4497779309749603,0.07290086895227432,1.0403951406478882,-0.4486013352870941,0.13241353631019592,0.9708728790283203,-0.401105135679245,0.12239784002304077,1.023346185684204,-0.09142161160707474,0.1097254604101181,1.0723075866699219,-0.08558496832847595,0.23086252808570862,0.737170934677124,-0.006903059780597687,0.5239255428314209,0.8282123804092407,0.013185260817408562,0.6252845525741577,0.7601791620254517,-0.2566507160663605,0.12176366150379181,1.0794003009796143,-0.3080679476261139,0.17997677624225616,0.7315607070922852,-0.2069665491580963,0.46377497911453247,0.8295526504516602,-0.1894470453262329,0.5680975317955017,0.7653998136520386,-0.15379710495471954,-0.4245365262031555,1.0696265697479248,-0.14999811351299286,-0.4750920832157135,1.057063102722168,-0.12566109001636505,-0.5193101167678833,1.0903524160385132,-0.09531266987323761,-0.5203272104263306,1.2035108804702759,-0.18637621402740479,-0.5200090408325195,1.074805736541748,-0.2673388719558716,-0.5223076343536377,1.1594618558883667,0.012628136202692986,0.5878268480300903,0.881237268447876,-0.17910590767860413,0.5236002206802368,0.8836009502410889
-0.16856060922145844,0.11705940961837769,1.0780946016311646,-0.17393387854099274,-0.017674028873443604,1.1151459217071533,-0.17144963145256042,-0.15290828049182892,1.1506465673446655,-0.16896532475948334,-0.28814658522605896,1.1861482858657837,-0.13099196553230286,-0.287140429019928,1.1903172731399536,-0.009391061961650848,-0.2815629839897156,1.203054428100586,0.0896395742893219,-0.0703045129776001,1.2497282028198242,0.10633403062820435,0.005568452179431915,1.0345330238342285,0.1096729189157486,0.020743045955896378,0.9914939999580383,0.1163507029414177,0.0510922372341156,0.9054158926010132,0.06309075653553009,0.05842156335711479,0.9525165557861328,-0.20691165328025818,-0.29062262177467346,1.1823650598526,-0.3285125494003296,-0.29620006680488586,1.1696279048919678,-0.44566500186920166,-0.10862702131271362,1.257419228553772,-0.44854408502578735,0.0394568145275116,1.0830425024032593,-0.44911989569664,0.06907358020544052,1.048167109489441,-0.4502715468406677,0.12830711901187897,0.978416383266449,-0.40226027369499207,0.12015298753976822,1.0307350158691406,-0.08575432747602463,0.11287795007228851,1.0748978853225708,-0.08255605399608612,0.21129947900772095,0.7322593331336975,-0.03653101250529289,0.5146876573562622,0.8113831281661987,-0.024525687098503113,0.614454984664917,0.7391549944877625,-0.25136688351631165,0.12124086916446686,1.0812913179397583,-0.30366775393486023,0.176118403673172,0.7329362034797668,-0.21608954668045044,0.46537914872169495,0.8282334804534912,-0.2032192349433899,0.569761335849762,0.763016402721405,-0.1390571892261505,-0.42181599140167236,1.0794135332107544,-0.13482053577899933,-0.47255679965019226,1.06681489944458,-0.1099633127450943,-0.5167359113693237,1.1002376079559326,-0.07935301214456558,-0.517444908618927,1.2138420343399048,-0.17094466090202332,-0.517967939376831,1.0846929550170898,-0.2521335184574127,-0.5209357142448425,1.1697989702224731,-0.025191105902194977,0.5825612545013428,0.8618337512016296,-0.19118691980838776,0.5270053148269653,0.8817382454872131
-0.1621597558259964,0.11965927481651306,1.0793647766113281,-0.16463251411914825,-0.01463945209980011,1.1185764074325562,-0.1598520278930664,-0.1492946892976761,1.1563246250152588,-0.15507139265537262,-0.2839539647102356,1.194074034690857,-0.11710317432880402,-0.2822187542915344,1.1982743740081787,0.004425063729286194,-0.2743169963359833,1.2110708951950073,0.09580907225608826,-0.05782502889633179,1.248342752456665,0.10605327039957047,0.006038673222064972,1.0289008617401123,0.10810211300849915,0.018811412155628204,0.9850124716758728,0.11219979077577591,0.04435689002275467,0.8972357511520386,0.05945633724331856,0.05234995856881142,0.9448009729385376,-0.19298765063285828,-0.2871527373790741,1.190284013748169,-0.3145158886909485,-0.29505449533462524,1.1774874925613403,-0.4373430907726288,-0.11080329120159149,1.2645161151885986,-0.4458465874195099,0.03582403063774109,1.0891127586364746,-0.4475472867488861,0.06514949351549149,1.0540320873260498,-0.45094868540763855,0.12380042672157288,0.9838707447052002,-0.4024650752544403,0.11760158836841583,1.0360159873962402,-0.07918591052293777,0.11733803153038025,1.0766470432281494,-0.07710164785385132,0.19630074501037598,0.7287496328353882,-0.055746376514434814,0.5060681104660034,0.7931601405143738,-0.04997039586305618,0.6028479337692261,0.7161160707473755,-0.24513360857963562,0.12198051810264587,1.0820825099945068,-0.29818952083587646,0.17152728140354156,0.7327942848205566,-0.22552388906478882,0.46639156341552734,0.8240926861763,-0.21761365234851837,0.5703791379928589,0.7573131322860718,-0.12385821342468262,-0.4183741807937622,1.0871042013168335,-0.11917503923177719,-0.46938803791999817,1.0745667219161987,-0.09382985532283783,-0.5135175585746765,1.1082929372787476,-0.06308819353580475,-0.5136898159980774,1.2225316762924194,-0.1551274210214615,-0.5152992010116577,1.092645525932312,-0.23676465451717377,-0.51873779296875,1.1781972646713257,-0.050553277134895325,0.5770639777183533,0.8403116464614868,-0.20393875241279602,0.5300171375274658,0.8767853379249573
-0.14704757928848267,0.12672579288482666,1.0812581777572632,-0.14406254887580872,-0.006795421242713928,1.122923731803894,-0.1354176253080368,-0.1404578536748886,1.1633274555206299,-0.1267724484205246,-0.27412429451942444,1.2037323713302612,-0.08890201151371002,-0.27116113901138306,1.2080647945404053,0.03248108923435211,-0.2593206763267517,1.2212635278701782,0.11047010868787766,-0.03582349419593811,1.2450202703475952,0.11464574933052063,0.009447969496250153,1.0208311080932617,0.11548087745904922,0.018502261489629745,0.975993275642395,0.11715113371610641,0.03661084920167923,0.8863176107406616,0.06445379555225372,0.04537401720881462,0.9337874054908752,-0.16454890370368958,-0.2785401940345764,1.1998392343521118,-0.2859320044517517,-0.29038065671920776,1.1866405010223389,-0.4174736738204956,-0.11156490445137024,1.2721939086914062,-0.43521496653556824,0.02785731852054596,1.091710090637207,-0.43876323103904724,0.05574176460504532,1.0556132793426514,-0.44585976004600525,0.11151064932346344,0.9834197163581848,-0.3966291844844818,0.10973142832517624,1.0351921319961548,-0.06387307494878769,0.1281072497367859,1.0797263383865356,-0.06168197840452194,0.18422037363052368,0.7266665697097778,-0.08323077857494354,0.4972669184207916,0.7768558859825134,-0.08804512023925781,0.5906582474708557,0.6952804327011108,-0.23022207617759705,0.12534433603286743,1.0827900171279907,-0.2829485833644867,0.15987247228622437,0.7308917045593262,-0.2406553328037262,0.4641591012477875,0.8121469616889954,-0.24206650257110596,0.5661823153495789,0.7415145039558411,-0.09381895512342453,-0.40973222255706787,1.0954567193984985,-0.0884271115064621,-0.46127772331237793,1.0827832221984863,-0.06201574206352234,-0.5055391192436218,1.1168104410171509,-0.030384965240955353,-0.5052055716514587,1.2322335243225098,-0.12406787276268005,-0.508208692073822,1.1012685298919678,-0.20619931817054749,-0.5127694010734558,1.1881978511810303,-0.08880893141031265,0.5704853534698486,0.8207774758338928,-0.22608718276023865,0.5315802097320557,0.8627762198448181
-0.14704757928848267,0.12672579288482666,1.0812581777572632,-0.14406254887580872,-0.006795421242713928,1.122923731803894,-0.1354176253080368,-0.1404578536748886,1.1633274555206299,-0.1267724484205246,-0.27412429451942444,1.2037323713302612,-0.08890201151371002,-0.27116113901138306,1.2080647945404053,0.03248108923435211,-0.2593206763267517,1.2212635278701782,0.11047010868787766,-0.03582349419593811,1.2450202703475952,0.11464574933052063,0.009447969496250153,1.0208311080932617,0.11548087745904922,0.018502261489629745,0.975993275642395,0.11715113371610641,0.03661084920167923,0.8863176107406616,0.06445379555225372,0.04537401720881462,0.9337874054908752,-0.16454890370368958,-0.2785401940345764,1.1998392343521118,-0.2859320044517517,-0.29038065671920776,1.1866405010223389,-0.4174736738204956,-0.11156490445137024,1.2721939086914062,-0.43521496653556824,0.02785731852054596,1.091710090637207,-0.43876323103904724,0.05574176460504532,1.0556132793426514,-0.44585976004600525,0.11151064932346344,0.9834197163581848,-0.3966291844844818,0.10973142832517624,1.0351921319961548,-0.06387307494878769,0.1281072497367859,1.0797263383865356,-0.06168197840452194,0.18422037363052368,0.7266665697097778,-0.08323077857494354,0.4972669184207916,0.7768558859825134,-0.08804512023925781,0.5906582474708557,0.6952804327011108,-0.23022207617759705,0.12534433603286743,1.0827900171279907,-0.2829485833644867,0.15987247228622437,0.7308917045593262,-0.2406553328037262,0.4641591012477875,0.8121469616889954,-0.24206650257110596,0.5661823153495789,0.7415145039558411,-0.09381895512342453,-0.40973222255706787,1.0954567193984985,-0.0884271115064621,-0.46127772331237793,1.0827832221984863,-0.06201574206352234,-0.5055391192436218,1.1168104410171509,-0.030384965240955353,-0.5052055716514587,1.2322335243225098,-0.12406787276268005,-0.508208692073822,1.1012685298919678,-0.20619931817054749,-0.5127694010734558,1.1881978511810303,-0.08880893141031265,0.5704853534698486,0.8207774758338928,-0.22608718276023865,0.5315802097320557,0.8627762198448181
-0.13884969055652618,0.13012132048606873,1.0827316045761108,-0.13323481380939484,-0.0031751394271850586,1.1245214939117432,-0.12286379933357239,-0.13655346632003784,1.165123701095581,-0.11249247938394547,-0.2699357867240906,1.2057271003723145,-0.07470253109931946,-0.2664503753185272,1.2101401090621948,0.0466415211558342,-0.2529110014438629,1.2236220836639404,0.12057502567768097,-0.02779892086982727,1.2446264028549194,0.12192840874195099,0.0118485726416111,1.019370436668396,0.12219908833503723,0.019778070971369743,0.9743192791938782,0.12274044007062912,0.03563706576824188,0.8842169046401978,0.0703052431344986,0.04459190368652344,0.9319264888763428,-0.15016970038414001,-0.2748708724975586,1.2017552852630615,-0.27151376008987427,-0.2884102463722229,1.188273310661316,-0.40662622451782227,-0.11151015758514404,1.2721409797668457,-0.4274982511997223,0.02298152446746826,1.0883195400238037,-0.4316726624965668,0.04987986013293266,1.0515552759170532,-0.44002145528793335,0.10367652773857117,0.9780266880989075,-0.390691339969635,0.10418973863124847,1.0297192335128784,-0.05566028505563736,0.13335414230823517,1.0818660259246826,-0.05323944240808487,0.1848808377981186,0.7278883457183838,-0.09178279340267181,0.4960101842880249,0.7809731960296631,-0.10106296092271805,0.5898789763450623,0.7002202272415161,-0.2220391035079956,0.12688849866390228,1.083597183227539,-0.27187013626098633,0.15126417577266693,0.7302082180976868,-0.24424108862876892,0.45914018154144287,0.8047336339950562,-0.2493404746055603,0.5593897104263306,0.7316408753395081,-0.07944878190755844,-0.40561211109161377,1.0955822467803955,-0.07383095473051071,-0.4574020504951477,1.0824536085128784,-0.04669669643044472,-0.5020262002944946,1.1162147521972656,-0.013875700533390045,-0.5022245645523071,1.2321652173995972,-0.1092904657125473,-0.5049771666526794,1.1010714769363403,-0.19122472405433655,-0.5105856657028198,1.1892592906951904,-0.10153718292713165,0.5684303641319275,0.8255858421325684,-0.2333316057920456,0.5283490419387817,0.8539397120475769
-0.13041585683822632,0.13282591104507446,1.0842771530151367,-0.12229835242033005,-0.0004351288080215454,1.125482201576233,-0.11034097522497177,-0.13374283909797668,1.165586233139038,-0.09838324040174484,-0.26705455780029297,1.2056914567947388,-0.060677699744701385,-0.2631024122238159,1.2102317810058594,0.06066003441810608,-0.248027041554451,1.2241650819778442,0.13217803835868835,-0.0222194641828537,1.2456841468811035,0.13087815046310425,0.014202475547790527,1.0199164152145386,0.1306181699037552,0.021486863493919373,0.9747628569602966,0.13009820878505707,0.03605563938617706,0.8844557404518127,0.07802899181842804,0.045065782964229584,0.9325392842292786,-0.13595882058143616,-0.2724555730819702,1.2015870809555054,-0.2572965621948242,-0.28753092885017395,1.1876537799835205,-0.39488285779953003,-0.11175704002380371,1.269754409790039,-0.4176241457462311,0.017820969223976135,1.0826936960220337,-0.4221723973751068,0.043736569583415985,1.0452815294265747,-0.4312689006328583,0.09556777030229568,0.9704571962356567,-0.3819565176963806,0.09804613143205643,1.022096037864685,-0.04726743698120117,0.13787907361984253,1.08423912525177,-0.045215971767902374,0.18819288909435272,0.7299102544784546,-0.09659452736377716,0.4962741732597351,0.7903159260749817,-0.1097058653831482,0.5916143655776978,0.7117553949356079,-0.21356427669525146,0.1277727484703064,1.0843151807785034,-0.25880563259124756,0.1442769169807434,0.7296808958053589,-0.24541215598583221,0.4550158381462097,0.7964986562728882,-0.25361648201942444,0.553091824054718,0.7206883430480957,-0.06585882604122162,-0.4021148085594177,1.0930261611938477,-0.06011318415403366,-0.45402246713638306,1.07918381690979,-0.03217485174536705,-0.499125599861145,1.1122996807098389,0.002295069396495819,-0.500423789024353,1.2284785509109497,-0.09529508650302887,-0.5022528767585754,1.0978268384933472,-0.17654559016227722,-0.5092843174934387,1.1874723434448242,-0.10935026407241821,0.5671878457069397,0.8366379737854004,-0.23821288347244263,0.5259034633636475,0.8440413475036621
-0.12166895717382431,0.13475659489631653,1.0834678411483765,-0.11123068630695343,0.0014186501502990723,1.1235333681106567,-0.09786689281463623,-0.13198067247867584,1.162510871887207,-0.0845026969909668,-0.2653840184211731,1.2014895677566528,-0.04687673598527908,-0.2610586881637573,1.2061102390289307,0.07448174804449081,-0.24473808705806732,1.22035813331604,0.14454448223114014,-0.019008412957191467,1.2466537952423096,0.13936078548431396,0.01855708286166191,1.021155595779419,0.1383240520954132,0.026070181280374527,0.9760559797286987,0.1362505704164505,0.04109638184309006,0.8858566880226135,0.0848778635263443,0.04940295219421387,0.9347964525222778,-0.12198340147733688,-0.27115923166275024,1.1972925662994385,-0.24334189295768738,-0.28747981786727905,1.183044672012329,-0.3824387192726135,-0.11258634924888611,1.2643986940383911,-0.4064840078353882,0.013368263840675354,1.0750716924667358,-0.41129305958747864,0.03855918347835541,1.0372062921524048,-0.42091119289398193,0.08894102275371552,0.9614754915237427,-0.37158942222595215,0.09279386699199677,1.0130096673965454,-0.03860360383987427,0.14145973324775696,1.084134817123413,-0.038450732827186584,0.18967361748218536,0.7286337614059448,-0.09895128756761551,0.49622446298599243,0.7923487424850464,-0.11528868973255157,0.5920993089675903,0.7145712375640869,-0.20473431050777435,0.1280534565448761,1.0828008651733398,-0.24385131895542145,0.1376558095216751,0.7263134717941284,-0.2419484406709671,0.45080745220184326,0.7865278720855713,-0.25194981694221497,0.5471127033233643,0.7082112431526184,-0.05295423045754433,-0.39890608191490173,1.0858330726623535,-0.047133903950452805,-0.4507242739200592,1.0710363388061523,-0.018338453024625778,-0.49633169174194336,1.103092908859253,0.01810123398900032,-0.4992697238922119,1.2190501689910889,-0.08186838030815125,-0.4995947480201721,1.08953058719635,-0.16190023720264435,-0.5085150003433228,1.1806232929229736,-0.11367233842611313,0.5664498209953308,0.8395128846168518,-0.23798035085201263,0.523089587688446,0.8327049016952515
-0.11384988576173782,0.13445869088172913,1.0849957466125488,-0.10100947320461273,0.0008293688297271729,1.1232579946517944,-0.0861489325761795,-0.1328766793012619,1.1605074405670166,-0.07128795236349106,-0.2665867209434509,1.1977579593658447,-0.03371530771255493,-0.2619076669216156,1.2024067640304565,0.08772878348827362,-0.24439749121665955,1.2168093919754028,0.15748268365859985,-0.019495293498039246,1.2499582767486572,0.1498478651046753,0.02114151418209076,1.025080919265747,0.14832089841365814,0.02926887571811676,0.980105459690094,0.14526697993278503,0.04552359879016876,0.8901544809341431,0.09437775611877441,0.052975963801145554,0.9397249221801758,-0.10869906842708588,-0.27271905541419983,1.193514108657837,-0.23014315962791443,-0.2902292311191559,1.1791114807128906,-0.3701016902923584,-0.11693616211414337,1.262337565422058,-0.39672523736953735,0.009752631187438965,1.0738683938980103,-0.4020499587059021,0.03509039059281349,1.0361745357513428,-0.4126993715763092,0.08576591312885284,0.9607868790626526,-0.36301344633102417,0.08978751301765442,1.0119495391845703,-0.030912570655345917,0.14280115067958832,1.0862985849380493,-0.03521840646862984,0.19442132115364075,0.7306850552558899,-0.10592815279960632,0.4976639151573181,0.8019864559173584,-0.12650015950202942,0.5947589874267578,0.72641921043396,-0.19678720831871033,0.12611623108386993,1.0836929082870483,-0.22961296141147614,0.13556788861751556,0.7259537577629089,-0.24259524047374725,0.44958215951919556,0.7831056118011475,-0.255277544260025,0.5447843074798584,0.7035016417503357,-0.041112713515758514,-0.39771974086761475,1.0785562992095947,-0.03525509312748909,-0.4492749273777008,1.0625487565994263,-0.005519546568393707,-0.49543124437332153,1.0931488275527954,0.03323280066251755,-0.5005388259887695,1.2085082530975342,-0.06939234584569931,-0.49882835149765015,1.0807169675827026,-0.14774012565612793,-0.5101639628410339,1.1732845306396484,-0.12264073640108109,0.566379725933075,0.8509426712989807,-0.24269524216651917,0.5225195288658142,0.8286908864974976
-0.10700635612010956,0.1321612000465393,1.086126685142517,-0.09172189980745316,-0.0018435269594192505,1.1221176385879517,-0.07530134916305542,-0.13597650825977325,1.1571168899536133,-0.058880310505628586,-0.2701135277748108,1.1921170949935913,-0.02133476734161377,-0.26512080430984497,1.1966619491577148,0.10027888417243958,-0.24654372036457062,1.2108005285263062,0.1702892780303955,-0.022916287183761597,1.2512365579605103,0.159835547208786,0.02254064381122589,1.0273970365524292,0.15774479508399963,0.03163202852010727,0.982629120349884,0.15356330573558807,0.049814801663160324,0.8930933475494385,0.10327648371458054,0.05611367151141167,0.9434328079223633,-0.09624737501144409,-0.2765640616416931,1.1879527568817139,-0.21786102652549744,-0.29514116048812866,1.1738141775131226,-0.35808229446411133,-0.12439511716365814,1.2617319822311401,-0.3884814977645874,0.0067304521799087524,1.0769031047821045,-0.3945613503456116,0.03295556455850601,1.0399373769760132,-0.4067210257053375,0.08540579676628113,0.966005802154541,-0.35633590817451477,0.08857854455709457,1.0165406465530396,-0.024228036403656006,0.14205807447433472,1.0878217220306396,-0.03454728424549103,0.1993924081325531,0.7326879501342773,-0.11318515986204147,0.4993393123149872,0.8112994432449341,-0.13764479756355286,0.597446084022522,0.7379346489906311,-0.1897846758365631,0.1222643181681633,1.0844316482543945,-0.21734097599983215,0.1356552541255951,0.7258579730987549,-0.24359291791915894,0.44928690791130066,0.7831102013587952,-0.2586502432823181,0.544172465801239,0.7032628059387207,-0.03042754903435707,-0.39836859703063965,1.0692172050476074,-0.024591265246272087,-0.4495407044887543,1.0518907308578491,0.0060965679585933685,-0.4962228536605835,1.0808018445968628,0.04736248776316643,-0.5037237405776978,1.1952502727508545,-0.05805221199989319,-0.4997607469558716,1.0696427822113037,-0.1343923956155777,-0.5137478113174438,1.1636327505111694,-0.13124457001686096,0.566619336605072,0.8619582056999207,-0.24732445180416107,0.5222022533416748,0.8288100957870483
-0.10181344300508499,0.12902489304542542,1.0856587886810303,-0.084124855697155,-0.005394399166107178,1.1189059019088745,-0.06612913310527802,-0.14001168310642242,1.1511727571487427,-0.04813287407159805,-0.27463299036026,1.1834405660629272,-0.010595843195915222,-0.2693691849708557,1.1877483129501343,0.11125688999891281,-0.24985608458518982,1.201197862625122,0.1826361119747162,-0.028050437569618225,1.2487910985946655,0.16757436096668243,0.02251284569501877,1.026288390159607,0.16456201672554016,0.032625503838062286,0.9817878603935242,0.15853731334209442,0.052850816398859024,0.8927868008613586,0.10931438207626343,0.058042995631694794,0.9443012475967407,-0.08547430485486984,-0.2813599705696106,1.1794835329055786,-0.20732703804969788,-0.3008730709552765,1.1660339832305908,-0.34753870964050293,-0.13416913151741028,1.2614716291427612,-0.384337455034256,0.005146011710166931,1.0839102268218994,-0.3916971981525421,0.03300904110074043,1.0483978986740112,-0.4064166843891144,0.08873510360717773,0.9773733019828796,-0.3547769784927368,0.09019671380519867,1.0267170667648315,-0.01921331137418747,0.1403474658727646,1.0874903202056885,-0.03534724563360214,0.2024671584367752,0.7330012321472168,-0.11888039112091064,0.5002410411834717,0.8160460591316223,-0.1461721658706665,0.598761796951294,0.7440272569656372,-0.1844135820865631,0.11770232021808624,1.083827257156372,-0.20837673544883728,0.14197570085525513,0.7251933813095093,-0.2455878108739853,0.4540373384952545,0.7866459488868713,-0.2626480162143707,0.5496623516082764,0.7078887224197388,-0.02124321088194847,-0.3998039960861206,1.057052731513977,-0.015404261648654938,-0.4505191743373871,1.038428544998169,0.016162805259227753,-0.4976365566253662,1.0656400918960571,0.05972803011536598,-0.5074865818023682,1.1790565252304077,-0.048169612884521484,-0.501377522945404,1.055657982826233,-0.12254716455936432,-0.5180860757827759,1.1507740020751953,-0.137627512216568,0.5666587352752686,0.8677339553833008,-0.2523047626018524,0.5261828899383545,0.8333825469017029
-0.09750600159168243,0.12595602869987488,1.0806466341018677,-0.07787713408470154,-0.008860558271408081,1.1110783815383911,-0.058534204959869385,-0.14394007623195648,1.1405109167099,-0.03919070214033127,-0.2790236473083496,1.1699442863464355,-0.0016480498015880585,-0.273560106754303,1.1739442348480225,0.12052653729915619,-0.253334641456604,1.1864757537841797,0.1938326060771942,-0.034652769565582275,1.2445313930511475,0.17339563369750977,0.02416737750172615,1.0244836807250977,0.16930824518203735,0.035931408405303955,0.9804741740226746,0.16113345324993134,0.059459470212459564,0.8924551010131836,0.11319918930530548,0.06278082728385925,0.9453285932540894,-0.07652311027050018,-0.28595536947250366,1.166264295578003,-0.19869768619537354,-0.30618083477020264,1.1537327766418457,-0.3386463224887848,-0.14487634599208832,1.258428692817688,-0.3828045725822449,0.004965543746948242,1.0914080142974854,-0.3916362226009369,0.03493392467498779,1.0580039024353027,-0.4092995226383209,0.0948706865310669,0.9911956191062927,-0.35619497299194336,0.09397945553064346,1.0389809608459473,-0.015062794089317322,0.1383722871541977,1.0824753046035767,-0.0358009897172451,0.20162048935890198,0.7268091440200806,-0.12242655456066132,0.4998120069503784,0.810640811920166,-0.1516820192337036,0.5983410477638245,0.7384448051452637,-0.17994920909404755,0.11353977769613266,1.0788179636001587,-0.2024736851453781,0.15212012827396393,0.7197454571723938,-0.247324138879776,0.4627329111099243,0.7901589870452881,-0.26600587368011475,0.5606275200843811,0.7137145400047302,-0.013549108058214188,-0.4014207422733307,1.04043710231781,-0.007717710454016924,-0.45173147320747375,1.020638108253479,0.024541910737752914,-0.49926573038101196,1.0463757514953613,0.06992974877357483,-0.5112725496292114,1.1589595079421997,-0.03996077552437782,-0.5031673312187195,1.0372920036315918,-0.11282788217067719,-0.5223270654678345,1.1332223415374756,-0.14154992997646332,0.5663661956787109,0.8626500368118286,-0.2560470402240753,0.5336389541625977,0.8391116261482239
-0.0946040153503418,0.12259352207183838,1.0763252973556519,-0.07332094758749008,-0.01270882785320282,1.103295922279358,-0.05267941206693649,-0.14830949902534485,1.1292475461959839,-0.03203725814819336,-0.2839142382144928,1.1552000045776367,0.0055067092180252075,-0.2782672345638275,1.158925175666809,0.12807902693748474,-0.2573627531528473,1.1706615686416626,0.20500704646110535,-0.044265493750572205,1.2430684566497803,0.17798754572868347,0.026438049972057343,1.027258038520813,0.17258363962173462,0.04057876020669937,0.9840959310531616,0.1617758423089981,0.06886017322540283,0.8977717757225037,0.11554829031229019,0.0695149302482605,0.9522454142570496,-0.06935687363147736,-0.29103508591651917,1.1517568826675415,-0.1919291913509369,-0.3119395673274994,1.140020489692688,-0.33123886585235596,-0.1561841517686844,1.2536170482635498,-0.38224488496780396,0.0045195072889328,1.099098801612854,-0.3924461007118225,0.03666023910045624,1.068195104598999,-0.41284850239753723,0.10094170272350311,1.0063878297805786,-0.35831889510154724,0.09741584211587906,1.0524191856384277,-0.012298598885536194,0.13592582941055298,1.0782599449157715,-0.03657642751932144,0.2018730789422989,0.7220134735107422,-0.12141028791666031,0.4999988079071045,0.8120247721672058,-0.15137368440628052,0.6001113653182983,0.7415493130683899,-0.1769094318151474,0.10926122218370438,1.0743906497955322,-0.20146314799785614,0.16248992085456848,0.7160419225692749,-0.2501319944858551,0.4715910851955414,0.7951974272727966,-0.27021515369415283,0.5716357231140137,0.7212052345275879,-0.007036024704575539,-0.40261590480804443,1.0219767093658447,-0.0010957596823573112,-0.45236173272132874,1.0007147789001465,0.031785495579242706,-0.5004057884216309,1.0247911214828491,0.07854912430047989,-0.5152133703231812,1.1365834474563599,-0.03284107893705368,-0.5044975876808167,1.0163087844848633,-0.1045595183968544,-0.5268067121505737,1.112550139427185,-0.13970044255256653,0.5660032033920288,0.8655203580856323,-0.259660542011261,0.5412765741348267,0.8462466597557068
-0.09272827208042145,0.1209181547164917,1.0719387531280518,-0.07009698450565338,-0.014937296509742737,1.094714879989624,-0.04830140620470047,-0.15110787749290466,1.1163979768753052,-0.026505177840590477,-0.2872825264930725,1.138081669807434,0.011044155806303024,-0.281499445438385,1.1415398120880127,0.13407951593399048,-0.2600580155849457,1.1525191068649292,0.21690508723258972,-0.05575178563594818,1.2417904138565063,0.18100830912590027,0.029459118843078613,1.0326179265975952,0.17382895946502686,0.04650130122900009,0.9907834529876709,0.15947024524211884,0.08058565855026245,0.9071145057678223,0.11569663137197495,0.0778350830078125,0.9635151624679565,-0.06381760537624359,-0.29454565048217773,1.134859323501587,-0.18685296177864075,-0.31598708033561707,1.1238800287246704,-0.32582157850265503,-0.1665486842393875,1.2460534572601318,-0.3831981420516968,0.005239889025688171,1.1064139604568481,-0.3946734666824341,0.03959760442376137,1.0784860849380493,-0.4176240861415863,0.10831303894519806,1.0226303339004517,-0.36180248856544495,0.10194266587495804,1.0667675733566284,-0.01053524762392044,0.13495537638664246,1.073997974395752,-0.035609446465969086,0.20161861181259155,0.7169770002365112,-0.11685260385274887,0.4997982382774353,0.8129392862319946,-0.14645513892173767,0.6016445755958557,0.7442307472229004,-0.17492130398750305,0.10688093304634094,1.0698795318603516,-0.20488502085208893,0.17241382598876953,0.713026225566864,-0.2539311647415161,0.48013702034950256,0.800325870513916,-0.2754018306732178,0.5820830464363098,0.7288005948066711,-0.0018987469375133514,-0.4013012945652008,1.0005971193313599,0.0041929567232728004,-0.4502881169319153,0.977592408657074,0.03764965757727623,-0.49891364574432373,0.9997440576553345,0.08557829260826111,-0.5171700716018677,1.1106199026107788,-0.027066681534051895,-0.5031858682632446,0.9917044639587402,-0.09778468310832977,-0.5292747616767883,1.0878410339355469,-0.1340661346912384,0.5652426481246948,0.8678295612335205,-0.2631230056285858,0.548729419708252,0.8532674908638
-0.09207448363304138,0.12092036008834839,1.0691914558410645,-0.06831511855125427,-0.015562236309051514,1.0864007472991943,-0.045415185391902924,-0.15233659744262695,1.1024171113967896,-0.02251456491649151,-0.2891150414943695,1.118433952331543,0.015046391636133194,-0.283231258392334,1.121588110923767,0.13851234316825867,-0.26137498021125793,1.1317037343978882,0.22958827018737793,-0.06898574531078339,1.2378230094909668,0.18415386974811554,0.03123927116394043,1.0373421907424927,0.1750669926404953,0.05128427594900131,0.9972460269927979,0.15689323842525482,0.09137427806854248,0.9170536994934082,0.11600949615240097,0.08497555553913116,0.9752966165542603,-0.05982661619782448,-0.2964854836463928,1.1154537200927734,-0.18329256772994995,-0.31834176182746887,1.1053380966186523,-0.32234564423561096,-0.17584380507469177,1.2354469299316406,-0.3855736255645752,0.005938872694969177,1.1119189262390137,-0.3982192277908325,0.042295411229133606,1.0872132778167725,-0.42351043224334717,0.11500848829746246,1.0378021001815796,-0.3665589690208435,0.10593466460704803,1.0799787044525146,-0.009958870708942413,0.13547688722610474,1.071265697479248,-0.03320063650608063,0.19985871016979218,0.7132747769355774,-0.1100292056798935,0.49894261360168457,0.8112968802452087,-0.1382405161857605,0.6017570495605469,0.7431790828704834,-0.17419010400772095,0.10636383295059204,1.0671172142028809,-0.2143608033657074,0.18370816111564636,0.7132148742675781,-0.2602533996105194,0.49105262756347656,0.8048412203788757,-0.28325214982032776,0.5938761830329895,0.7348048090934753,0.0015907622873783112,-0.3973228335380554,0.9761670231819153,0.007800654508173466,-0.4453080892562866,0.9511289596557617,0.04179971665143967,-0.4945698380470276,0.9709919095039368,0.09089352190494537,-0.5169748067855835,1.0806361436843872,-0.022980207577347755,-0.4989737272262573,0.963365375995636,-0.09264959394931793,-0.5294525623321533,1.0590276718139648,-0.1262349635362625,0.5643657445907593,0.8666768670082092,-0.26788467168807983,0.5592262744903564,0.85872882604599
-0.09192397445440292,0.12269213795661926,1.0657334327697754,-0.06723493337631226,-0.014310196042060852,1.0761919021606445,-0.043409548699855804,-0.1515587717294693,1.085343360900879,-0.019583452492952347,-0.28881144523620605,1.0944950580596924,0.017995044589042664,-0.2828712463378906,1.097322702407837,0.14184698462486267,-0.2607588469982147,1.1065096855163574,0.24208715558052063,-0.08231645822525024,1.2276701927185059,0.1866026222705841,0.031256452202796936,1.0370802879333496,0.17550571262836456,0.05397103354334831,0.9989622831344604,0.15331189334392548,0.09940019249916077,0.9227263331413269,0.11562235653400421,0.08933133631944656,0.9825826287269592,-0.05690298229455948,-0.29624342918395996,1.0917669534683228,-0.18075492978096008,-0.31835582852363586,1.0825799703598022,-0.31999117136001587,-0.1835542768239975,1.2204620838165283,-0.38843947649002075,0.007228568196296692,1.11454439163208,-0.4021291434764862,0.04538513720035553,1.0933609008789062,-0.4295084774494171,0.1216982752084732,1.050993800163269,-0.3715556561946869,0.10991998761892319,1.0910862684249878,-0.009855568408966064,0.13763496279716492,1.0677424669265747,-0.03040948323905468,0.19888484477996826,0.708920955657959,-0.10577400028705597,0.49849411845207214,0.8068141937255859,-0.13308027386665344,0.6015470027923584,0.7386135458946228,-0.17399238049983978,0.1077493205666542,1.063724398612976,-0.22632965445518494,0.1928797960281372,0.7130957841873169,-0.26633283495903015,0.5012864470481873,0.8042752146720886,-0.29066482186317444,0.6039375066757202,0.7343639731407166,0.003778081387281418,-0.3904710114002228,0.9475507736206055,0.010000987909734249,-0.43723976612091064,0.9204061627388,0.04439344257116318,-0.4870944619178772,0.937781810760498,0.0945306122303009,-0.513984203338623,1.045815110206604,-0.020372211933135986,-0.4915080666542053,0.9305386543273926,-0.08897209167480469,-0.5264893770217896,1.0252927541732788,-0.12179341912269592,0.564012885093689,0.8621788024902344,-0.271556556224823,0.5698716640472412,0.8579720854759216
-0.09188774973154068,0.12601083517074585,1.062896966934204,-0.06645148247480392,-0.011230573058128357,1.0652813911437988,-0.041974738240242004,-0.14866383373737335,1.066222071647644,-0.017497261986136436,-0.28610122203826904,1.0671627521514893,0.020096980035305023,-0.28015854954719543,1.0697575807571411,0.14440393447875977,-0.2579607665538788,1.0783509016036987,0.2533643841743469,-0.09900134801864624,1.21773099899292,0.18689677119255066,0.03496411442756653,1.0447138547897339,0.17360325157642365,0.06175720691680908,1.0101103782653809,0.14701619744300842,0.11534339189529419,0.9409034848213196,0.1128968745470047,0.09839511662721634,1.0013442039489746,-0.05482546240091324,-0.29353761672973633,1.0645781755447388,-0.17913241684436798,-0.315735399723053,1.0559848546981812,-0.3185651898384094,-0.18914338946342468,1.2012441158294678,-0.39141857624053955,0.009245425462722778,1.1138719320297241,-0.40598925948143005,0.04892319068312645,1.0963975191116333,-0.43513059616088867,0.1282787173986435,1.0614486932754517,-0.37632712721824646,0.1138518750667572,1.0993757247924805,-0.009847261011600494,0.14125274121761322,1.0650010108947754,-0.02819661796092987,0.1994655579328537,0.7055190801620483,-0.10427353531122208,0.500164270401001,0.7995489239692688,-0.1311262547969818,0.6024534702301025,0.7300087809562683,-0.17392823100090027,0.11076892912387848,1.0607929229736328,-0.2388513684272766,0.19938987493515015,0.7131091356277466,-0.27330631017684937,0.5093814134597778,0.8012404441833496,-0.29931503534317017,0.6112465858459473,0.7307634949684143,0.005340384319424629,-0.38030683994293213,0.9158350825309753,0.011577612720429897,-0.4255821704864502,0.8865436911582947,0.04618699103593826,-0.4759145975112915,0.901290774345398,0.09694655239582062,-0.5075934529304504,1.0073415040969849,-0.018425608053803444,-0.4802555441856384,0.8942421078681946,-0.08612245321273804,-0.5198928713798523,0.9873703122138977,-0.12068159878253937,0.5663007497787476,0.8540722727775574,-0.27612170577049255,0.5787568688392639,0.8541098833084106
-0.09237629920244217,0.13058310747146606,1.059282660484314,-0.06654186546802521,-0.006415799260139465,1.0523617267608643,-0.04171595722436905,-0.14351285994052887,1.0438711643218994,-0.016889305785298347,-0.2806140184402466,1.0353803634643555,0.020720526576042175,-0.27472662925720215,1.0378142595291138,0.14559051394462585,-0.2526266276836395,1.046078085899353,0.2615644931793213,-0.11771121621131897,1.203916072845459,0.1858760118484497,0.0387442409992218,1.055287480354309,0.1707383096218109,0.07003533840179443,1.025561809539795,0.14046290516853333,0.1326175332069397,0.966110348701477,0.1094701737165451,0.1067805364727974,1.0250691175460815,-0.05422929674386978,-0.28799155354499817,1.0328541994094849,-0.17909929156303406,-0.3100915551185608,1.0245903730392456,-0.31808340549468994,-0.19280442595481873,1.1778618097305298,-0.3949120342731476,0.012053892016410828,1.1113190650939941,-0.41027775406837463,0.05302555859088898,1.098010540008545,-0.44100919365882874,0.13496889173984528,1.0713934898376465,-0.3813299536705017,0.11776162683963776,1.1066997051239014,-0.010331831872463226,0.14593735337257385,1.0616025924682617,-0.027750998735427856,0.20173096656799316,0.7015815377235413,-0.10427596420049667,0.5042296051979065,0.7896144390106201,-0.1307176649570465,0.6052456498146057,0.7180178761482239,-0.1744207739830017,0.11522885411977768,1.0569627285003662,-0.25058212876319885,0.20435872673988342,0.7115834951400757,-0.2785126268863678,0.5163560509681702,0.7951826453208923,-0.3057304918766022,0.6172835826873779,0.7237523198127747,0.005343658849596977,-0.36738187074661255,0.8807258605957031,0.01149856299161911,-0.4110376536846161,0.8495712280273438,0.046061791479587555,-0.46163851022720337,0.8618238568305969,0.09703784435987473,-0.49776899814605713,0.9655530452728271,-0.018216051161289215,-0.46575435996055603,0.8548925518989563,-0.08508271723985672,-0.5094305276870728,0.9459142088890076,-0.12097038328647614,0.5713904500007629,0.8428242206573486,-0.2787501811981201,0.586712658405304,0.8468591570854187
-0.09329453110694885,0.13860660791397095,1.0517929792404175,-0.06796915829181671,0.004332691431045532,1.023262619972229,-0.04343228414654732,-0.12969861924648285,0.9929576516151428,-0.018894674256443977,-0.2637339234352112,0.962651789188385,0.01877325400710106,-0.2581232786178589,0.964841365814209,0.14486917853355408,-0.23682740330696106,0.9727504253387451,0.2680436968803406,-0.15916264057159424,1.1608134508132935,0.183492511510849,0.0382205992937088,1.082108736038208,0.16658227145671844,0.07769724726676941,1.066367745399475,0.13276180624961853,0.15665054321289062,1.0348858833312988,0.10530885308980942,0.11080513149499893,1.0823132991790771,-0.056295912712812424,-0.2708014249801636,0.9601328372955322,-0.18239183723926544,-0.2920973002910614,0.9522237777709961,-0.31901389360427856,-0.1969328224658966,1.1220754384994507,-0.4021521508693695,0.015313759446144104,1.1035579442977905,-0.41877979040145874,0.057763077318668365,1.0998544692993164,-0.4520350992679596,0.14266172051429749,1.0924475193023682,-0.39066430926322937,0.11991535127162933,1.1211013793945312,-0.01108868420124054,0.1535080522298813,1.0546326637268066,-0.028782250359654427,0.20890048146247864,0.6942863464355469,-0.10375683754682541,0.5141531229019165,0.7747130393981934,-0.1292877495288849,0.6136428713798523,0.7005277872085571,-0.17550037801265717,0.12370516359806061,1.0489532947540283,-0.2698703408241272,0.20310184359550476,0.705410897731781,-0.28168606758117676,0.5202590823173523,0.772794246673584,-0.309719979763031,0.6181988716125488,0.6974589824676514,0.0012909341603517532,-0.3361584544181824,0.8049785494804382,0.007183109875768423,-0.3762386739253998,0.7711710333824158,0.04149538278579712,-0.4261997640132904,0.7787363529205322,0.09302400797605515,-0.46898382902145386,0.8763208985328674,-0.021389199420809746,-0.43020594120025635,0.7725259065628052,-0.08514898270368576,-0.48033463954925537,0.8587246537208557,-0.12023806571960449,0.5827407240867615,0.8262503743171692,-0.276280015707016,0.5933315753936768,0.8203670978546143
-0.09329453110694885,0.13860660791397095,1.0517929792404175,-0.06796915829181671,0.004332691431045532,1.023262619972229,-0.04343228414654732,-0.12969861924648285,0.9929576516151428,-0.018894674256443977,-0.2637339234352112,0.962651789188385,0.01877325400710106,-0.2581232786178589,0.964841365814209,0.14486917853355408,-0.23682740330696106,0.9727504253387451,0.2680436968803406,-0.15916264057159424,1.1608134508132935,0.183492511510849,0.0382205992937088,1.082108736038208,0.16658227145671844,0.07769724726676941,1.066367745399475,0.13276180624961853,0.15665054321289062,1.0348858833312988,0.10530885308980942,0.11080513149499893,1.0823132991790771,-0.056295912712812424,-0.2708014249801636,0.9601328372955322,-0.18239183723926544,-0.2920973002910614,0.9522237777709961,-0.31901389360427856,-0.1969328224658966,1.1220754384994507,-0.4021521508693695,0.015313759446144104,1.1035579442977905,-0.41877979040145874,0.057763077318668365,1.0998544692993164,-0.4520350992679596,0.14266172051429749,1.0924475193023682,-0.39066430926322937,0.11991535127162933,1.1211013793945312,-0.01108868420124054,0.1535080522298813,1.0546326637268066,-0.028782250359654427,0.20890048146247864,0.6942863464355469,-0.10375683754682541,0.5141531229019165,0.7747130393981934,-0.1292877495288849,0.6136428713798523,0.7005277872085571,-0.17550037801265717,0.12370516359806061,1.0489532947540283,-0.2698703408241272,0.20310184359550476,0.705410897731781,-0.28168606758117676,0.5202590823173523,0.772794246673584,-0.309719979763031,0.6181988716125488,0.6974589824676514,0.0012909341603517532,-0.3361584544181824,0.8049785494804382,0.007183109875768423,-0.3762386739253998,0.7711710333824158,0.04149538278579712,-0.4261997640132904,0.7787363529205322,0.09302400797605515,-0.46898382902145386,0.8763208985328674,-0.021389199420809746,-0.43020594120025635,0.7725259065628052,-0.08514898270368576,-0.48033463954925537,0.8587246537208557,-0.12023806571960449,0.5827407240867615,0.8262503743171692,-0.276280015707016,0.5933315753936768,0.8203670978546143
-0.09309940040111542,0.14103123545646667,1.0446088314056396,-0.06863287091255188,0.009447798132896423,1.0049283504486084,-0.04481126368045807,-0.12169292569160461,0.9634314179420471,-0.020988943055272102,-0.252837598323822,0.9219332337379456,0.016721542924642563,-0.24742093682289124,0.9239112138748169,0.14332039654254913,-0.22677317261695862,0.9313340187072754,0.267061710357666,-0.17857569456100464,1.1287305355072021,0.18447834253311157,0.03250966966152191,1.0978578329086304,0.16796167194843292,0.07472674548625946,1.091683268547058,0.13492831587791443,0.15916088223457336,1.0793341398239136,0.10763037204742432,0.10427173972129822,1.116068720817566,-0.058440517634153366,-0.2596795856952667,0.9195042848587036,-0.18503937125205994,-0.28032734990119934,0.9120814800262451,-0.31923002004623413,-0.19768622517585754,1.090304970741272,-0.40446871519088745,0.014423280954360962,1.0989125967025757,-0.42151644825935364,0.05684518441557884,1.1006340980529785,-0.455611914396286,0.1416889876127243,1.1040772199630737,-0.3933842182159424,0.11636443436145782,1.1284452676773071,-0.010737240314483643,0.1554880440235138,1.0474525690078735,-0.030412213876843452,0.21553070843219757,0.687838077545166,-0.10512419790029526,0.5210379958152771,0.7679540514945984,-0.1307707577943802,0.6204515099525452,0.6936383843421936,-0.1754615604877472,0.12657442688941956,1.0417650938034058,-0.27458521723747253,0.19793838262557983,0.6976771354675293,-0.2798477113246918,0.5171520709991455,0.756073534488678,-0.30756324529647827,0.6133990287780762,0.6784076690673828,-0.0031678862869739532,-0.3195492923259735,0.7647672295570374,0.0022634421475231647,-0.35796573758125305,0.7303656339645386,0.036235928535461426,-0.407137930393219,0.7359287738800049,0.08837756514549255,-0.45169398188591003,0.8298699259757996,-0.025632254779338837,-0.4111142158508301,0.7306013107299805,-0.08691562712192535,-0.46296003460884094,0.8147755265235901,-0.1214793398976326,0.5897359251976013,0.8194312453269958,-0.2723633646965027,0.5914742946624756,0.8014276027679443
-0.09244638681411743,0.14187653362751007,1.0345745086669922,-0.06937694549560547,0.01357114315032959,0.9845819473266602,-0.04674198478460312,-0.11408369243144989,0.9327588677406311,-0.02410634607076645,-0.241742342710495,0.8809342384338379,0.013657547533512115,-0.23655793070793152,0.8826135396957397,0.14088159799575806,-0.2166900783777237,0.8892415761947632,0.261441171169281,-0.19368116557598114,1.0932356119155884,0.18802450597286224,0.022374525666236877,1.1114442348480225,0.17334116995334625,0.0655856654047966,1.1150859594345093,0.14397449791431427,0.15200793743133545,1.122369408607483,0.1146487221121788,0.09148577600717545,1.1466894149780273,-0.06162421405315399,-0.2483142614364624,0.8786916136741638,-0.18884827196598053,-0.26818209886550903,0.8720635771751404,-0.31890973448753357,-0.19724848866462708,1.0584235191345215,-0.40551361441612244,0.011712506413459778,1.0935901403427124,-0.4228343963623047,0.05350470542907715,1.1006234884262085,-0.4574759602546692,0.1370891034603119,1.1146901845932007,-0.39427292346954346,0.10985645651817322,1.134136438369751,-0.009868621826171875,0.15572457015514374,1.0371397733688354,-0.03183658421039581,0.221603125333786,0.6786137819290161,-0.10540659725666046,0.5265129208564758,0.762226402759552,-0.13121579587459564,0.6267510652542114,0.6890439391136169,-0.175024151802063,0.1280284970998764,1.032009243965149,-0.27924737334251404,0.1933973729610443,0.6881663799285889,-0.2782468795776367,0.5136303305625916,0.7413028478622437,-0.305802583694458,0.6090505123138428,0.6625300645828247,-0.008626525290310383,-0.30443915724754333,0.7254122495651245,-0.003635035827755928,-0.3415127098560333,0.6909447312355042,0.029977992177009583,-0.3896809220314026,0.6950756907463074,0.0826774463057518,-0.4347314238548279,0.78569495677948,-0.030765332281589508,-0.3937712609767914,0.690678596496582,-0.08942864090204239,-0.44632065296173096,0.7732365131378174,-0.12132686376571655,0.5947368144989014,0.8144913911819458,-0.2687281668186188,0.5885679125785828,0.7852725982666016
-0.09120434522628784,0.14132481813430786,1.0220093727111816,-0.0700029581785202,0.016535580158233643,0.962989330291748,-0.04903728887438774,-0.1074090525507927,0.9021338820457458,-0.02807099185883999,-0.2313573956489563,0.8412766456604004,0.009758807718753815,-0.22649362683296204,0.8426616787910461,0.13771703839302063,-0.20770712196826935,0.8484827280044556,0.25163280963897705,-0.20379754900932312,1.0578017234802246,0.19364088773727417,0.008449703454971313,1.1219019889831543,0.18204250931739807,0.05089915543794632,1.1347219944000244,0.15884573757648468,0.13579806685447693,1.1603621244430542,0.12551811337471008,0.07357805967330933,1.1723610162734985,-0.06567291170358658,-0.23756831884384155,0.8392301797866821,-0.1936311423778534,-0.25635483860969543,0.8334091305732727,-0.3179800510406494,-0.19517482817173004,1.0273185968399048,-0.40478289127349854,0.008462473750114441,1.0866308212280273,-0.42214345932006836,0.049189936369657516,1.098493218421936,-0.456864595413208,0.13064485788345337,1.122218132019043,-0.39270010590553284,0.10226038098335266,1.1364754438400269,-0.008353941142559052,0.15433616936206818,1.0242605209350586,-0.031303420662879944,0.2241281121969223,0.6667232513427734,-0.10486159473657608,0.5265326499938965,0.7584249377250671,-0.1312616914510727,0.6284943222999573,0.6879955530166626,-0.17405474185943604,0.12831346690654755,1.0197582244873047,-0.2839553952217102,0.1902773678302765,0.6772485971450806,-0.2766628861427307,0.5111162662506104,0.7249746322631836,-0.30420491099357605,0.6056327819824219,0.6452155113220215,-0.014532816596329212,-0.2920238971710205,0.6882592439651489,-0.009981204755604267,-0.32820019125938416,0.6542088389396667,0.0230715312063694,-0.37543171644210815,0.6576418876647949,0.07578463107347488,-0.42003780603408813,0.7457022666931152,-0.03654502332210541,-0.3794777989387512,0.6539714336395264,-0.09312895685434341,-0.43150168657302856,0.7353028059005737,-0.12058095633983612,0.5933469533920288,0.8124686479568481,-0.26505136489868164,0.5865570306777954,0.7674697041511536
-0.08998769521713257,0.13892178237438202,1.008439302444458,-0.0707298293709755,0.017740391194820404,0.9416419267654419,-0.05162329226732254,-0.10245917737483978,0.873051106929779,-0.03251618146896362,-0.22266235947608948,0.8044582605361938,0.005380570888519287,-0.21817797422409058,0.8056098222732544,0.13396838307380676,-0.2006976455450058,0.8107962012290955,0.23937419056892395,-0.20961399376392365,1.0247465372085571,0.19739314913749695,-0.007027670741081238,1.124060869216919,0.18899694085121155,0.03348959609866142,1.1439237594604492,0.17220452427864075,0.11452412605285645,1.1836495399475098,0.13435377180576324,0.053669244050979614,1.1857233047485352,-0.07020526379346848,-0.22845317423343658,0.8025611639022827,-0.19879308342933655,-0.24593350291252136,0.7973747849464417,-0.3161536753177643,-0.19226104021072388,0.9981492161750793,-0.4021752178668976,0.004692107439041138,1.078627347946167,-0.4193795323371887,0.04408273845911026,1.0947229862213135,-0.453788161277771,0.1228640004992485,1.1269142627716064,-0.38873741030693054,0.09410383552312851,1.1359449625015259,-0.006816975772380829,0.15098877251148224,1.010526180267334,-0.027912115678191185,0.22683371603488922,0.654640257358551,-0.10076840221881866,0.5223124623298645,0.7657883167266846,-0.12757211923599243,0.6284065842628479,0.702278733253479,-0.1731584072113037,0.1268547922372818,1.006352424621582,-0.2885957360267639,0.18842411041259766,0.6661529541015625,-0.2765052616596222,0.509443461894989,0.7082247734069824,-0.3044087886810303,0.6028164029121399,0.6275354623794556,-0.020849835127592087,-0.282821923494339,0.6545025110244751,-0.01686628721654415,-0.3184584379196167,0.621208131313324,0.015325862914323807,-0.3649490475654602,0.6244808435440063,0.06752538681030273,-0.40864771604537964,0.7105796933174133,-0.04319717362523079,-0.36860889196395874,0.6213960647583008,-0.09828989207744598,-0.41901737451553345,0.7018396258354187,-0.11611925810575485,0.5854406952857971,0.8240075707435608,-0.2631739377975464,0.5853255987167358,0.7491451501846313
-0.08927485346794128,0.13519112765789032,0.9930989742279053,-0.07176119089126587,0.017208963632583618,0.9202595353126526,-0.05441942811012268,-0.09970789402723312,0.8456819653511047,-0.03707714378833771,-0.21662825345993042,0.7711021304130554,0.000879727303981781,-0.21249207854270935,0.772020697593689,0.12994176149368286,-0.19622734189033508,0.776533305644989,0.2275613248348236,-0.2077997773885727,0.9944407343864441,0.19736649096012115,-0.012783363461494446,1.1123076677322388,0.1913275271654129,0.026219919323921204,1.1358810663223267,0.1792495995759964,0.1042264848947525,1.1830278635025024,0.1378367394208908,0.04565611109137535,1.1796730756759644,-0.07484553009271622,-0.22203519940376282,0.7693729996681213,-0.2039075791835785,-0.23829993605613708,0.7648603916168213,-0.3133408725261688,-0.18868707120418549,0.9715245366096497,-0.3982006311416626,0.0009889155626296997,1.0697975158691406,-0.4151725769042969,0.03892411291599274,1.0894521474838257,-0.44911646842956543,0.11479450762271881,1.1287614107131958,-0.38322025537490845,0.08652786165475845,1.1326920986175537,-0.005754835903644562,0.14639662206172943,0.9950305223464966,-0.021875381469726562,0.2268691062927246,0.6405459642410278,-0.09405021369457245,0.5155497193336487,0.7672845721244812,-0.12029626965522766,0.6248587369918823,0.709704577922821,-0.1727948784828186,0.12398562580347061,0.991167426109314,-0.2931423783302307,0.187516450881958,0.6537133455276489,-0.2776166498661041,0.5080493092536926,0.6940368413925171,-0.3060492277145386,0.6011413335800171,0.6135493516921997,-0.027221491560339928,-0.277820885181427,0.6249906420707703,-0.023854006081819534,-0.3132443130016327,0.5928624868392944,0.007320249453186989,-0.359011709690094,0.5965150594711304,0.05871110409498215,-0.4010193347930908,0.6811251044273376,-0.05006697028875351,-0.36214739084243774,0.5939573645591736,-0.10388601571321487,-0.40990379452705383,0.6738783121109009,-0.10935980826616287,0.5753402709960938,0.8287241458892822,-0.2629638910293579,0.5838629007339478,0.7343071699142456
-0.08900296688079834,0.13018837571144104,0.9773188233375549,-0.07301030308008194,0.014777176082134247,0.8998985290527344,-0.05730117857456207,-0.09952202439308167,0.8207889199256897,-0.0415915809571743,-0.21382464468479156,0.741676926612854,-0.0035596005618572235,-0.21001099050045013,0.7423747181892395,0.1256733387708664,-0.194907546043396,0.746215283870697,0.21871906518936157,-0.1998264193534851,0.9667713642120361,0.19817151129245758,-0.008184313774108887,1.0926793813705444,0.1940619945526123,0.030144110321998596,1.117861032485962,0.18584297597408295,0.10680095851421356,1.1682242155075073,0.14175909757614136,0.05021526664495468,1.1629667282104492,-0.07945281267166138,-0.21888062357902527,0.7401192784309387,-0.2086857557296753,-0.2339840680360794,0.7362787127494812,-0.3106423020362854,-0.18579109013080597,0.9474871158599854,-0.39401179552078247,-0.0035694092512130737,1.0608296394348145,-0.4106856882572174,0.032874930649995804,1.0834981203079224,-0.4440334737300873,0.10576361417770386,1.1288350820541382,-0.3774988353252411,0.07845715433359146,1.1281508207321167,-0.005105800926685333,0.1406020224094391,0.9791256785392761,-0.013186456635594368,0.2228858917951584,0.6255131363868713,-0.08645086735486984,0.5062860250473022,0.7615879774093628,-0.11160790920257568,0.6175048351287842,0.707848310470581,-0.17290014028549194,0.11977473646402359,0.9755119681358337,-0.2973989248275757,0.18711060285568237,0.6410815715789795,-0.2803493142127991,0.5064806938171387,0.6848049163818359,-0.3095218539237976,0.6004005670547485,0.6059476137161255,-0.03303617238998413,-0.27692312002182007,0.5999169945716858,-0.03016883134841919,-0.31231197714805603,0.5692099928855896,-2.6036053895950317e-05,-0.357305645942688,0.5736469626426697,0.05025756359100342,-0.3970699608325958,0.6571786999702454,-0.05625074356794357,-0.35993075370788574,0.5714221596717834,-0.10904577374458313,-0.40450769662857056,0.6508751511573792,-0.10248665511608124,0.5636798143386841,0.8248594999313354,-0.264941930770874,0.5816307663917542,0.7256650924682617
-0.08921486139297485,0.12596334517002106,0.9599923491477966,-0.07463746517896652,0.012030467391014099,0.8797666430473328,-0.06048658490180969,-0.10076400637626648,0.7978732585906982,-0.04633527994155884,-0.21356186270713806,0.7159773707389832,-0.008210834115743637,-0.21006172895431519,0.7164416909217834,0.12136659026145935,-0.19605383276939392,0.719538688659668,0.213858500123024,-0.19344770908355713,0.9405247569084167,0.20142556726932526,-0.002811223268508911,1.0692466497421265,0.1989389806985855,0.03531607612967491,1.0949910879135132,0.19396580755710602,0.11157067120075226,1.146479845046997,0.14799241721630096,0.05645240843296051,1.1412183046340942,-0.08430591225624084,-0.21828794479370117,0.714622974395752,-0.21388334035873413,-0.23229584097862244,0.7115259766578674,-0.30938106775283813,-0.1834195852279663,0.9257400631904602,-0.39098048210144043,-0.008286654949188232,1.0511839389801025,-0.40730035305023193,0.026739932596683502,1.07627272605896,-0.43994012475013733,0.09679310768842697,1.1264503002166748,-0.3730536997318268,0.07062824815511703,1.121882438659668,-0.0049092769622802734,0.1355985701084137,0.9616276025772095,-0.0033414848148822784,0.21284671127796173,0.6075434684753418,-0.07868029177188873,0.4965481758117676,0.7402706742286682,-0.10208286345005035,0.6073837876319885,0.6855524182319641,-0.17352044582366943,0.11632812768220901,0.9583570957183838,-0.30077552795410156,0.18696439266204834,0.6264505982398987,-0.28203603625297546,0.5046861171722412,0.6762569546699524,-0.31147125363349915,0.6000807881355286,0.5997081398963928,-0.03829497471451759,-0.2798580527305603,0.5793155431747437,-0.03571682050824165,-0.3154740333557129,0.5504048466682434,-0.0065415650606155396,-0.35956287384033203,0.5562089681625366,0.04231710359454155,-0.3961638808250427,0.6392437815666199,-0.06158849596977234,-0.3617993891239166,0.5540553331375122,-0.11364920437335968,-0.402500718832016,0.633141815662384,-0.09599237143993378,0.5541701316833496,0.8027524948120117,-0.26597779989242554,0.5787951350212097,0.7183753252029419
-0.09009557962417603,0.12259113788604736,0.943364143371582,-0.07683391124010086,0.00914524495601654,0.8615944981575012,-0.06406819820404053,-0.10315801203250885,0.7781850695610046,-0.05130210518836975,-0.21546465158462524,0.6947731375694275,-0.013049609959125519,-0.21225570142269135,0.6950214505195618,0.1168462261557579,-0.19926291704177856,0.6974082589149475,0.21141844987869263,-0.19047585129737854,0.9173546433448792,0.2064065784215927,-0.0001595616340637207,1.0470536947250366,0.20540420711040497,0.03790369629859924,1.072993516921997,0.2033994495868683,0.11403021216392517,1.124873161315918,0.15598829090595245,0.060072802007198334,1.1203850507736206,-0.08941584825515747,-0.2198942005634308,0.6936182379722595,-0.2193116843700409,-0.23288697004318237,0.6912314295768738,-0.30968889594078064,-0.18165166676044464,0.9071120619773865,-0.38951337337493896,-0.012209564447402954,1.0412189960479736,-0.40547826886177063,0.021678853780031204,1.068040370941162,-0.43740805983543396,0.08945569396018982,1.121683120727539,-0.37038135528564453,0.06435424089431763,1.1141531467437744,-0.005381718277931213,0.13144990801811218,0.9448127746582031,0.006925192661583424,0.20192116498947144,0.5902575850486755,-0.06854734569787979,0.48767974972724915,0.716809868812561,-0.08917311578989029,0.5977814793586731,0.6600996851921082,-0.17480944097042084,0.11373236775398254,0.9419155120849609,-0.30272209644317627,0.18695279955863953,0.6116062998771667,-0.28081485629081726,0.5023934245109558,0.6698025465011597,-0.30951011180877686,0.5999076962471008,0.5961045026779175,-0.04305537790060043,-0.28605949878692627,0.5635740160942078,-0.040587641298770905,-0.3221610188484192,0.5367029309272766,-0.012281911447644234,-0.3653154969215393,0.5443605780601501,0.03493828326463699,-0.398105263710022,0.6275266408920288,-0.06628205627202988,-0.3672584295272827,0.5420117378234863,-0.11806211620569229,-0.4036102294921875,0.6208716630935669,-0.08682960271835327,0.5462320446968079,0.7778973579406738,-0.26394736766815186,0.575035572052002,0.7137672901153564
-0.09150342643260956,0.12042531371116638,0.9283424019813538,-0.07955130934715271,0.0063344016671180725,0.8462508916854858,-0.06807245314121246,-0.10662882030010223,0.7625480890274048,-0.05659325420856476,-0.21959541738033295,0.6788427829742432,-0.018152892589569092,-0.21670076251029968,0.6789159178733826,0.1119886189699173,-0.20480307936668396,0.6807065010070801,0.21012459695339203,-0.18953493237495422,0.8987427949905396,0.2123994082212448,0.00291655957698822,1.0253530740737915,0.21285437047481537,0.04140685871243477,1.0506751537322998,0.21376429498195648,0.11838746070861816,1.1013193130493164,0.16501346230506897,0.06550426781177521,1.0987424850463867,-0.09490884840488434,-0.22371786832809448,0.6778598427772522,-0.22505035996437073,-0.2356155514717102,0.6760692596435547,-0.31243881583213806,-0.1807464212179184,0.8923012614250183,-0.39099574089050293,-0.01523473858833313,1.0319708585739136,-0.40670713782310486,0.017867598682641983,1.0599048137664795,-0.43812990188598633,0.08407227694988251,1.1157727241516113,-0.3710657060146332,0.05969935655593872,1.1063774824142456,-0.006355360150337219,0.12842530012130737,0.929621160030365,0.01579905115067959,0.19179439544677734,0.5746115446090698,-0.05843205004930496,0.48028498888015747,0.6946297287940979,-0.07604226469993591,0.5896211862564087,0.6357693076133728,-0.1766514927148819,0.11242532730102539,0.9270636439323425,-0.3040652275085449,0.18741631507873535,0.5973966121673584,-0.27558213472366333,0.4996625781059265,0.6669121384620667,-0.30222010612487793,0.600257158279419,0.5969105958938599,-0.04791826754808426,-0.2947802245616913,0.5530049800872803,-0.04557589814066887,-0.3314632773399353,0.5281793475151062,-0.018193185329437256,-0.3738064169883728,0.5378550291061401,0.027199074625968933,-0.40284162759780884,0.6214964389801025,-0.07132717221975327,-0.37534070014953613,0.5351088047027588,-0.12334723770618439,-0.40718874335289,0.613715410232544,-0.07730567455291748,0.5400031208992004,0.7542559504508972,-0.2572084367275238,0.5702131390571594,0.7134178280830383
-0.0925154909491539,0.12116535007953644,0.9122976660728455,-0.08226223289966583,0.0046476274728775024,0.8324803113937378,-0.07232203334569931,-0.11082000285387039,0.7511124014854431,-0.06238153576850891,-0.22629109025001526,0.6697420477867126,-0.02375992387533188,-0.22386369109153748,0.6696762442588806,0.10657898336648941,-0.21353961527347565,0.6709482073783875,0.20866511762142181,-0.18978725373744965,0.8861753344535828,0.21716873347759247,0.007108628749847412,1.0051064491271973,0.21886946260929108,0.04648780822753906,1.0288926362991333,0.2222709059715271,0.12524616718292236,1.076465129852295,0.1725054532289505,0.0733368992805481,1.076859712600708,-0.10089510679244995,-0.22997352480888367,0.6689234972000122,-0.23123401403427124,-0.2402976006269455,0.6676515340805054,-0.3186947703361511,-0.18030725419521332,0.8822680711746216,-0.3967245817184448,-0.016210094094276428,1.0235776901245117,-0.4123305380344391,0.01660933718085289,1.0518395900726318,-0.4435424506664276,0.08224819600582123,1.108363389968872,-0.3765929341316223,0.05785287916660309,1.0986703634262085,-0.006902948021888733,0.12792780995368958,0.913423478603363,0.024411950260400772,0.1851859986782074,0.5585069060325623,-0.04677062854170799,0.4765300154685974,0.6722850799560547,-0.0609060563147068,0.5851216316223145,0.6114627122879028,-0.17812803387641907,0.1144028827548027,0.9111718535423279,-0.3038393259048462,0.19121728837490082,0.5817464590072632,-0.26676735281944275,0.49811112880706787,0.667394757270813,-0.2902345657348633,0.6028067469596863,0.6027463674545288,-0.05350548028945923,-0.3082881271839142,0.5494173765182495,-0.05133679881691933,-0.34613847732543945,0.5269611477851868,-0.024616913869976997,-0.3878113925457001,0.539257824420929,0.019544869661331177,-0.41212475299835205,0.6242761611938477,-0.07739053666591644,-0.38901010155677795,0.5361816883087158,-0.12998038530349731,-0.4155210852622986,0.6155605912208557,-0.06578634679317474,0.5374475121498108,0.7304852604866028,-0.2465876191854477,0.5655105113983154,0.7174936532974243
-0.09384053945541382,0.1227608323097229,0.8961066603660583,-0.08534632623195648,0.0030303895473480225,0.8202553391456604,-0.0768713727593422,-0.11578692495822906,0.7429794073104858,-0.06839616596698761,-0.2346077859401703,0.665701150894165,-0.029641102999448776,-0.23269176483154297,0.6655876040458679,0.10078839957714081,-0.22405996918678284,0.6666199564933777,0.20694667100906372,-0.18927854299545288,0.8776394128799438,0.221358522772789,0.014149561524391174,0.9830760359764099,0.22424089908599854,0.054835181683301926,1.004163384437561,0.2300056368112564,0.13620641827583313,1.0463380813598633,0.1793782263994217,0.08560723066329956,1.0509039163589478,-0.10705912113189697,-0.2378152757883072,0.6649748086929321,-0.23748862743377686,-0.24644707143306732,0.6639424562454224,-0.3274531364440918,-0.17905841767787933,0.8745931386947632,-0.40603360533714294,-0.012403085827827454,1.011555552482605,-0.42174971103668213,0.020927980542182922,1.0389480590820312,-0.4531818926334381,0.08759011328220367,1.0937330722808838,-0.3864649534225464,0.06259863078594208,1.085453987121582,-0.007816530764102936,0.12815344333648682,0.8972278833389282,0.03314313292503357,0.18972373008728027,0.5441522002220154,-0.03453280031681061,0.4809604585170746,0.6599999666213989,-0.04488296061754227,0.5905559062957764,0.600320041179657,-0.1798645555973053,0.11736822873353958,0.8949854373931885,-0.3019922375679016,0.19621743261814117,0.5648360252380371,-0.25522661209106445,0.495630145072937,0.669643223285675,-0.2744000256061554,0.6048420071601868,0.611461341381073,-0.05884487181901932,-0.32299289107322693,0.550817608833313,-0.056742262095212936,-0.36190757155418396,0.5306549072265625,-0.03063216432929039,-0.4028489589691162,0.5455538630485535,0.012142129242420197,-0.42255833745002747,0.6319788694381714,-0.0831521674990654,-0.403805673122406,0.541923463344574,-0.13666453957557678,-0.4252690076828003,0.6216927170753479,-0.05364139378070831,0.5415075421333313,0.7185091972351074,-0.23324693739414215,0.5590304136276245,0.7239729166030884
-0.09509321302175522,0.12557481229305267,0.8790022134780884,-0.08836255222558975,0.0016898959875106812,0.8094030618667603,-0.0813719853758812,-0.1214485615491867,0.7385167479515076,-0.07438120990991592,-0.24459069967269897,0.6676283478736877,-0.03552989289164543,-0.24322322010993958,0.667532742023468,0.09486988186836243,-0.23638063669204712,0.6685059070587158,0.20521721243858337,-0.18591028451919556,0.8725382089614868,0.22542186081409454,0.02507898211479187,0.9572542309761047,0.22946278750896454,0.06727683544158936,0.9741974472999573,0.23754464089870453,0.15167254209518433,1.0080838203430176,0.18631726503372192,0.10311494767665863,1.0182337760925293,-0.11315654218196869,-0.24729660153388977,0.666953444480896,-0.24355632066726685,-0.2541391849517822,0.6659802794456482,-0.3374515771865845,-0.1745561957359314,0.8689659833908081,-0.41738224029541016,0.0013878941535949707,0.9904413819313049,-0.43336838483810425,0.036576710641384125,1.0147364139556885,-0.46534064412117004,0.10695434361696243,1.0633265972137451,-0.3990590274333954,0.08107050508260727,1.0586485862731934,-0.008740782737731934,0.1295599788427353,0.8802595138549805,0.044175565242767334,0.20926333963871002,0.5324623584747314,-0.02030186355113983,0.4956056475639343,0.6615288853645325,-0.026323262602090836,0.6083808541297913,0.6074582934379578,-0.1814456433057785,0.12158964574337006,0.8777449131011963,-0.2987530827522278,0.20184245705604553,0.5462119579315186,-0.24170726537704468,0.49031883478164673,0.6740188002586365,-0.2556094825267792,0.6042925119400024,0.6240701079368591,-0.06408236920833588,-0.33915096521377563,0.5585143566131592,-0.062059298157691956,-0.3790317475795746,0.540702760219574,-0.036614201962947845,-0.41912364959716797,0.5582249760627747,0.004645206034183502,-0.43414807319641113,0.6459258794784546,-0.08890174329280853,-0.4198549687862396,0.553923487663269,-0.1435028314590454,-0.4362201392650604,0.6337384581565857,-0.039787206798791885,0.5534613132476807,0.7225745916366577,-0.21805793046951294,0.5484864115715027,0.7332706451416016
-0.09526978433132172,0.1298009753227234,0.8586830496788025,-0.09058116376399994,0.001043766736984253,0.7982721924781799,-0.08524780720472336,-0.12714223563671112,0.7367109656333923,-0.07991428673267365,-0.2553320527076721,0.6751478910446167,-0.041034035384655,-0.254554808139801,0.6751102209091187,0.08916541188955307,-0.24961541593074799,0.6761050224304199,0.20224665105342865,-0.17934943735599518,0.8702481985092163,0.2294953614473343,0.03776876628398895,0.9281500577926636,0.23494510352611542,0.08119240403175354,0.9397304058074951,0.24584458768367767,0.16803967952728271,0.962891161441803,0.19371598958969116,0.12307477742433548,0.9790573120117188,-0.11873657256364822,-0.25750261545181274,0.674516499042511,-0.2489360272884369,-0.2624419927597046,0.6735216975212097,-0.3479207158088684,-0.16664870083332062,0.8644193410873413,-0.4302273094654083,0.021385997533798218,0.9598342776298523,-0.44668862223625183,0.058992937207221985,0.9789172410964966,-0.47961124777793884,0.13420681655406952,1.0170831680297852,-0.4138789176940918,0.10814178735017776,1.0177565813064575,-0.008686892688274384,0.13228875398635864,0.8601006269454956,0.056878380477428436,0.2459471970796585,0.5234116315841675,-0.004428032785654068,0.5201331973075867,0.6790880560874939,-0.005943571217358112,0.6380826234817505,0.6364348530769348,-0.18185266852378845,0.12731319665908813,0.8572654724121094,-0.29434388875961304,0.20528337359428406,0.5228362083435059,-0.22334998846054077,0.48179784417152405,0.6700478196144104,-0.23024792969226837,0.599555253982544,0.6273948550224304,-0.06943261623382568,-0.35615137219429016,0.5722963213920593,-0.06773403286933899,-0.3969535827636719,0.5569689869880676,-0.043188393115997314,-0.4361707270145416,0.5771940350532532,-0.0035216212272644043,-0.4464457035064697,0.6660436391830444,-0.09528756141662598,-0.43644675612449646,0.5721551179885864,-0.15113593637943268,-0.44722774624824524,0.6517667770385742,-0.024358324706554413,0.5722120404243469,0.7451979517936707,-0.19738604128360748,0.5347168445587158,0.7333360314369202
-0.09531345218420029,0.1426655650138855,0.8071529865264893,-0.09386690706014633,0.004193603992462158,0.7744084000587463,-0.09160943329334259,-0.13403208553791046,0.7406837940216064,-0.08935189247131348,-0.27226191759109497,0.7069581747055054,-0.050466038286685944,-0.2724739611148834,0.7071672081947327,0.07867223769426346,-0.2706829011440277,0.7084705829620361,0.19387368857860565,-0.1549111008644104,0.8695574998855591,0.2373953014612198,0.06079520285129547,0.8543906807899475,0.24609962105751038,0.10393646359443665,0.8513573408126831,0.26350826025009155,0.190218985080719,0.8452906012535095,0.2092776894569397,0.15800052881240845,0.8730319738388062,-0.12821321189403534,-0.273552268743515,0.7063825130462646,-0.25735148787498474,-0.2753433287143707,0.7050791382789612,-0.3648536801338196,-0.140269473195076,0.8561480045318604,-0.448018342256546,0.06399194896221161,0.8599268198013306,-0.46465128660202026,0.10484423488378525,0.8606826066970825,-0.49791714549064636,0.18654879927635193,0.8621941208839417,-0.4345914125442505,0.16440212726593018,0.8779403567314148,-0.008583620190620422,0.1430557370185852,0.8093344569206238,0.08487706631422043,0.26309043169021606,0.47573086619377136,0.025656215846538544,0.5409570932388306,0.6354272365570068,0.0324857234954834,0.6613603234291077,0.5947461724281311,-0.18204328417778015,0.1422753930091858,0.8049715161323547,-0.2806538939476013,0.19978350400924683,0.45654168725013733,-0.1965290606021881,0.4745528995990753,0.6103100776672363,-0.1934518963098526,0.5943093299865723,0.5673279762268066,-0.08045497536659241,-0.3863382339477539,0.6188363432884216,-0.07997525483369827,-0.42887309193611145,0.6091585755348206,-0.057391054928302765,-0.46584218740463257,0.635108470916748,-0.02010796219110489,-0.46542537212371826,0.7255820035934448,-0.10934560745954514,-0.4649810492992401,0.6287482976913452,-0.16731253266334534,-0.46298542618751526,0.7075613737106323,0.003639429807662964,0.5934448838233948,0.7022197246551514,-0.16951316595077515,0.52622389793396,0.6758936047554016
-0.09531345218420029,0.1426655650138855,0.8071529865264893,-0.09386690706014633,0.004193603992462158,0.7744084000587463,-0.09160943329334259,-0.13403208553791046,0.7406837940216064,-0.08935189247131348,-0.27226191759109497,0.7069581747055054,-0.050466038286685944,-0.2724739611148834,0.7071672081947327,0.07867223769426346,-0.2706829011440277,0.7084705829620361,0.19387368857860565,-0.1549111008644104,0.8695574998855591,0.2373953014612198,0.06079520285129547,0.8543906807899475,0.24609962105751038,0.10393646359443665,0.8513573408126831,0.26350826025009155,0.190218985080719,0.8452906012535095,0.2092776894569397,0.15800052881240845,0.8730319738388062,-0.12821321189403534,-0.273552268743515,0.7063825130462646,-0.25735148787498474,-0.2753433287143707,0.7050791382789612,-0.3648536801338196,-0.140269473195076,0.8561480045318604,-0.448018342256546,0.06399194896221161,0.8599268198013306,-0.46465128660202026,0.10484423488378525,0.8606826066970825,-0.49791714549064636,0.18654879927635193,0.8621941208839417,-0.4345914125442505,0.16440212726593018,0.8779403567314148,-0.008583620190620422,0.1430557370185852,0.8093344569206238,0.08487706631422043,0.26309043169021606,0.47573086619377136,0.025656215846538544,0.5409570932388306,0.6354272365570068,0.0324857234954834,0.6613603234291077,0.5947461724281311,-0.18204328417778015,0.1422753930091858,0.8049715161323547,-0.2806538939476013,0.19978350400924683,0.45654168725013733,-0.1965290606021881,0.4745528995990753,0.6103100776672363,-0.1934518963098526,0.5943093299865723,0.5673279762268066,-0.08045497536659241,-0.3863382339477539,0.6188363432884216,-0.07997525483369827,-0.42887309193611145,0.6091585755348206,-0.057391054928302765,-0.46584218740463257,0.635108470916748,-0.02010796219110489,-0.46542537212371826,0.7255820035934448,-0.10934560745954514,-0.4649810492992401,0.6287482976913452,-0.16731253266334534,-0.46298542618751526,0.7075613737106323,0.003639429807662964,0.5934448838233948,0.7022197246551514,-0.16951316595077515,0.52622389793396,0.6758936047554016
-0.09636420756578445,0.14878475666046143,0.781872034072876,-0.09583363682031631,0.00780797004699707,0.7650391459465027,-0.09465533494949341,-0.13305164873600006,0.7472835779190063,-0.09347699582576752,-0.27391546964645386,0.729527473449707,-0.054681409150362015,-0.274405837059021,0.7298222184181213,0.07358840107917786,-0.27349594235420227,0.7311160564422607,0.18919798731803894,-0.13535445928573608,0.8681432008743286,0.235926553606987,0.0666620284318924,0.8020656108856201,0.24527226388454437,0.10706532746553421,0.7888500690460205,0.2639636993408203,0.18787193298339844,0.7624190449714661,0.20977038145065308,0.1645771861076355,0.7962247133255005,-0.1322597712278366,-0.2749561369419098,0.72903972864151,-0.2605295777320862,-0.2758660316467285,0.7277458906173706,-0.3700339198112488,-0.12245947122573853,0.8530467748641968,-0.4482066333293915,0.07251988351345062,0.7961912155151367,-0.46384117007255554,0.11151575297117233,0.7848200798034668,-0.49511024355888367,0.18950748443603516,0.7620778679847717,-0.43389809131622314,0.1725367307662964,0.7863152027130127,-0.009630098938941956,0.1488116830587387,0.784380316734314,0.09521430730819702,0.24862588942050934,0.4428490400314331,0.035607218742370605,0.5399433970451355,0.5853309631347656,0.04544509947299957,0.6588895916938782,0.5370110273361206,-0.18309831619262695,0.14875783026218414,0.779363751411438,-0.27339035272598267,0.18944388628005981,0.42188531160354614,-0.18797528743743896,0.47242793440818787,0.5679821372032166,-0.1817939132452011,0.5915919542312622,0.5195928812026978,-0.08591311424970627,-0.39506858587265015,0.6485908031463623,-0.08609592169523239,-0.43860459327697754,0.6417542099952698,-0.06406788527965546,-0.47445404529571533,0.6705999374389648,-0.026937730610370636,-0.46844491362571716,0.7620187401771545,-0.11649219691753387,-0.4731605052947998,0.6637643575668335,-0.17547327280044556,-0.46477991342544556,0.7426513433456421,0.012458894401788712,0.5974004864692688,0.6489315629005432,-0.16156405210494995,0.52703458070755,0.6328108310699463
-0.0982118546962738,0.15433770418167114,0.7538897395133972,-0.09816008806228638,0.013454973697662354,0.752956748008728,-0.09772419184446335,-0.12741868197917938,0.7511569857597351,-0.09728828072547913,-0.2682965397834778,0.7493571639060974,-0.05879412963986397,-0.2689473032951355,0.7496810555458069,0.06806176900863647,-0.26856884360313416,0.7507807612419128,0.18308326601982117,-0.10777711868286133,0.8544160723686218,0.22459127008914948,0.06334777176380157,0.731702446937561,0.23289287090301514,0.09757275134325027,0.707159698009491,0.24949607253074646,0.16602271795272827,0.6580742597579956,0.197059765458107,0.15349218249320984,0.6979414224624634,-0.13577769696712494,-0.26917698979377747,0.7490137219429016,-0.2626335918903351,-0.2695554494857788,0.7479140162467957,-0.37165313959121704,-0.09911805391311646,0.8422009944915771,-0.4363149404525757,0.06841839849948883,0.7246609330177307,-0.4492473006248474,0.10192568600177765,0.7011529207229614,-0.47511202096939087,0.16894027590751648,0.6541368961334229,-0.4173358976840973,0.15910150110721588,0.686711311340332,-0.011417761445045471,0.15435174107551575,0.756585955619812,0.10181327164173126,0.23145811259746552,0.4080375134944916,0.041457392275333405,0.5350116491317749,0.5306318998336792,0.05336512625217438,0.6514725685119629,0.4741106927394867,-0.18500594794750214,0.15432366728782654,0.7511935234069824,-0.2624111771583557,0.1741420179605484,0.3853133022785187,-0.17913362383842468,0.4674884080886841,0.5188411474227905,-0.16999845206737518,0.5846433639526367,0.46324583888053894,-0.0913395807147026,-0.39609861373901367,0.6741036772727966,-0.09218207746744156,-0.4407045543193817,0.6696534752845764,-0.07035993039608002,-0.4757956862449646,0.7010554075241089,-0.03261744976043701,-0.4650161862373352,0.7936505079269409,-0.12365990877151489,-0.4740775227546692,0.6939241886138916,-0.18363408744335175,-0.46014803647994995,0.7734453678131104,0.017369519919157028,0.5973758697509766,0.5903370976448059,-0.15441949665546417,0.5262188911437988,0.5818821787834167
-0.10250996053218842,0.15811166167259216,0.7305049300193787,-0.10216665267944336,0.019625291228294373,0.7436261773109436,-0.1019173189997673,-0.11893637478351593,0.755929172039032,-0.10166797786951065,-0.2575021982192993,0.768232524394989,-0.06366004049777985,-0.25816643238067627,0.7685292363166809,0.06174030900001526,-0.25787344574928284,0.7692877054214478,0.17501714825630188,-0.07989202439785004,0.8368842601776123,0.20866580307483673,0.04753732681274414,0.6695367097854614,0.21539553999900818,0.07302320003509521,0.6360672116279602,0.22885499894618988,0.12399494647979736,0.5691282153129578,0.17819152772426605,0.12280069291591644,0.612261176109314,-0.13967320322990417,-0.25834399461746216,0.7680695056915283,-0.2650735378265381,-0.2586369812488556,0.7673110365867615,-0.3719198405742645,-0.07438091933727264,0.8282362818717957,-0.4184706509113312,0.05306680500507355,0.664023756980896,-0.42778080701828003,0.0785563513636589,0.6311812400817871,-0.4464011490345001,0.12953543663024902,0.5654962062835693,-0.3923370838165283,0.12803617119789124,0.6042711734771729,-0.01564010977745056,0.15858116745948792,0.7331874370574951,0.10472781211137772,0.21520285308361053,0.3811597526073456,0.04426731914281845,0.526226818561554,0.48841798305511475,0.05799146741628647,0.640281617641449,0.42623084783554077,-0.18937981128692627,0.1576421558856964,0.7278224229812622,-0.2526806890964508,0.15698590874671936,0.35686349868774414,-0.20798255503177643,0.4570663571357727,0.49775174260139465,-0.2090417593717575,0.5759046077728271,0.4435259699821472,-0.09752757102251053,-0.3920183479785919,0.6966828107833862,-0.09900950640439987,-0.437961220741272,0.6940978169441223,-0.0769769698381424,-0.4728641211986542,0.7278121113777161,-0.037782490253448486,-0.4582180976867676,0.822228193283081,-0.1317029595375061,-0.4706907868385315,0.720559298992157,-0.19283948838710785,-0.45206037163734436,0.8016785979270935,0.019539106637239456,0.5918831825256348,0.5448997616767883,-0.192730113863945,0.5174804329872131,0.5627897381782532
-0.1068587452173233,0.1605624407529831,0.7100738883018494,-0.10664365440607071,0.025880560278892517,0.7350407838821411,-0.10682350397109985,-0.10894787311553955,0.7592040300369263,-0.1070033609867096,-0.24378034472465515,0.7833680510520935,-0.06957931816577911,-0.24453631043434143,0.7836482524871826,0.05461107939481735,-0.2446134090423584,0.7841423749923706,0.16475972533226013,-0.05607441067695618,0.8166741132736206,0.19053611159324646,0.0245809406042099,0.6220171451568604,0.19569139182567596,0.040712010115385056,0.5830857753753662,0.20600195229053497,0.07297414541244507,0.5052229762077332,0.15669506788253784,0.08185780793428421,0.548672616481781,-0.14442935585975647,-0.244489848613739,0.78335040807724,-0.26861974596977234,-0.24441275000572205,0.782856285572052,-0.37321943044662476,-0.052455902099609375,0.813669741153717,-0.4007880389690399,0.03387129306793213,0.6217098236083984,-0.4063017666339874,0.05113673210144043,0.5833178162574768,-0.41732922196388245,0.08566761016845703,0.5065338611602783,-0.36695221066474915,0.09216738492250443,0.5491703152656555,-0.01996508240699768,0.16119074821472168,0.712714672088623,0.10270007699728012,0.19697856903076172,0.3558747172355652,0.043407879769802094,0.5156983137130737,0.4475974440574646,0.058060772716999054,0.6271405816078186,0.379213809967041,-0.19375240802764893,0.1599341332912445,0.7074331045150757,-0.24035653471946716,0.13883547484874725,0.3318732976913452,-0.24474863708019257,0.44454270601272583,0.47341734170913696,-0.26057833433151245,0.5628084540367126,0.4179823100566864,-0.10394324362277985,-0.3848576545715332,0.7147961854934692,-0.10583620518445969,-0.43220072984695435,0.7138593196868896,-0.08336731046438217,-0.46701663732528687,0.7498094439506531,-0.04272359609603882,-0.4487302899360657,0.8463175296783447,-0.1396942436695099,-0.4646170139312744,0.742358922958374,-0.20231659710407257,-0.44193142652511597,0.8252076506614685,0.01875951513648033,0.584790825843811,0.5009662508964539,-0.24093610048294067,0.5070232152938843,0.5390770435333252
-0.11210976541042328,0.16190211474895477,0.694381833076477,-0.11206244677305222,0.031434252858161926,0.7286983728408813,-0.11256637424230576,-0.09924200177192688,0.762208878993988,-0.11307031661272049,-0.22992216050624847,0.7957203984260559,-0.0762140303850174,-0.23074068129062653,0.7960342764854431,0.04714936017990112,-0.23110331594944,0.7964752912521362,0.15243247151374817,-0.0374772846698761,0.8018863201141357,0.17590348422527313,0.008194152265787125,0.5962138175964355,0.1805976927280426,0.01732844114303589,0.5550793409347534,0.18998609483242035,0.03559701889753342,0.4728103578090668,0.1405927836894989,0.05075940117239952,0.5142391324043274,-0.14993208646774292,-0.2305239886045456,0.7957707047462463,-0.27329546213150024,-0.23016135394573212,0.7953296899795532,-0.3774089217185974,-0.03622770309448242,0.8077788352966309,-0.38587042689323425,0.020192395895719528,0.6036144495010376,-0.38756272196769714,0.03147641569375992,0.562781572341919,-0.3909473419189453,0.0540444552898407,0.48111581802368164,-0.3444962501525879,0.0664874017238617,0.5266505479812622,-0.02524881809949875,0.16265074908733368,0.697108268737793,0.09646039456129074,0.1792132407426834,0.3346782624721527,0.038465410470962524,0.5053319334983826,0.4120810031890869,0.05322366952896118,0.6143333315849304,0.33760708570480347,-0.1989707052707672,0.16115348041057587,0.6916553974151611,-0.22481970489025116,0.12007834017276764,0.31206661462783813,-0.2680625915527344,0.42981481552124023,0.4458627700805664,-0.29381218552589417,0.545515239238739,0.3858974575996399,-0.11030065268278122,-0.37732166051864624,0.7297261953353882,-0.11232522130012512,-0.4260658919811249,0.7303016781806946,-0.08916211128234863,-0.4607630968093872,0.7683719992637634,-0.047062210738658905,-0.4388832151889801,0.8669937252998352,-0.14716607332229614,-0.458443820476532,0.7607575058937073,-0.21140679717063904,-0.4323119521141052,0.8454194068908691,0.014214329421520233,0.5777043700218201,0.4627065658569336,-0.27389368414878845,0.4944934844970703,0.5104499459266663
-0.11730889976024628,0.16130641102790833,0.6818760633468628,-0.11759623140096664,0.03476414084434509,0.7230917811393738,-0.11843811720609665,-0.09203439950942993,0.7635044455528259,-0.11928003281354904,-0.21883675456047058,0.8039183616638184,-0.08292435854673386,-0.21965515613555908,0.8044896721839905,0.03983984887599945,-0.2200917750597,0.8056771755218506,0.1393553614616394,-0.023795291781425476,0.7937381267547607,0.16503748297691345,0.0020574964582920074,0.5849671363830566,0.17017391324043274,0.007228054106235504,0.5432129502296448,0.18044675886631012,0.017569169402122498,0.45970454812049866,0.12994371354579926,0.03523044288158417,0.49870526790618896,-0.15564486384391785,-0.21939653158187866,0.8037862777709961,-0.27840906381607056,-0.21895991265773773,0.802598774433136,-0.38404613733291626,-0.025565966963768005,0.8068153262138367,-0.37334153056144714,0.014904137700796127,0.5990633964538574,-0.3712006211280823,0.022998157888650894,0.5575129985809326,-0.36691877245903015,0.039186201989650726,0.4744122326374054,-0.3247787654399872,0.05512779578566551,0.522926390171051,-0.030574247241020203,0.16216973960399628,0.6851313710212708,0.08751354366540909,0.16184861958026886,0.31649863719940186,0.030876055359840393,0.49494171142578125,0.3815312683582306,0.04504786431789398,0.6018537878990173,0.3013867437839508,-0.20404355227947235,0.16044308245182037,0.6786207556724548,-0.20815134048461914,0.10397516191005707,0.29569852352142334,-0.26739639043807983,0.4198684096336365,0.4185382127761841,-0.29332494735717773,0.5342169404029846,0.3529157340526581,-0.11611638218164444,-0.3713715672492981,0.7403754591941833,-0.11811981350183487,-0.4212174415588379,0.7422682642936707,-0.09443947672843933,-0.4556523859500885,0.7821810245513916,-0.05157378315925598,-0.4305649399757385,0.8825451135635376,-0.15377888083457947,-0.4535694420337677,0.7742265462875366,-0.2197021096944809,-0.4246632754802704,0.8600074052810669,0.007272955030202866,0.5703353881835938,0.4299236536026001,-0.2785018980503082,0.48704996705055237,0.48135894536972046
-0.12324976921081543,0.160013809800148,0.6733013391494751,-0.12374942004680634,0.03674010932445526,0.7191981077194214,-0.12471754848957062,-0.08682751655578613,0.7642899751663208,-0.1256857067346573,-0.2103988528251648,0.8093831539154053,-0.08975643664598465,-0.2111174464225769,0.8102706670761108,0.03277575224637985,-0.2112780213356018,0.8124614357948303,0.12594716250896454,-0.012927040457725525,0.7891990542411804,0.15412989258766174,0.0009410176426172256,0.579640805721283,0.15976643562316895,0.003714629216119647,0.5377291440963745,0.17103953659534454,0.009261852130293846,0.45390585064888,0.11936359852552414,0.027551645413041115,0.4910197854042053,-0.16162550449371338,-0.2110232710838318,0.808985710144043,-0.2841576933860779,-0.21086269617080688,0.8067949414253235,-0.3940385580062866,-0.01993727684020996,0.8130273818969727,-0.3686140179634094,0.015823323279619217,0.6057208180427551,-0.36352911591529846,0.022975442931056023,0.5642595291137695,-0.35335931181907654,0.03727968409657478,0.48133689165115356,-0.3150217533111572,0.05480511859059334,0.5323805212974548,-0.03668036311864853,0.1611335128545761,0.6772511601448059,0.07580120116472244,0.1446327418088913,0.30170077085494995,0.020155683159828186,0.484821081161499,0.35484981536865234,0.03309283405542374,0.589751660823822,0.26897940039634705,-0.20981916785240173,0.1588941067457199,0.6693515181541443,-0.19308149814605713,0.09209895133972168,0.28306055068969727,-0.26356619596481323,0.41429269313812256,0.39651721715927124,-0.28784242272377014,0.5282265543937683,0.3259391188621521,-0.12135685235261917,-0.3673795759677887,0.7475442886352539,-0.12307870388031006,-0.41824766993522644,0.7504658699035645,-0.09873206168413162,-0.45245590806007385,0.7919361591339111,-0.055276840925216675,-0.4245631992816925,0.8939708471298218,-0.159330353140831,-0.4508783221244812,0.7836893796920776,-0.22697202861309052,-0.4200934171676636,0.8706051111221313,-0.0027052052319049835,0.5632403492927551,0.4011896252632141,-0.27896901965141296,0.48371267318725586,0.45786213874816895
-0.12883564829826355,0.15688125789165497,0.6674754619598389,-0.12976384162902832,0.03596381098031998,0.7164678573608398,-0.13096192479133606,-0.08527243882417679,0.7646600604057312,-0.1321600377559662,-0.20651231706142426,0.8128536939620972,-0.09653709828853607,-0.20707693696022034,0.814238429069519,0.025904521346092224,-0.20675306022167206,0.8180971741676331,0.11312519758939743,-0.006211861968040466,0.7911746501922607,0.14292335510253906,0.0007685800082981586,0.5815328359603882,0.14888298511505127,0.0021646684035658836,0.5396044850349426,0.16080224514007568,0.004956845194101334,0.4557477831840515,0.10824905335903168,0.02302342653274536,0.4917014241218567,-0.16779600083827972,-0.20726542174816132,0.8119927048683167,-0.2902376055717468,-0.2075892984867096,0.8081339597702026,-0.40585413575172424,-0.020351111888885498,0.8192571401596069,-0.3687564432621002,0.017038173973560333,0.6140446662902832,-0.36133691668510437,0.0245160311460495,0.5730021595954895,-0.3464978337287903,0.03947174549102783,0.4909171760082245,-0.31161031126976013,0.05738857761025429,0.5442346930503845,-0.042498014867305756,0.15827003121376038,0.6725388169288635,0.06151638180017471,0.12807926535606384,0.28903359174728394,0.007250715047121048,0.4753710925579071,0.3328571915626526,0.018302541226148605,0.5789138078689575,0.2417968511581421,-0.21517327427864075,0.15549248456954956,0.6624121069908142,-0.17985659837722778,0.08437186479568481,0.27189791202545166,-0.2589031457901001,0.41231876611709595,0.37996941804885864,-0.2810179591178894,0.5270453691482544,0.30591559410095215,-0.1250692456960678,-0.36666741967201233,0.7512772083282471,-0.1260794848203659,-0.4184199571609497,0.754667341709137,-0.10103316605091095,-0.45251333713531494,0.7972824573516846,-0.057812005281448364,-0.4226387143135071,0.9011027812957764,-0.16266167163848877,-0.45188266038894653,0.7885453104972839,-0.23242612183094025,-0.42085176706314087,0.876347541809082,-0.014521781355142593,0.5566207766532898,0.3778184950351715,-0.27788040041923523,0.4833921790122986,0.44067785143852234
-0.13399265706539154,0.15207743644714355,0.6644448041915894,-0.13551302254199982,0.03229984641075134,0.7151698470115662,-0.13718606531620026,-0.08781421929597855,0.7650880813598633,-0.13885915279388428,-0.20793187618255615,0.8150078058242798,-0.10338097810745239,-0.20826825499534607,0.8172297477722168,0.018913477659225464,-0.20717790722846985,0.8239521384239197,0.10235647857189178,-0.003918752074241638,0.8074767589569092,0.13454455137252808,0.003521994687616825,0.5982058048248291,0.14098216593265533,0.005010143853724003,0.5563516020774841,0.15385739505290985,0.007986443117260933,0.4726432263851166,0.10058867931365967,0.025193672627210617,0.5079590082168579,-0.17435550689697266,-0.208901047706604,0.8133283853530884,-0.2966499626636505,-0.20999139547348022,0.8066059947013855,-0.4180382490158081,-0.026900559663772583,0.8236671090126038,-0.37325599789619446,0.017840303480625153,0.6214826107025146,-0.3642995357513428,0.02678847685456276,0.5810456871986389,-0.3463866412639618,0.044684819877147675,0.5001718997955322,-0.3141854703426361,0.06164032965898514,0.5554570555686951,-0.04797732084989548,0.1539163738489151,0.6713652014732361,0.045151449739933014,0.1107141524553299,0.27912595868110657,-0.007714487612247467,0.46546125411987305,0.3144659101963043,0.00080154649913311,0.5678491592407227,0.21827706694602966,-0.220007985830307,0.150238499045372,0.6575244069099426,-0.17004495859146118,0.0810152143239975,0.2611624002456665,-0.2555220425128937,0.41402924060821533,0.36925777792930603,-0.27573996782302856,0.5309291481971741,0.2935361862182617,-0.12740996479988098,-0.36995935440063477,0.7516605854034424,-0.12743087112903595,-0.42253047227859497,0.7547770142555237,-0.10199098289012909,-0.4568936228752136,0.7982326149940491,-0.06038545072078705,-0.42634350061416626,0.9044893383979797,-0.1644119918346405,-0.45745280385017395,0.7883810997009277,-0.23724494874477386,-0.42792782187461853,0.8765766620635986,-0.028175145387649536,0.549580991268158,0.3583088517189026,-0.27727508544921875,0.4860672950744629,0.4305301010608673
-0.13838618993759155,0.14600569009780884,0.6611820459365845,-0.14063909649848938,0.026515521109104156,0.7125405669212341,-0.14293009042739868,-0.09333013743162155,0.7630622982978821,-0.14522114396095276,-0.21317939460277557,0.8135855197906494,-0.10982197523117065,-0.21325446665287018,0.8168327808380127,0.012211121618747711,-0.21126873791217804,0.8270770311355591,0.09287412464618683,-0.006173953413963318,0.8278981447219849,0.127552792429924,0.0069664716720581055,0.6192562580108643,0.1344885230064392,0.009594556875526905,0.5775278806686401,0.1483599841594696,0.01485072635114193,0.4940711259841919,0.09450781345367432,0.03070126101374626,0.5291652679443359,-0.18064522743225098,-0.21440690755844116,0.8108873963356018,-0.30267831683158875,-0.2163926362991333,0.8006431460380554,-0.42978528141975403,-0.0379045307636261,0.8242415189743042,-0.3790431618690491,0.018703538924455643,0.626434862613678,-0.3688947558403015,0.03002515248954296,0.5868735313415527,-0.348597913980484,0.05266837775707245,0.5077508687973022,-0.3188343048095703,0.06742887198925018,0.5650147199630737,-0.05278431624174118,0.14833024144172668,0.6703453660011292,0.027813926339149475,0.09213030338287354,0.27050650119781494,-0.02293408289551735,0.45358553528785706,0.2973557710647583,-0.01716972142457962,0.5545410513877869,0.19635310769081116,-0.22398805618286133,0.143681138753891,0.6520187258720398,-0.16126742959022522,0.07904340326786041,0.2502554953098297,-0.25189968943595886,0.4161033630371094,0.3603581190109253,-0.2702518701553345,0.5354792475700378,0.28394222259521484,-0.12891003489494324,-0.3760116994380951,0.7469775080680847,-0.1279062181711197,-0.4293224513530731,0.7492636442184448,-0.10234899818897247,-0.4643535614013672,0.7932674288749695,-0.06310225278139114,-0.43436145782470703,0.9023156762123108,-0.165357768535614,-0.46602630615234375,0.7819269299507141,-0.24162709712982178,-0.43910089135169983,0.8701843023300171,-0.0417715385556221,0.5404187440872192,0.3399730920791626,-0.2759930491447449,0.4886647164821625,0.4225309491157532
-0.1423582285642624,0.1384475976228714,0.6591785550117493,-0.14528968930244446,0.018602833151817322,0.709709882736206,-0.1481584906578064,-0.10160499811172485,0.7593749761581421,-0.1510273814201355,-0.22181642055511475,0.8090415596961975,-0.11575601994991302,-0.2215833067893982,0.8134951591491699,0.005880951881408691,-0.21852783858776093,0.8279166221618652,0.0836997926235199,-0.013639703392982483,0.8525002002716064,0.12063330411911011,0.013213030993938446,0.6454142332077026,0.1280200034379959,0.018583577126264572,0.6039970517158508,0.1427934169769287,0.029324671253561974,0.5211626291275024,0.08839954435825348,0.04252496361732483,0.556604266166687,-0.1863299161195755,-0.22335609793663025,0.8051277995109558,-0.3079668879508972,-0.22641156613826752,0.7907063364982605,-0.44042080640792847,-0.05260005593299866,0.8204519748687744,-0.3848380148410797,0.019168615341186523,0.6288023591041565,-0.3737214505672455,0.0335223488509655,0.5904724597930908,-0.351488322019577,0.06222981959581375,0.5138126015663147,-0.32402902841567993,0.07370316982269287,0.5730020999908447,-0.057273201644420624,0.14134210348129272,0.6709794402122498,0.01319335401058197,0.077289879322052,0.2653011679649353,-0.03604805842041969,0.44373819231987,0.2874467372894287,-0.032572124153375626,0.5440977811813354,0.18333719670772552,-0.22744324803352356,0.13555309176445007,0.6473776698112488,-0.15229448676109314,0.07883891463279724,0.2414475977420807,-0.2480865716934204,0.4179200232028961,0.3556727468967438,-0.2646791636943817,0.5399474501609802,0.2797984182834625,-0.12938731908798218,-0.38370901346206665,0.7366412281990051,-0.1273498684167862,-0.43763425946235657,0.7371543645858765,-0.10202264785766602,-0.47406384348869324,0.7811311483383179,-0.065980926156044,-0.44679027795791626,0.8934294581413269,-0.16535240411758423,-0.4765831232070923,0.7678355574607849,-0.24541525542736053,-0.45392826199531555,0.855758547782898,-0.053620509803295135,0.5324344635009766,0.32953178882598877,-0.27448639273643494,0.4902712404727936,0.419039249420166
-0.146206796169281,0.13097314536571503,0.6589500308036804,-0.14968529343605042,0.009902231395244598,0.7069036364555359,-0.15295866131782532,-0.11152307689189911,0.7539673447608948,-0.15623211860656738,-0.2329520285129547,0.8010324835777283,-0.12112315744161606,-0.23238593339920044,0.8068943619728088,-6.578117609024048e-05,-0.22816090285778046,0.8262147903442383,0.07563286274671555,-0.026131346821784973,0.8732227683067322,0.11422824114561081,0.015074603259563446,0.668552041053772,0.12194731831550598,0.02331579476594925,0.6276178956031799,0.13738547265529633,0.039798177778720856,0.5457496047019958,0.08258910477161407,0.050380248576402664,0.5815958976745605,-0.19137665629386902,-0.2348378598690033,0.7956820726394653,-0.31243401765823364,-0.23906289041042328,0.7763616442680359,-0.45023512840270996,-0.07029382884502411,0.8121923208236694,-0.39053580164909363,0.020247936248779297,0.6296660900115967,-0.3785959482192993,0.03835628926753998,0.59316086769104,-0.3547162115573883,0.07457299530506134,0.520150363445282,-0.32964539527893066,0.08147969096899033,0.5811694264411926,-0.06174755096435547,0.13445040583610535,0.6738557815551758,0.004453480243682861,0.07101288437843323,0.2639372646808624,-0.0449739433825016,0.4403415620326996,0.2876589894294739,-0.04272159934043884,0.5417381525039673,0.18290400505065918,-0.23066604137420654,0.1274958848953247,0.6440442800521851,-0.14267611503601074,0.0812244564294815,0.23593056201934814,-0.24400979280471802,0.42011815309524536,0.3554795980453491,-0.2588890492916107,0.5447092652320862,0.2812125086784363,-0.12772710621356964,-0.39154329895973206,0.7202809453010559,-0.12426865100860596,-0.44582730531692505,0.7179998755455017,-0.09925289452075958,-0.4842698574066162,0.7612206339836121,-0.0674055963754654,-0.46198949217796326,0.8769901394844055,-0.1625722050666809,-0.4876430928707123,0.74549400806427,-0.24681033194065094,-0.47154703736305237,0.8324313759803772,-0.062200531363487244,0.5296522378921509,0.3304845690727234,-0.2728279232978821,0.49155235290527344,0.42008495330810547
-0.1497921198606491,0.12538978457450867,0.6615596413612366,-0.1536230891942978,0.002151980996131897,0.7048483490943909,-0.15705238282680511,-0.12142056971788406,0.747206449508667,-0.1604817807674408,-0.2449968159198761,0.7895658016204834,-0.12555505335330963,-0.24418139457702637,0.7969632148742676,-0.0052415430545806885,-0.23906183242797852,0.8216391801834106,0.06963193416595459,-0.04242967069149017,0.8895427584648132,0.10937756299972534,0.013646084815263748,0.6883732676506042,0.11732669174671173,0.024861237034201622,0.6481393575668335,0.1332249492406845,0.04729153960943222,0.567671537399292,0.07820162922143936,0.05535707250237465,0.6039793491363525,-0.19544577598571777,-0.24715536832809448,0.7826287746429443,-0.3157593011856079,-0.25227493047714233,0.7579528093338013,-0.4594622850418091,-0.08974722027778625,0.8005595803260803,-0.3970535397529602,0.022780515253543854,0.6313377618789673,-0.38457179069519043,0.045286063104867935,0.5974934101104736,-0.3596082925796509,0.0902971625328064,0.5298047065734863,-0.33699461817741394,0.09132637828588486,0.5922421216964722,-0.0660712718963623,0.12920889258384705,0.6798413395881653,0.002426542341709137,0.07431933283805847,0.2675197720527649,-0.04868745803833008,0.4442365765571594,0.2985754907131195,-0.04634195566177368,0.5481085181236267,0.19552919268608093,-0.2335129678249359,0.12157067656517029,0.6432779431343079,-0.13320940732955933,0.08732572197914124,0.23525792360305786,-0.23951375484466553,0.4239843785762787,0.36086127161979675,-0.25262507796287537,0.5508688688278198,0.28915464878082275,-0.12361874431371689,-0.3978985846042633,0.6982710361480713,-0.1182393953204155,-0.4522393047809601,0.6922945976257324,-0.09326077997684479,-0.4932253360748291,0.7340050339698792,-0.06597352027893066,-0.4780901372432709,0.8532088398933411,-0.15641188621520996,-0.49745070934295654,0.7155826091766357,-0.24490168690681458,-0.4900621175765991,0.8010119795799255,-0.06650729477405548,0.5329183340072632,0.34327617287635803,-0.2705780863761902,0.4939091205596924,0.42663127183914185
-0.15671777725219727,0.11800101399421692,0.6721467971801758,-0.16008968651294708,-0.010469406843185425,0.7017726302146912,-0.16272714734077454,-0.1391715705394745,0.7304520606994629,-0.16536468267440796,-0.26787757873535156,0.7591323256492615,-0.13084149360656738,-0.2670210003852844,0.7694471478462219,-0.0117487832903862,-0.2616555690765381,0.804477334022522,0.06525805592536926,-0.08545991778373718,0.9154947400093079,0.10604751110076904,0.011008352041244507,0.7294555902481079,0.11420540511608124,0.030302006751298904,0.692247748374939,0.13052119314670563,0.068889319896698,0.6178320646286011,0.0753529816865921,0.06997696310281754,0.6553012728691101,-0.1999165415763855,-0.27013301849365234,0.7491292357444763,-0.3190092444419861,-0.2754984498023987,0.7140990495681763,-0.4750840365886688,-0.12857428193092346,0.7720109224319458,-0.4111036956310272,0.024646520614624023,0.6378082036972046,-0.3983076214790344,0.05529068037867546,0.6109676361083984,-0.37271547317504883,0.11657899618148804,0.5572865605354309,-0.3544507920742035,0.10466459393501282,0.620319128036499,-0.0745910033583641,0.12148928642272949,0.6966208219528198,0.012605443596839905,0.10492964088916779,0.2840755581855774,-0.04721536487340927,0.4701138138771057,0.345394492149353,-0.04253231734037399,0.5828792452812195,0.2520217299461365,-0.23884454369544983,0.11451274156570435,0.6476727724075317,-0.1199868768453598,0.10995941609144211,0.24279850721359253,-0.2338298261165619,0.4374562203884125,0.38591963052749634,-0.2443154901266098,0.5690009593963623,0.32233917713165283,-0.11636906862258911,-0.40272432565689087,0.644695520401001,-0.10825546830892563,-0.4554993510246277,0.6297973394393921,-0.08374360203742981,-0.5026460886001587,0.6657718420028687,-0.06380975246429443,-0.5074188709259033,0.788417398929596,-0.14606311917304993,-0.50571608543396,0.6427075266838074,-0.24038171768188477,-0.5161172151565552,0.7230685353279114,-0.06871664524078369,0.5542533993721008,0.3969583809375763,-0.2682822644710541,0.5027735829353333,0.4548201560974121
-0.15671777725219727,0.11800101399421692,0.6721467971801758,-0.16008968651294708,-0.010469406843185425,0.7017726302146912,-0.16272714734077454,-0.1391715705394745,0.7304520606994629,-0.16536468267440796,-0.26787757873535156,0.7591323256492615,-0.13084149360656738,-0.2670210003852844,0.7694471478462219,-0.0117487832903862,-0.2616555690765381,0.804477334022522,0.06525805592536926,-0.08545991778373718,0.9154947400093079,0.10604751110076904,0.011008352041244507,0.7294555902481079,0.11420540511608124,0.030302006751298904,0.692247748374939,0.13052119314670563,0.068889319896698,0.6178320646286011,0.0753529816865921,0.06997696310281754,0.6553012728691101,-0.1999165415763855,-0.27013301849365234,0.7491292357444763,-0.3190092444419861,-0.2754984498023987,0.7140990495681763,-0.4750840365886688,-0.12857428193092346,0.7720109224319458,-0.4111036956310272,0.024646520614624023,0.6378082036972046,-0.3983076214790344,0.05529068037867546,0.6109676361083984,-0.37271547317504883,0.11657899618148804,0.5572865605354309,-0.3544507920742035,0.10466459393501282,0.620319128036499,-0.0745910033583641,0.12148928642272949,0.6966208219528198,0.012605443596839905,0.10492964088916779,0.2840755581855774,-0.04721536487340927,0.4701138138771057,0.345394492149353,-0.04253231734037399,0.5828792452812195,0.2520217299461365,-0.23884454369544983,0.11451274156570435,0.6476727724075317,-0.1199868768453598,0.10995941609144211,0.24279850721359253,-0.2338298261165619,0.4374562203884125,0.38591963052749634,-0.2443154901266098,0.5690009593963623,0.32233917713165283,-0.11636906862258911,-0.40272432565689087,0.644695520401001,-0.10825546830892563,-0.4554993510246277,0.6297973394393921,-0.08374360203742981,-0.5026460886001587,0.6657718420028687,-0.06380975246429443,-0.5074188709259033,0.788417398929596,-0.14606311917304993,-0.50571608543396,0.6427075266838074,-0.24038171768188477,-0.5161172151565552,0.7230685353279114,-0.06871664524078369,0.5542533993721008,0.3969583809375763,-0.2682822644710541,0.5027735829353333,0.4548201560974121
-0.15871377289295197,0.11559978127479553,0.6764003038406372,-0.1614120900630951,-0.014986246824264526,0.698296844959259,-0.16333507001399994,-0.1457471251487732,0.7192095518112183,-0.16525810956954956,-0.27651190757751465,0.74012291431427,-0.13091346621513367,-0.2759227156639099,0.751522958278656,-0.01188051700592041,-0.2714191675186157,0.7906277775764465,0.06822756677865982,-0.11015786230564117,0.9214851260185242,0.10663959383964539,0.008748181164264679,0.7477207183837891,0.1143219992518425,0.03252939134836197,0.7129678130149841,0.12968680262565613,0.08009180426597595,0.643462061882019,0.07501194626092911,0.07674002647399902,0.6818066239356995,-0.19962365925312042,-0.2785223722457886,0.7289502024650574,-0.3186566233634949,-0.28302592039108276,0.6898453831672668,-0.4802144467830658,-0.14452050626277924,0.7551253437995911,-0.41666722297668457,0.024000972509384155,0.6394946575164795,-0.4039577841758728,0.057705268263816833,0.6163685321807861,-0.3785388767719269,0.1251138597726822,0.5701162815093994,-0.36192062497138977,0.10718544572591782,0.6323519945144653,-0.0772060677409172,0.1183762401342392,0.7030026912689209,0.020586930215358734,0.12466692179441452,0.29265478253364563,-0.04415205121040344,0.48548832535743713,0.3717094659805298,-0.03814065083861351,0.6030836701393127,0.2846364378929138,-0.24022147059440613,0.11282332241535187,0.6497979164123535,-0.11680900305509567,0.12026973068714142,0.24643412232398987,-0.23145878314971924,0.44368594884872437,0.3977292776107788,-0.24087418615818024,0.5770331025123596,0.33792629837989807,-0.11331672966480255,-0.3992384970188141,0.613978385925293,-0.10440573841333389,-0.4502493441104889,0.5942106246948242,-0.0797768235206604,-0.5003575682640076,0.6258244514465332,-0.0612623356282711,-0.5166427493095398,0.747687041759491,-0.14176766574382782,-0.5018622875213623,0.6017630696296692,-0.2369030863046646,-0.5209062695503235,0.6795130372047424,-0.06773550808429718,0.5665636658668518,0.42708536982536316,-0.2665368914604187,0.5070422887802124,0.4680953025817871
-0.15949851274490356,0.11393886804580688,0.6797040700912476,-0.16118223965168,-0.01823735237121582,0.6932708024978638,-0.16207900643348694,-0.15052570402622223,0.7057783007621765,-0.16297580301761627,-0.2828180193901062,0.7182861566543579,-0.12876451015472412,-0.2826242446899414,0.7304610013961792,-0.009482219815254211,-0.27944236993789673,0.7726671099662781,0.07339362800121307,-0.1367606818675995,0.9228294491767883,0.10784931480884552,0.0071732401847839355,0.7675368189811707,0.11474045366048813,0.03596002608537674,0.7364782691001892,0.12852272391319275,0.09353359043598175,0.6743612289428711,0.07454574108123779,0.0841573104262352,0.7129632830619812,-0.1971968412399292,-0.2844496965408325,0.7062473297119141,-0.3164791464805603,-0.2876315712928772,0.6640412211418152,-0.4836128354072571,-0.15880785882472992,0.7364703416824341,-0.4213561415672302,0.022797763347625732,0.6407443881034851,-0.4089047908782959,0.05911888927221298,0.6215991973876953,-0.38400211930274963,0.13176113367080688,0.5833088159561157,-0.3688158690929413,0.10790018737316132,0.6440671682357788,-0.07838881015777588,0.1157832220196724,0.7077394127845764,0.02988511323928833,0.14452208578586578,0.30185413360595703,-0.03936716169118881,0.4995408058166504,0.3980223834514618,-0.03192983567714691,0.6214027404785156,0.31766730546951294,-0.24060821533203125,0.11209451407194138,0.6516687273979187,-0.11556261777877808,0.12950921058654785,0.2499818503856659,-0.2291010022163391,0.448886901140213,0.4086936414241791,-0.2375592589378357,0.5835061073303223,0.35240235924720764,-0.11005689203739166,-0.39103931188583374,0.5811091065406799,-0.1006837785243988,-0.43944281339645386,0.5564051866531372,-0.07569733262062073,-0.4919871985912323,0.5826684236526489,-0.05715293064713478,-0.5202279686927795,0.701663613319397,-0.13734744489192963,-0.49165254831314087,0.5586215853691101,-0.2318282276391983,-0.5192798376083374,0.6335309147834778,-0.06493036448955536,0.5772597193717957,0.45686349272727966,-0.2641277015209198,0.5104730725288391,0.48036134243011475
-0.16377630829811096,0.11434578895568848,0.6939489245414734,-0.16270872950553894,-0.019064411520957947,0.6944268345832825,-0.16082528233528137,-0.15246546268463135,0.6939120888710022,-0.15894177556037903,-0.2858704924583435,0.6933972835540771,-0.12484019994735718,-0.28616392612457275,0.7062926292419434,-0.005323842167854309,-0.2846510112285614,0.7515105605125427,0.07988747209310532,-0.16387251019477844,0.9195457100868225,0.11055698990821838,0.005499511957168579,0.7904016971588135,0.11669089645147324,0.039373915642499924,0.7645729184150696,0.12895870208740234,0.10712271928787231,0.712915301322937,0.0755571648478508,0.09058341383934021,0.7502537965774536,-0.19302289187908173,-0.2870270311832428,0.680496335029602,-0.3125392496585846,-0.28853994607925415,0.6352784037590027,-0.48542332649230957,-0.1714777648448944,0.7158499360084534,-0.42589354515075684,0.021169215440750122,0.6406899094581604,-0.41398757696151733,0.05969861149787903,0.6256579160690308,-0.3901756703853607,0.13675740361213684,0.5955939292907715,-0.37578117847442627,0.10709302872419357,0.6541793942451477,-0.0830007940530777,0.11509816348552704,0.7235352993011475,0.05362391471862793,0.19564403593540192,0.34468144178390503,-0.03107229620218277,0.5257818698883057,0.4755130410194397,-0.0208218302577734,0.6538389921188354,0.4136931300163269,-0.24455182254314423,0.11359341442584991,0.6643625497817993,-0.126631498336792,0.1626136600971222,0.2740088701248169,-0.24019306898117065,0.4596436321735382,0.45333629846572876,-0.2507920265197754,0.594659686088562,0.40879708528518677,-0.09957156330347061,-0.3743336796760559,0.5465739369392395,-0.08744686096906662,-0.4187778830528259,0.5169053077697754,-0.059947721660137177,-0.47217682003974915,0.5372947454452515,-0.04079926386475563,-0.5123577117919922,0.6518648862838745,-0.12096753716468811,-0.472470223903656,0.5127972364425659,-0.21368876099586487,-0.5131890177726746,0.5824553370475769,-0.06272119283676147,0.5931420922279358,0.5397301912307739,-0.27451393008232117,0.513648271560669,0.5279585123062134
-0.1690216213464737,0.11464610695838928,0.71092689037323,-0.16420918703079224,-0.018724724650382996,0.6955205798149109,-0.15865030884742737,-0.15198823809623718,0.6794512271881104,-0.15309126675128937,-0.2852557301521301,0.6633813977241516,-0.11882635951042175,-0.28614839911460876,0.6765336990356445,0.001317821443080902,-0.2867394685745239,0.7229971289634705,0.08784328401088715,-0.18856903910636902,0.9055197238922119,0.11387774348258972,0.0032882988452911377,0.8098834753036499,0.11908463388681412,0.04165976867079735,0.7907562255859375,0.1294984221458435,0.11840270459651947,0.7525017261505127,0.07670306414365768,0.09399138391017914,0.7866799235343933,-0.18729574978351593,-0.28581154346466064,0.6500545144081116,-0.307439923286438,-0.2852204740047455,0.6035910844802856,-0.48463377356529236,-0.18028920888900757,0.6932033896446228,-0.4280962646007538,0.020240232348442078,0.6364163160324097,-0.4167887568473816,0.060346122831106186,0.6250588893890381,-0.3941737413406372,0.1405579000711441,0.6023440361022949,-0.3797166049480438,0.10583119839429855,0.6583482027053833,-0.08794095367193222,0.11410431563854218,0.7409440875053406,0.0893406793475151,0.2618187665939331,0.4275159537792206,-0.016642555594444275,0.5429675579071045,0.5990245342254639,-0.002082696184515953,0.6736974716186523,0.5681899785995483,-0.25010228157043457,0.11518789827823639,0.6809096932411194,-0.16017693281173706,0.2547442317008972,0.32888269424438477,-0.2801514267921448,0.4795219898223877,0.5629197955131531,-0.30174893140792847,0.6124440431594849,0.5520411729812622,-0.0850808322429657,-0.3506886959075928,0.5111362934112549,-0.0690876767039299,-0.38988375663757324,0.4774395525455475,-0.03810654953122139,-0.44226253032684326,0.49225470423698425,-0.018012389540672302,-0.4929320812225342,0.6006929874420166,-0.09770935773849487,-0.44453027844429016,0.46660375595092773,-0.1868869960308075,-0.49935731291770935,0.5280153155326843,-0.05682358518242836,0.5931071639060974,0.6664722561836243,-0.3129437565803528,0.5101405382156372,0.6445583701133728
-0.1698470264673233,0.11439120769500732,0.7160808444023132,-0.1622929722070694,-0.01776205003261566,0.6877378225326538,-0.1541820764541626,-0.14982934296131134,0.659149169921875,-0.1460709273815155,-0.2819005846977234,0.6305596828460693,-0.11137572675943375,-0.2832862138748169,0.6433205604553223,0.010038584470748901,-0.28562644124031067,0.6885779500007629,0.09823409467935562,-0.20810207724571228,0.8806620240211487,0.1185903549194336,-2.9668211936950684e-05,0.824515700340271,0.12266160547733307,0.041584815829992294,0.8132864236831665,0.13080410659313202,0.12481378018856049,0.7908278703689575,0.07897043228149414,0.09274957329034805,0.820132851600647,-0.18067798018455505,-0.2819504141807556,0.6174880266189575,-0.3020922839641571,-0.27961018681526184,0.5722306370735168,-0.4818183183670044,-0.18575753271579742,0.6700825095176697,-0.42703208327293396,0.019434139132499695,0.628180742263794,-0.41607484221458435,0.06047247722744942,0.6198003888130188,-0.39416033029556274,0.14254915714263916,0.6030396819114685,-0.3793676197528839,0.10383787751197815,0.6564834713935852,-0.08774828910827637,0.11288638412952423,0.7449784278869629,0.13879156112670898,0.31044629216194153,0.5257128477096558,0.012637153267860413,0.5381134748458862,0.7297413349151611,0.03422116860747337,0.6653320789337158,0.7351481318473816,-0.25194576382637024,0.11589603126049042,0.6871832609176636,-0.2208864539861679,0.39564990997314453,0.4438713788986206,-0.3482535481452942,0.46613773703575134,0.7408292889595032,-0.3905182182788849,0.5786610841751099,0.7880719304084778,-0.07017837464809418,-0.32417598366737366,0.4784644842147827,-0.050099752843379974,-0.3573811650276184,0.44249895215034485,-0.015279814600944519,-0.4066675901412964,0.4529595673084259,0.006656624376773834,-0.4643952250480652,0.5543057322502136,-0.07246629893779755,-0.4119221866130829,0.4258851706981659,-0.155371755361557,-0.47928330302238464,0.47759491205215454,-0.03660898655653,0.5715963244438171,0.7959485650062561,-0.3766210079193115,0.4521258771419525,0.8240677118301392
-0.16436931490898132,0.11522987484931946,0.707574725151062,-0.15526852011680603,-0.015301883220672607,0.6697331070899963,-0.14583204686641693,-0.145849347114563,0.6320281028747559,-0.13639529049396515,-0.27640071511268616,0.5943219661712646,-0.1012287437915802,-0.278120219707489,0.6064024567604065,0.021398745477199554,-0.2816474139690399,0.6493049263954163,0.11011121422052383,-0.2219560742378235,0.8477473855018616,0.1263117492198944,-0.006197825074195862,0.8349090218544006,0.12955185770988464,0.03695382922887802,0.8323413729667664,0.1360320746898651,0.12325713783502579,0.827206015586853,0.0849827378988266,0.08488158881664276,0.8497098684310913,-0.17145927250385284,-0.27610015869140625,0.5818316340446472,-0.294086754322052,-0.27257296442985535,0.5389291644096375,-0.4749074876308441,-0.1896863579750061,0.6449765563011169,-0.42187026143074036,0.018473193049430847,0.6160707473754883,-0.4112628102302551,0.0601051039993763,0.6102895736694336,-0.39004790782928467,0.1433689296245575,0.5987272262573242,-0.3744853436946869,0.10131170600652695,0.6494631767272949,-0.08109844475984573,0.1131436675786972,0.7347973585128784,0.16175219416618347,0.3528945744037628,0.612729549407959,0.019998162984848022,0.5084995627403259,0.85661780834198,0.04104457050561905,0.6241476535797119,0.901454508304596,-0.2476401925086975,0.11731608211994171,0.6803520917892456,-0.29119357466697693,0.47183215618133545,0.6188791990280151,-0.40212056040763855,0.35534757375717163,0.898012101650238,-0.4601317048072815,0.4145843982696533,0.9926348924636841,-0.05638570338487625,-0.3022538721561432,0.4438096880912781,-0.03379824757575989,-0.33096086978912354,0.40669170022010803,0.0035500116646289825,-0.3776518702507019,0.4143844544887543,0.02724975347518921,-0.4397527575492859,0.5104451775550842,-0.05177128314971924,-0.3847275376319885,0.3861920237541199,-0.12949392199516296,-0.45980045199394226,0.43056660890579224,-0.03426864743232727,0.5218185186386108,0.922968327999115,-0.41975918412208557,0.2967737913131714,0.9595154523849487
-0.15457715094089508,0.11846324801445007,0.688988983631134,-0.144939124584198,-0.01067158579826355,0.6448050141334534,-0.1350153684616089,-0.13990582525730133,0.6009764075279236,-0.1250913143157959,-0.2691439390182495,0.5571464896202087,-0.08949857950210571,-0.2710304260253906,0.5684466361999512,0.03421500325202942,-0.2751525640487671,0.6086127161979675,0.12175306677818298,-0.22959885001182556,0.8114281892776489,0.13677887618541718,-0.015281528234481812,0.8410337567329407,0.139784038066864,0.027581941336393356,0.846954882144928,0.1457943618297577,0.1133088767528534,0.8587971329689026,0.09496095776557922,0.0709630623459816,0.8734030723571777,-0.16057617962360382,-0.26866212487220764,0.5453699231147766,-0.28428977727890015,-0.2645399868488312,0.5052038431167603,-0.4652237892150879,-0.1947527527809143,0.6203767657279968,-0.4154970943927765,0.01580488681793213,0.6053130030632019,-0.4055517613887787,0.057916417717933655,0.602300226688385,-0.3856610953807831,0.1421394795179367,0.596274733543396,-0.3685947358608246,0.09682347625494003,0.6436639428138733,-0.07028122991323471,0.11606065928936005,0.7143987417221069,0.16992780566215515,0.3757839798927307,0.6634150743484497,0.023307517170906067,0.4632859528064728,0.9313493967056274,0.042067646980285645,0.5625468492507935,1.003385066986084,-0.23887306451797485,0.1208658367395401,0.6635792255401611,-0.3118220269680023,0.4705650210380554,0.6756121516227722,-0.40406572818756104,0.2936170697212219,0.9228436946868896,-0.463342547416687,0.32691141963005066,1.0266296863555908,-0.04331543296575546,-0.284267783164978,0.40835335850715637,-0.01932956837117672,-0.30990469455718994,0.37069079279899597,0.019561640918254852,-0.3546733260154724,0.3766605854034424,0.04472212493419647,-0.4192711412906647,0.4690351188182831,-0.03445884957909584,-0.3628145456314087,0.34779873490333557,-0.108335942029953,-0.4423379898071289,0.387259840965271,-0.03181929141283035,0.4593663215637207,0.9966489672660828,-0.41505467891693115,0.22353631258010864,0.9706588983535767
-0.14273400604724884,0.12304571270942688,0.6633472442626953,-0.1332416981458664,-0.004901275038719177,0.6151241660118103,-0.12339585274457932,-0.13299354910850525,0.5673598051071167,-0.11354971677064896,-0.26108965277671814,0.5195940136909485,-0.0776246041059494,-0.2630120515823364,0.5300173759460449,0.04713679850101471,-0.2672770619392395,0.567172646522522,0.1319245845079422,-0.2325132042169571,0.7733442783355713,0.14679935574531555,-0.026714950799942017,0.8403492569923401,0.14977431297302246,0.014444701373577118,0.8537502288818359,0.15572421252727509,0.09676400572061539,0.8805522322654724,0.1048700287938118,0.05248275399208069,0.887367844581604,-0.1493678092956543,-0.2605594992637634,0.5086514949798584,-0.2741292119026184,-0.25629448890686035,0.47149622440338135,-0.45362454652786255,-0.20122936367988586,0.5966101884841919,-0.40898871421813965,0.01107071340084076,0.5962164998054504,-0.40006154775619507,0.0535307303071022,0.5961377620697021,-0.3822072148323059,0.1384507715702057,0.5959802865982056,-0.36277860403060913,0.09010922908782959,0.6393283605575562,-0.05760153383016586,0.12051015347242355,0.6868323087692261,0.18189141154289246,0.3819624185562134,0.6786834001541138,0.037208616733551025,0.42462795972824097,0.9555023312568665,0.05639384686946869,0.5099707841873169,1.0421297550201416,-0.22786647081375122,0.1255812644958496,0.6398621797561646,-0.3110879063606262,0.4672872722148895,0.6855977177619934,-0.3916040360927582,0.2665877938270569,0.9149860739707947,-0.4492221474647522,0.287853866815567,1.0216803550720215,-0.03211389482021332,-0.26955321431159973,0.37172573804855347,-0.007655087858438492,-0.29321491718292236,0.3336665630340576,0.0321025550365448,-0.33669647574424744,0.33830785751342773,0.05880175530910492,-0.4027016758918762,0.42800673842430115,-0.021229812875390053,-0.3453812301158905,0.30943310260772705,-0.09230664372444153,-0.42730849981307983,0.34619492292404175,-0.01741405948996544,0.41040220856666565,1.0188994407653809,-0.3992367088794708,0.19259926676750183,0.9558840990066528
-0.13043706119060516,0.12930360436439514,0.6342600584030151,-0.12150914967060089,0.0023137032985687256,0.5833165645599365,-0.11202812194824219,-0.12484508752822876,0.5328969359397888,-0.1025468111038208,-0.25200769305229187,0.48247578740119934,-0.06632508337497711,-0.2538451850414276,0.4918946623802185,0.05946315824985504,-0.2578321695327759,0.5256034135818481,0.13990986347198486,-0.23138786852359772,0.7347439527511597,0.15407690405845642,-0.03748448193073273,0.8310278058052063,0.15691031515598297,0.0012961961328983307,0.8502845764160156,0.16257713735103607,0.07885755598545074,0.8887981176376343,0.11173439770936966,0.034035347402095795,0.8887722492218018,-0.13866548240184784,-0.2515522837638855,0.47250890731811523,-0.2644537091255188,-0.24756529927253723,0.4388001561164856,-0.44096049666404724,-0.2075050175189972,0.5735267400741577,-0.40257081389427185,0.005582749843597412,0.5872979164123535,-0.3948928713798523,0.04820030555129051,0.5900521278381348,-0.3795369863510132,0.1334354132413864,0.595560610294342,-0.3571832776069641,0.08270882070064545,0.6345623731613159,-0.0446070060133934,0.12678849697113037,0.655571460723877,0.19631361961364746,0.3846651613712311,0.6734394431114197,0.05651254951953888,0.39666327834129333,0.9544527530670166,0.07765544205904007,0.47118228673934937,1.049558162689209,-0.21626710891723633,0.1318187117576599,0.6129486560821533,-0.29950982332229614,0.4691617488861084,0.6772347092628479,-0.37276309728622437,0.2577943801879883,0.8977217078208923,-0.4274517595767975,0.2734220623970032,1.006395936012268,-0.023426614701747894,-0.25634193420410156,0.33439546823501587,0.0007595233619213104,-0.27874043583869934,0.2958347499370575,0.04101712256669998,-0.32136788964271545,0.2991270422935486,0.06976789981126785,-0.38815903663635254,0.3866577446460724,-0.01219925656914711,-0.3303322196006775,0.2709556221961975,-0.08101183921098709,-0.4135579466819763,0.30683863162994385,0.002864561975002289,0.3758229911327362,1.0164220333099365,-0.3789513111114502,0.18212935328483582,0.9349926710128784
-0.11897172778844833,0.13494649529457092,0.6032599806785583,-0.11065841466188431,0.008923545479774475,0.5507839918136597,-0.10157053172588348,-0.11727951467037201,0.4988722801208496,-0.09248238056898117,-0.24348634481430054,0.4469590187072754,-0.05609394609928131,-0.24511556327342987,0.4553319811820984,0.07068943977355957,-0.24840688705444336,0.48552876710891724,0.144159197807312,-0.22734178602695465,0.6978600025177002,0.15737766027450562,-0.0448431670665741,0.814494252204895,0.1600213497877121,-0.008343443274497986,0.8378211259841919,0.16530874371528625,0.06465600430965424,0.8844748139381409,0.11423070728778839,0.02046620100736618,0.8786698579788208,-0.12877203524112701,-0.24322883784770966,0.43802180886268616,-0.2555554211139679,-0.23993751406669617,0.4078250229358673,-0.427268922328949,-0.21231356263160706,0.551621675491333,-0.3946297764778137,0.0006769746541976929,0.577190101146698,-0.3881019353866577,0.04327508434653282,0.5823037624359131,-0.3750462830066681,0.12847130000591278,0.592531144618988,-0.34964847564697266,0.07618077099323273,0.6274031400680542,-0.032615162432193756,0.13267946243286133,0.6223850250244141,0.2109728455543518,0.38561707735061646,0.6560832262039185,0.07698933780193329,0.3761482834815979,0.9394348859786987,0.10073009133338928,0.44242292642593384,1.0396311283111572,-0.20532828569412231,0.13721352815628052,0.5841349363327026,-0.2846744656562805,0.47228196263313293,0.6608254313468933,-0.35269269347190857,0.2549876272678375,0.8764317035675049,-0.40409499406814575,0.2675253748893738,0.9868664741516113,-0.01680881530046463,-0.2455284297466278,0.2979692816734314,0.006687883287668228,-0.2671838402748108,0.25889015197753906,0.04725851118564606,-0.3091903328895569,0.2609163820743561,0.07839222252368927,-0.3761662244796753,0.34674522280693054,-0.0061708297580480576,-0.31841903924942017,0.23390550911426544,-0.07299090921878815,-0.40231427550315857,0.27021440863609314,0.024414584040641785,0.35090047121047974,1.0004867315292358,-0.3582313358783722,0.1783769428730011,0.9114888906478882
-0.10788839310407639,0.1401657909154892,0.5719653367996216,-0.1000724658370018,0.014806702733039856,0.5195074081420898,-0.09122128784656525,-0.11070892214775085,0.4675910472869873,-0.0823698490858078,-0.23622828722000122,0.4156731367111206,-0.045939505100250244,-0.23752416670322418,0.4230775833129883,0.08166307210922241,-0.23967674374580383,0.4500366151332855,0.14694005250930786,-0.22108785808086395,0.6652820706367493,0.15836608409881592,-0.04806952178478241,0.7957751154899597,0.160651296377182,-0.013465851545333862,0.8218737244606018,0.165221706032753,0.05574148893356323,0.874070942401886,0.11397556960582733,0.012617409229278564,0.863556444644928,-0.11870398372411728,-0.2362966686487198,0.4077043831348419,-0.24630656838417053,-0.23414409160614014,0.3807453513145447,-0.4128025770187378,-0.2156074047088623,0.5319826006889343,-0.3857771158218384,-0.003093823790550232,0.5666515231132507,-0.380372017621994,0.03940889239311218,0.5735853314399719,-0.3695618212223053,0.12441432476043701,0.5874528884887695,-0.3413187563419342,0.07137884199619293,0.6188530921936035,-0.021107517182826996,0.13839595019817352,0.5891246199607849,0.22757890820503235,0.3850807547569275,0.6267842054367065,0.09923583269119263,0.3678998053073883,0.9119163155555725,0.12618397176265717,0.4299854040145874,1.013771414756775,-0.19466927647590637,0.14193563163280487,0.5548060536384583,-0.26818203926086426,0.4764045476913452,0.6375285983085632,-0.3324631452560425,0.25748586654663086,0.8520280122756958,-0.3806026875972748,0.2691815197467804,0.9638362526893616,-0.010536924004554749,-0.23802043497562408,0.2655089497566223,0.01210249587893486,-0.25949934124946594,0.22608023881912231,0.0528801754117012,-0.3010213375091553,0.22722341120243073,0.08644688129425049,-0.3672935366630554,0.3120981454849243,-0.0008946526795625687,-0.31069236993789673,0.20161497592926025,-0.06591515243053436,-0.39469480514526367,0.23954087495803833,0.047472093254327774,0.341477632522583,0.9730086326599121,-0.337843656539917,0.1806144118309021,0.8862584233283997
-0.0992962196469307,0.14433905482292175,0.5421065092086792,-0.09177910536527634,0.019464366137981415,0.4905538558959961,-0.0830407440662384,-0.10552643984556198,0.4394772946834564,-0.07430212199687958,-0.23052099347114563,0.388399213552475,-0.03790983557701111,-0.2314222753047943,0.3948829174041748,0.09040291607379913,-0.2322060465812683,0.41875311732292175,0.14955514669418335,-0.2136348932981491,0.635769248008728,0.1605544090270996,-0.0477907657623291,0.7753096222877502,0.16275426745414734,-0.014621935784816742,0.8032177090644836,0.1671539694070816,0.05171572417020798,0.8590338826179504,0.11559727787971497,0.009876634925603867,0.8453209400177002,-0.11059942841529846,-0.23097825050354004,0.38136035203933716,-0.2389121800661087,-0.23019447922706604,0.3574901521205902,-0.3995612859725952,-0.2173827737569809,0.5155014991760254,-0.37795448303222656,-0.0054291486740112305,0.5568000674247742,-0.37363311648368835,0.03696157783269882,0.5650597810745239,-0.36499038338661194,0.12174303084611893,0.5815792083740234,-0.3340153694152832,0.06859194487333298,0.6100775599479675,-0.01228475570678711,0.1432822048664093,0.5573539733886719,0.24552428722381592,0.3800828456878662,0.5878766179084778,0.12263190001249313,0.37010106444358826,0.8748534917831421,0.1538294404745102,0.4317893385887146,0.9753465056419373,-0.18630768358707428,0.1453959047794342,0.5268590450286865,-0.25661107897758484,0.47809508442878723,0.6154049634933472,-0.3159097731113434,0.2571803331375122,0.8280977606773376,-0.36106812953948975,0.2675326466560364,0.9409300684928894,-0.006555370986461639,-0.23326827585697174,0.23693057894706726,0.015133481472730637,-0.25490766763687134,0.1972557008266449,0.05606672167778015,-0.29603374004364014,0.19772961735725403,0.09211954474449158,-0.36109158396720886,0.2820557951927185,0.0018844371661543846,-0.306247740983963,0.17368099093437195,-0.06139694154262543,-0.39003127813339233,0.21391800045967102,0.07126858830451965,0.3462110459804535,0.9370147585868835,-0.3206232190132141,0.18009130656719208,0.8613845705986023
-0.09228254854679108,0.14722076058387756,0.5156211256980896,-0.08506335318088531,0.022583991289138794,0.46558675169944763,-0.07655460387468338,-0.1021331399679184,0.41595694422721863,-0.06804560124874115,-0.22685399651527405,0.3663256764411926,-0.03172478452324867,-0.22739678621292114,0.37193575501441956,0.09716980159282684,-0.2269170582294464,0.39282846450805664,0.15262576937675476,-0.20577456057071686,0.610636830329895,0.16525407135486603,-0.043346211314201355,0.75407874584198,0.16777972877025604,-0.010860539972782135,0.782767117023468,0.17283104360103607,0.054110802710056305,0.8401438593864441,0.1206091046333313,0.013629361987113953,0.8248847723007202,-0.10427393019199371,-0.22766679525375366,0.360176146030426,-0.23316851258277893,-0.2281465232372284,0.33928343653678894,-0.3881974220275879,-0.21755465865135193,0.5030415058135986,-0.3725612759590149,-0.005695611238479614,0.5476428866386414,-0.36943405866622925,0.03667619824409485,0.556563138961792,-0.36317959427833557,0.12141981720924377,0.574403703212738,-0.32953473925590515,0.06886668503284454,0.6009539365768433,-0.005252234637737274,0.14689569175243378,0.5289880633354187,0.2618095874786377,0.371562659740448,0.5438855290412903,0.14465181529521942,0.38053473830223083,0.8312944173812866,0.18022574484348297,0.4449829161167145,0.9276453256607056,-0.17931285500526428,0.14754582941532135,0.5022541880607605,-0.2554633915424347,0.4751212000846863,0.5966717004776001,-0.30559906363487244,0.25091028213500977,0.8055405020713806,-0.3487999737262726,0.25838544964790344,0.918590784072876,-0.004486545920372009,-0.23158064484596252,0.21355459094047546,0.016174543648958206,-0.2536696791648865,0.17373885214328766,0.0571606382727623,-0.294538676738739,0.1737264096736908,0.0955885499715805,-0.3580636978149414,0.2577940821647644,0.002538194414228201,-0.305265873670578,0.15133312344551086,-0.059175048023462296,-0.38845741748809814,0.19434642791748047,0.09374124556779861,0.36204269528388977,0.8949804306030273,-0.30791065096855164,0.1736815869808197,0.8374800086021423
-0.08049304783344269,0.15307492017745972,0.4705861210823059,-0.07404013723134995,0.028381340205669403,0.4245814085006714,-0.06657185405492783,-0.09637301415205002,0.37889614701271057,-0.0591033473610878,-0.2211310863494873,0.3332095146179199,-0.02294989675283432,-0.221169114112854,0.33711710572242737,0.10680826753377914,-0.2188696265220642,0.35204967856407166,0.16051876544952393,-0.18412989377975464,0.5684202909469604,0.18109476566314697,-0.019209176301956177,0.7078655958175659,0.1852099597454071,0.013774968683719635,0.735754668712616,0.19344036281108856,0.07974325865507126,0.7915328145027161,0.13920935988426208,0.041822828352451324,0.77687668800354,-0.09517562389373779,-0.22244906425476074,0.3288053870201111,-0.22493378818035126,-0.22474855184555054,0.3138728141784668,-0.37133944034576416,-0.2077435851097107,0.48470646142959595,-0.36629819869995117,0.006211340427398682,0.5202744603157043,-0.36528995633125305,0.049002330750226974,0.5273880958557129,-0.3632734715938568,0.13458430767059326,0.5416153073310852,-0.32538655400276184,0.08522683382034302,0.5684887170791626,0.006217435002326965,0.15402759611606598,0.4801665246486664,0.2855781316757202,0.3513900637626648,0.46904757618904114,0.1807953119277954,0.3940695524215698,0.7514244318008423,0.22371220588684082,0.4618568420410156,0.8390315771102905,-0.16720353066921234,0.15212224423885345,0.46100571751594543,-0.2806870937347412,0.4553624391555786,0.5718426704406738,-0.3000675141811371,0.22002919018268585,0.7636246681213379,-0.342011958360672,0.21568350493907928,0.8746821880340576,-0.004126936197280884,-0.2316673845052719,0.17809797823429108,0.014306051656603813,-0.25517863035202026,0.1382412314414978,0.055134836584329605,-0.29588785767555237,0.1375623643398285,0.0979948416352272,-0.3559609651565552,0.22145643830299377,-0.00039399322122335434,-0.30738258361816406,0.11866199225187302,-0.0593368336558342,-0.38852936029434204,0.16790540516376495,0.13156206905841827,0.3857002854347229,0.8163476586341858,-0.29254618287086487,0.14303334057331085,0.7905328273773193
-0.08049304783344269,0.15307492017745972,0.4705861210823059,-0.07404013723134995,0.028381340205669403,0.4245814085006714,-0.06657185405492783,-0.09637301415205002,0.37889614701271057,-0.0591033473610878,-0.2211310863494873,0.3332095146179199,-0.02294989675283432,-0.221169114112854,0.33711710572242737,0.10680826753377914,-0.2188696265220642,0.35204967856407166,0.16051876544952393,-0.18412989377975464,0.5684202909469604,0.18109476566314697,-0.019209176301956177,0.7078655958175659,0.1852099597454071,0.013774968683719635,0.735754668712616,0.19344036281108856,0.07974325865507126,0.7915328145027161,0.13920935988426208,0.041822828352451324,0.77687668800354,-0.09517562389373779,-0.22244906425476074,0.3288053870201111,-0.22493378818035126,-0.22474855184555054,0.3138728141784668,-0.37133944034576416,-0.2077435851097107,0.48470646142959595,-0.36629819869995117,0.006211340427398682,0.5202744603157043,-0.36528995633125305,0.049002330750226974,0.5273880958557129,-0.3632734715938568,0.13458430767059326,0.5416153073310852,-0.32538655400276184,0.08522683382034302,0.5684887170791626,0.006217435002326965,0.15402759611606598,0.4801665246486664,0.2855781316757202,0.3513900637626648,0.46904757618904114,0.1807953119277954,0.3940695524215698,0.7514244318008423,0.22371220588684082,0.4618568420410156,0.8390315771102905,-0.16720353066921234,0.15212224423885345,0.46100571751594543,-0.2806870937347412,0.4553624391555786,0.5718426704406738,-0.3000675141811371,0.22002919018268585,0.7636246681213379,-0.342011958360672,0.21568350493907928,0.8746821880340576,-0.004126936197280884,-0.2316673845052719,0.17809797823429108,0.014306051656603813,-0.25517863035202026,0.1382412314414978,0.055134836584329605,-0.29588785767555237,0.1375623643398285,0.0979948416352272,-0.3559609651565552,0.22145643830299377,-0.00039399322122335434,-0.30738258361816406,0.11866199225187302,-0.0593368336558342,-0.38852936029434204,0.16790540516376495,0.13156206905841827,0.3857002854347229,0.8163476586341858,-0.29254618287086487,0.14303334057331085,0.7905328273773193
-0.0743923932313919,0.1557304561138153,0.4528915584087372,-0.06862471252679825,0.030911974608898163,0.4095803201198578,-0.06210535764694214,-0.09397169947624207,0.3665646016597748,-0.05558580905199051,-0.21885912120342255,0.3235476016998291,-0.019575010985136032,-0.21879048645496368,0.32659658789634705,0.11050859093666077,-0.21608829498291016,0.33846670389175415,0.16568481922149658,-0.1716366559267044,0.5521427989006042,0.19172902405261993,-0.0026171207427978516,0.684840202331543,0.19693785905838013,0.0311867855489254,0.7113797068595886,0.2073555439710617,0.0987945944070816,0.7644586563110352,0.15207532048225403,0.06207968294620514,0.7514543533325195,-0.09152574837207794,-0.220285102725029,0.320031076669693,-0.22160935401916504,-0.22298729419708252,0.3081609606742859,-0.3673242926597595,-0.19818015396595,0.4779537618160248,-0.36570218205451965,0.017001911997795105,0.501375138759613,-0.3653777539730072,0.06003832444548607,0.5060594081878662,-0.3647288978099823,0.1461111456155777,0.5154279470443726,-0.3260378837585449,0.09907256811857224,0.5448111891746521,0.012171097099781036,0.1570274829864502,0.46068117022514343,0.2923440933227539,0.3453918695449829,0.4478989541530609,0.19391456246376038,0.3867266774177551,0.7285925149917603,0.23909369111061096,0.45161646604537964,0.8152037262916565,-0.16095587611198425,0.15443342924118042,0.44510194659233093,-0.2996476888656616,0.44125938415527344,0.5575157403945923,-0.3010341227054596,0.20510374009609222,0.7430269122123718,-0.34325364232063293,0.19549430906772614,0.852015495300293,-0.004982076585292816,-0.23325149714946747,0.16751611232757568,0.012254560366272926,-0.25773346424102783,0.12779951095581055,0.05286284163594246,-0.2985413670539856,0.12697601318359375,0.09774940460920334,-0.3566873073577881,0.2109510749578476,-0.00311625050380826,-0.3102538585662842,0.10990139096975327,-0.06085803359746933,-0.389872670173645,0.1625729501247406,0.1460450142621994,0.3788750171661377,0.7932866215705872,-0.28742310404777527,0.12958833575248718,0.7685344815254211
-0.06955642998218536,0.15821948647499084,0.43755707144737244,-0.06449788063764572,0.033132731914520264,0.3973260521888733,-0.058992113918066025,-0.09201133251190186,0.357332706451416,-0.053486183285713196,-0.21715913712978363,0.31733816862106323,-0.017622053623199463,-0.21705009043216705,0.3195846676826477,0.11266632378101349,-0.2141808420419693,0.3285428285598755,0.1705034077167511,-0.15985259413719177,0.5384225249290466,0.20230254530906677,0.013844922184944153,0.6623815894126892,0.20866237580776215,0.04858442395925522,0.6871734261512756,0.2213820368051529,0.11806342750787735,0.7367570400238037,0.1651649922132492,0.08249282836914062,0.7259196043014526,-0.08929046988487244,-0.218628391623497,0.31465697288513184,-0.2195788472890854,-0.22149764001369476,0.30569881200790405,-0.3661534786224365,-0.18785609304904938,0.4722229540348053,-0.3665914535522461,0.027734965085983276,0.48047924041748047,-0.36667904257774353,0.07085317373275757,0.4821304976940155,-0.3668542206287384,0.15708959102630615,0.48543301224708557,-0.3280338644981384,0.11273489147424698,0.5181241631507874,0.016829557716846466,0.15971453487873077,0.4437706470489502,0.2967170178890228,0.34131887555122375,0.4321165382862091,0.20405714213848114,0.37637120485305786,0.7118433713912964,0.25101029872894287,0.43739157915115356,0.7984534502029419,-0.1559424102306366,0.15672443807125092,0.4313434958457947,-0.3196643590927124,0.4277476668357849,0.5371474027633667,-0.30403536558151245,0.19658923149108887,0.7225742936134338,-0.3468731641769409,0.184259831905365,0.8295429944992065,-0.007012020796537399,-0.23582585155963898,0.1606912463903427,0.009078741073608398,-0.2613840401172638,0.12124992907047272,0.049429770559072495,-0.3023468852043152,0.12045861035585403,0.09614711999893188,-0.3584400415420532,0.20464757084846497,-0.006947102025151253,-0.3142104744911194,0.1051463857293129,-0.06358733773231506,-0.39205360412597656,0.16126292943954468,0.15751945972442627,0.36771517992019653,0.7762156128883362,-0.284546434879303,0.12364621460437775,0.748727023601532
-0.0653999000787735,0.15994897484779358,0.42354679107666016,-0.060903310775756836,0.03445909917354584,0.38700923323631287,-0.05628437548875809,-0.09107226133346558,0.3506297767162323,-0.051665302366018295,-0.21660737693309784,0.3142492175102234,-0.015964701771736145,-0.21651223301887512,0.31589868664741516,0.1143355518579483,-0.21367299556732178,0.3226452171802521,0.17567771673202515,-0.1499279886484146,0.5279231071472168,0.21362841129302979,0.028619706630706787,0.6413964033126831,0.2212185561656952,0.06432925164699554,0.6640910506248474,0.2363988310098648,0.13574832677841187,0.709480345249176,0.17928528785705566,0.101435586810112,0.7011507749557495,-0.08731569349765778,-0.2180669605731964,0.3122043311595917,-0.21761594712734222,-0.22090619802474976,0.30545780062675476,-0.3672495186328888,-0.175990492105484,0.4653254747390747,-0.3667815327644348,0.03866037726402283,0.4543474316596985,-0.36668792366981506,0.08159054815769196,0.4521518349647522,-0.36650073528289795,0.1674509048461914,0.44776061177253723,-0.328715980052948,0.12622684240341187,0.4849303960800171,0.020755350589752197,0.16151614487171173,0.4287671744823456,0.29928407073020935,0.3374873697757721,0.4197845160961151,0.21075725555419922,0.36535516381263733,0.697657585144043,0.25866493582725525,0.4225252866744995,0.7844046354293823,-0.1515551507472992,0.15838180482387543,0.41832640767097473,-0.3392358720302582,0.4140963554382324,0.5078296065330505,-0.3087671995162964,0.19533804059028625,0.7002964615821838,-0.3527836501598358,0.18343909084796906,0.8052230477333069,-0.008396130055189133,-0.2401917725801468,0.1575322300195694,0.006777055561542511,-0.2669807970523834,0.11861447989940643,0.04685503616929054,-0.3081310987472534,0.1182742640376091,0.0948706567287445,-0.3618825078010559,0.20310020446777344,-0.009808079339563847,-0.3201178312301636,0.10443360358476639,-0.06567482650279999,-0.39584487676620483,0.1638849973678589,0.1652790904045105,0.3555877208709717,0.7613662481307983,-0.28393882513046265,0.1263849139213562,0.7294765710830688
-0.061566293239593506,0.16098541021347046,0.4108939468860626,-0.05813092738389969,0.03524428606033325,0.3783940374851227,-0.054696064442396164,-0.09053024649620056,0.3460236191749573,-0.05126109719276428,-0.21630854904651642,0.3136522173881531,-0.01577899605035782,-0.2163887321949005,0.3148951232433319,0.11435150355100632,-0.21417482197284698,0.3201013207435608,0.1802460104227066,-0.14188790321350098,0.5198782086372375,0.22516226768493652,0.04175204038619995,0.6198999285697937,0.23414552211761475,0.07848003506660461,0.639904260635376,0.2521120309829712,0.15193602442741394,0.6799129247665405,0.19411654770374298,0.11917193233966827,0.6746405363082886,-0.08670587092638016,-0.2175953984260559,0.3120574951171875,-0.2168363630771637,-0.21980930864810944,0.3068512976169586,-0.3699243664741516,-0.16144248843193054,0.4573028087615967,-0.3655760884284973,0.049496084451675415,0.422210693359375,-0.364706426858902,0.09168380498886108,0.41519227623939514,-0.3629671037197113,0.17605924606323242,0.40115541219711304,-0.3270542025566101,0.13900820910930634,0.44360822439193726,0.024411119520664215,0.16212861239910126,0.4155590832233429,0.30219101905822754,0.33428364992141724,0.40870627760887146,0.21624410152435303,0.3568505644798279,0.6853384971618652,0.2647748291492462,0.4112730920314789,0.7722708582878113,-0.14754369854927063,0.15984220802783966,0.40622881054878235,-0.34545546770095825,0.40867945551872253,0.48210322856903076,-0.3086462616920471,0.20129717886447906,0.6822512149810791,-0.35316452383995056,0.1919458508491516,0.7861981391906738,-0.010409694164991379,-0.24527521431446075,0.15735019743442535,0.003973622806370258,-0.2734106481075287,0.11914829909801483,0.04364091530442238,-0.31488174200057983,0.11958932131528854,0.09230183064937592,-0.36628252267837524,0.2053627371788025,-0.013258479535579681,-0.32676875591278076,0.10692095011472702,-0.06891313195228577,-0.39996230602264404,0.16946901381015778,0.1714182198047638,0.34623202681541443,0.7485717535018921,-0.28153711557388306,0.1352868676185608,0.7143182158470154
-0.05978572741150856,0.16129431128501892,0.3990395665168762,-0.05716286599636078,0.03498952090740204,0.37133273482322693,-0.05474795028567314,-0.09134197235107422,0.3437288701534271,-0.052332960069179535,-0.2176772505044937,0.31612420082092285,-0.01700536534190178,-0.2179514467716217,0.3171764612197876,0.11291325092315674,-0.21643443405628204,0.3215996026992798,0.18394756317138672,-0.13544408977031708,0.5149984955787659,0.23680703341960907,0.052630841732025146,0.5995250940322876,0.24737893044948578,0.09024582803249359,0.616430401802063,0.268522709608078,0.16547581553459167,0.6502410173416138,0.2095685452222824,0.13477329909801483,0.6482114791870117,-0.08763431012630463,-0.2187761664390564,0.3147718906402588,-0.21755293011665344,-0.22029317915439606,0.3103487491607666,-0.37294894456863403,-0.14624908566474915,0.44955360889434814,-0.36118611693382263,0.057205140590667725,0.3880794644355774,-0.35883355140686035,0.09789598733186722,0.37578463554382324,-0.3541284203529358,0.1792776882648468,0.35119497776031494,-0.320665180683136,0.14721065759658813,0.3988843560218811,0.026058506220579147,0.16207270324230194,0.40361762046813965,0.3034692704677582,0.33053290843963623,0.39612746238708496,0.2183971405029297,0.35469484329223633,0.6708115935325623,0.2671075463294983,0.40861690044403076,0.7569438219070435,-0.14562995731830597,0.1605159193277359,0.3944615125656128,-0.3636704981327057,0.39342427253723145,0.4544922113418579,-0.31646713614463806,0.19894537329673767,0.6623918414115906,-0.36281630396842957,0.19004222750663757,0.7647223472595215,-0.012951873242855072,-0.25290513038635254,0.1608739197254181,0.0008811969310045242,-0.2825780212879181,0.12369804084300995,0.040148574858903885,-0.32433050870895386,0.12543007731437683,0.08895610272884369,-0.3728405833244324,0.21267420053482056,-0.016901753842830658,-0.3361583352088928,0.11364242434501648,-0.07268650829792023,-0.406352698802948,0.17927587032318115,0.1738029569387436,0.3447748124599457,0.7336622476577759,-0.2852829694747925,0.13708677887916565,0.6975815296173096
-0.05945408344268799,0.1618075668811798,0.3870161175727844,-0.0578325055539608,0.03480888903141022,0.3649742901325226,-0.056560058146715164,-0.09221021831035614,0.3430275321006775,-0.055287573486566544,-0.21923312544822693,0.32108011841773987,-0.020078051835298538,-0.21976338326931,0.32207560539245605,0.10962136089801788,-0.21917374432086945,0.3261827826499939,0.1863783597946167,-0.1295280158519745,0.5120525360107422,0.2489171028137207,0.061495885252952576,0.5785142183303833,0.26142483949661255,0.09970066696405411,0.5918065309524536,0.28644034266471863,0.17611023783683777,0.618391215801239,0.22640135884284973,0.1483980268239975,0.6196668148040771,-0.09048326313495636,-0.22008346021175385,0.31984609365463257,-0.22018267214298248,-0.2206730991601944,0.3157389163970947,-0.3768264055252075,-0.1311415582895279,0.4419229328632355,-0.35468173027038574,0.060752809047698975,0.3552940785884857,-0.35025280714035034,0.09913168847560883,0.3379683196544647,-0.34139493107795715,0.17588943243026733,0.30331677198410034,-0.31091248989105225,0.14927750825881958,0.3556321859359741,0.026299074292182922,0.16208042204380035,0.391752690076828,0.3033320903778076,0.32742413878440857,0.3820263147354126,0.21838095784187317,0.3567301630973816,0.6544963121414185,0.26702672243118286,0.4114496111869812,0.739304780960083,-0.1452072411775589,0.16153471171855927,0.38227954506874084,-0.37650179862976074,0.3818051815032959,0.4288003444671631,-0.3229326605796814,0.1992485374212265,0.6435533165931702,-0.37068140506744385,0.19138410687446594,0.7446043491363525,-0.016871735453605652,-0.26175642013549805,0.16755026578903198,-0.00349237397313118,-0.29318445920944214,0.13172313570976257,0.035319697111845016,-0.3351961374282837,0.13519559800624847,0.08390907943248749,-0.3802274465560913,0.22430363297462463,-0.021851088851690292,-0.3469328284263611,0.12414119392633438,-0.07807479798793793,-0.4134814143180847,0.19298282265663147,0.17384865880012512,0.3482590317726135,0.7170501351356506,-0.2891600430011749,0.14101779460906982,0.6814539432525635
-0.06045281141996384,0.16184505820274353,0.37343630194664,-0.06049222871661186,0.03422887623310089,0.3581412434577942,-0.06085474044084549,-0.0933975875377655,0.342936635017395,-0.06121726334095001,-0.2210278958082199,0.32773154973983765,-0.02612488716840744,-0.22196964919567108,0.3288954198360443,0.10337350517511368,-0.22288542985916138,0.3334949314594269,0.18606868386268616,-0.12281674891710281,0.5097082257270813,0.2591349184513092,0.07003342360258102,0.5516542792320251,0.27374815940856934,0.10860346257686615,0.5600435137748718,0.302974671125412,0.1857435405254364,0.5768219232559204,0.2419397532939911,0.16183394193649292,0.5818924903869629,-0.09631358087062836,-0.22147329151630402,0.3264024555683136,-0.22581197321414948,-0.22055751085281372,0.32180294394493103,-0.3821943998336792,-0.11707968264818192,0.43467551469802856,-0.3465852737426758,0.06027313321828842,0.32712411880493164,-0.3394634425640106,0.09574370086193085,0.30561384558677673,-0.3252197802066803,0.1666848361492157,0.26259326934814453,-0.2981835603713989,0.1452513039112091,0.31856009364128113,0.025221824645996094,0.16116780042648315,0.3788662850856781,0.3025777041912079,0.32340365648269653,0.36877283453941345,0.2162010669708252,0.3574069142341614,0.6390339732170105,0.2644776701927185,0.4127826690673828,0.7230326533317566,-0.14612744748592377,0.1625223159790039,0.36800631880760193,-0.38236182928085327,0.37826812267303467,0.3995611071586609,-0.3285695016384125,0.2085486501455307,0.6230781674385071,-0.37771129608154297,0.20453065633773804,0.7231872081756592,-0.023091338574886322,-0.2721439003944397,0.17688681185245514,-0.010101213119924068,-0.30559536814689636,0.1428370326757431,0.02805129438638687,-0.347901314496994,0.14864647388458252,0.07572339475154877,-0.38883352279663086,0.24010640382766724,-0.029223091900348663,-0.3593599200248718,0.13805332779884338,-0.08655403554439545,-0.4212995171546936,0.2100924551486969,0.17131665349006653,0.35028275847435,0.70112144947052,-0.29425811767578125,0.15331482887268066,0.6642141938209534
-0.06124395877122879,0.16056577861309052,0.35669928789138794,-0.06340231001377106,0.03268249332904816,0.34883391857147217,-0.06572184711694717,-0.09520426392555237,0.34107157588005066,-0.06804145127534866,-0.2230948507785797,0.33330899477005005,-0.03308901935815811,-0.2245243340730667,0.33491960167884827,0.09584806114435196,-0.22723285853862762,0.34101438522338867,0.1833772361278534,-0.11376147717237473,0.5047129392623901,0.2661711275577545,0.07811262458562851,0.5143438577651978,0.2827298939228058,0.11648744344711304,0.5162700414657593,0.3158474564552307,0.1932370811700821,0.5201224088668823,0.2541164457798004,0.17380069196224213,0.5292220711708069,-0.10301908850669861,-0.22305534780025482,0.33161404728889465,-0.23195616900920868,-0.2203468233346939,0.32551926374435425,-0.38583025336265564,-0.10299534350633621,0.4249463379383087,-0.33860284090042114,0.05978766828775406,0.30233100056648254,-0.32915735244750977,0.092344269156456,0.27780795097351074,-0.3102664053440094,0.15745747089385986,0.22876182198524475,-0.2859838902950287,0.14053437113761902,0.2870306968688965,0.02429957687854767,0.15870371460914612,0.36350053548812866,0.30300337076187134,0.31678688526153564,0.3556624948978424,0.21318981051445007,0.3552974760532379,0.6232776641845703,0.26073241233825684,0.410982221364975,0.7070448398590088,-0.14678749442100525,0.1624278426170349,0.3498980402946472,-0.38320571184158325,0.3783473074436188,0.36448392271995544,-0.3335531949996948,0.22236886620521545,0.5976636409759521,-0.3844287395477295,0.22397485375404358,0.6965935826301575,-0.02937091886997223,-0.28352540731430054,0.18619737029075623,-0.016646038740873337,-0.3191004693508148,0.15431082248687744,0.020676936954259872,-0.361611932516098,0.16297578811645508,0.06670026481151581,-0.3979220390319824,0.25711381435394287,-0.03665006160736084,-0.37268882989883423,0.15245670080184937,-0.09572625160217285,-0.4293065667152405,0.2273097038269043,0.1674044281244278,0.3495727479457855,0.6845603585243225,-0.30004385113716125,0.1698407232761383,0.6424135565757751
-0.06224929541349411,0.1583131104707718,0.3377212882041931,-0.0666440948843956,0.030712097883224487,0.3374360501766205,-0.07093800604343414,-0.09689256548881531,0.3372806906700134,-0.07523205131292343,-0.22450105845928192,0.33712533116340637,-0.04046649485826492,-0.2263679802417755,0.3394220769405365,0.08710529655218124,-0.23067104816436768,0.3478474020957947,0.17842936515808105,-0.1039198487997055,0.4975409507751465,0.2717577815055847,0.08066937327384949,0.4752047657966614,0.2904234528541565,0.11758722364902496,0.4707375168800354,0.32775482535362244,0.19142290949821472,0.46180304884910583,0.2653554677963257,0.17749029397964478,0.47348859906196594,-0.11004427820444107,-0.2240210771560669,0.33482688665390015,-0.23761606216430664,-0.21971800923347473,0.3264015316963196,-0.38677701354026794,-0.08607576787471771,0.4082847833633423,-0.32925522327423096,0.057082757353782654,0.26871705055236816,-0.31775087118148804,0.08571445941925049,0.24080349504947662,-0.2947421371936798,0.14297786355018616,0.18497639894485474,-0.27254778146743774,0.13221706449985504,0.24510928988456726,0.02307944744825363,0.15535466372966766,0.3464786112308502,0.30316033959388733,0.30943676829338074,0.34281864762306213,0.20817780494689941,0.3525128662586212,0.6071544885635376,0.2544383406639099,0.4085668623447418,0.6910138130187988,-0.14757803082466125,0.16127155721187592,0.328963965177536,-0.381153404712677,0.3795112669467926,0.32522499561309814,-0.33850938081741333,0.23777353763580322,0.5677997469902039,-0.39137279987335205,0.24585077166557312,0.6650349497795105,-0.03525077551603317,-0.29422426223754883,0.1946449875831604,-0.022630829364061356,-0.3318283259868622,0.16517768800258636,0.013792585581541061,-0.37431859970092773,0.17699801921844482,0.05763363838195801,-0.40564072132110596,0.27386024594306946,-0.043507762253284454,-0.38507261872291565,0.1661815345287323,-0.10471735894680023,-0.4361104369163513,0.24321354925632477,0.16109678149223328,0.3481869101524353,0.6673133373260498,-0.3066735863685608,0.1878352165222168,0.6162462830543518
-0.06343743205070496,0.1558612585067749,0.3186294436454773,-0.06993051618337631,0.029067128896713257,0.32560503482818604,-0.0760410726070404,-0.09773647785186768,0.3327521085739136,-0.08215180784463882,-0.22454388439655304,0.3398993909358978,-0.04761509224772453,-0.22672399878501892,0.343041330575943,0.07782715559005737,-0.23213429749011993,0.3543013334274292,0.17131225764751434,-0.092161163687706,0.48791205883026123,0.2734684646129608,0.07893489301204681,0.4332336187362671,0.2938997149467468,0.1131541058421135,0.4222979247570038,0.33476221561431885,0.18159252405166626,0.4004265367984772,0.2721312344074249,0.17331895232200623,0.4137074947357178,-0.11675494909286499,-0.22374200820922852,0.3368351459503174,-0.2421972006559372,-0.2183317095041275,0.3255751132965088,-0.38529032468795776,-0.07085384428501129,0.38849103450775146,-0.31912752985954285,0.051331691443920135,0.23554439842700958,-0.30589497089385986,0.07576879858970642,0.2049550712108612,-0.2794298529624939,0.12464301288127899,0.14377641677856445,-0.258877158164978,0.12000420689582825,0.20479722321033478,0.021570026874542236,0.1521180421113968,0.3297169804573059,0.3033636510372162,0.3012920618057251,0.3319936990737915,0.20203563570976257,0.34913814067840576,0.5923240184783936,0.24672839045524597,0.40537843108177185,0.6765242218971252,-0.14844489097595215,0.15960447490215302,0.3075419068336487,-0.3766753673553467,0.3811410665512085,0.2852237820625305,-0.34295496344566345,0.2534472346305847,0.5359939336776733,-0.3978312611579895,0.26820918917655945,0.6309716701507568,-0.040286578238010406,-0.3029632568359375,0.20267054438591003,-0.027623023837804794,-0.3423716425895691,0.17572888731956482,0.007898539304733276,-0.38456806540489197,0.19077083468437195,0.04923795163631439,-0.41075968742370605,0.290160596370697,-0.04929017275571823,-0.3951526880264282,0.17937251925468445,-0.11279673874378204,-0.4407494366168976,0.2578653395175934,0.15336203575134277,0.3463400602340698,0.6510340571403503,-0.31342270970344543,0.20596197247505188,0.5879247784614563
-0.06441603600978851,0.15451191365718842,0.2993259131908417,-0.0723944827914238,0.02903600037097931,0.3127903938293457,-0.07987970858812332,-0.0964517891407013,0.326426237821579,-0.08736515790224075,-0.22194333374500275,0.3400624990463257,-0.05311669409275055,-0.22424644231796265,0.3440403640270233,0.06940512359142303,-0.23003903031349182,0.35798922181129456,0.16299724578857422,-0.07722149789333344,0.4732711911201477,0.2653350830078125,0.07360082864761353,0.37969306111335754,0.2858026623725891,0.10376529395580292,0.360977441072464,0.32673782110214233,0.1640942245721817,0.3235462009906769,0.26505139470100403,0.16066871583461761,0.3402804136276245,-0.12169497460126877,-0.2210041880607605,0.33623287081718445,-0.24421679973602295,-0.21521160006523132,0.3222840130329132,-0.3792704939842224,-0.05625854432582855,0.3658391237258911,-0.3063344955444336,0.04379892349243164,0.20260274410247803,-0.2917473018169403,0.06381041556596756,0.16995546221733093,-0.26257291436195374,0.10383340716362,0.10466090589761734,-0.2430163472890854,0.10508103668689728,0.16559502482414246,0.020262591540813446,0.15055149793624878,0.31259551644325256,0.3030358552932739,0.2971242666244507,0.3186379671096802,0.19571202993392944,0.3518016040325165,0.5749080777168274,0.23874837160110474,0.409522145986557,0.6588367819786072,-0.14909467101097107,0.15847232937812805,0.2860563099384308,-0.3709498643875122,0.3836885988712311,0.2468297779560089,-0.34610459208488464,0.2687339186668396,0.5044156908988953,-0.4026647210121155,0.28976646065711975,0.5970785021781921,-0.04342706501483917,-0.3078509569168091,0.20815762877464294,-0.030601581558585167,-0.3487235903739929,0.18362314999103546,0.0041520074009895325,-0.39036130905151367,0.20162521302700043,0.04310210794210434,-0.41161248087882996,0.3030811548233032,-0.05286114290356636,-0.40101778507232666,0.18957427144050598,-0.11843515187501907,-0.44180580973625183,0.26893681287765503,0.14559197425842285,0.3507871925830841,0.6323552131652832,-0.3189694583415985,0.22340483963489532,0.5593900680541992
-0.06450967490673065,0.153610959649086,0.28268706798553467,-0.07378698885440826,0.02956514060497284,0.3013826608657837,-0.08260534703731537,-0.09449060261249542,0.32023394107818604,-0.09142396599054337,-0.21855005621910095,0.33908578753471375,-0.05749380588531494,-0.2208966612815857,0.34407690167427063,0.06203407049179077,-0.22677989304065704,0.36127418279647827,0.15412545204162598,-0.06369133293628693,0.45982420444488525,0.25367891788482666,0.06147891283035278,0.33399438858032227,0.2735896110534668,0.0865129604935646,0.3088284134864807,0.31341099739074707,0.13658106327056885,0.25849649310112,0.25286680459976196,0.13801050186157227,0.2778390049934387,-0.12544997036457062,-0.2175518274307251,0.33429959416389465,-0.24497784674167633,-0.21166859567165375,0.317102313041687,-0.3705621361732483,-0.043459177017211914,0.34402790665626526,-0.2907470464706421,0.03760901838541031,0.17529994249343872,-0.27478402853012085,0.05382265895605087,0.1415543556213379,-0.24285799264907837,0.0862499326467514,0.07406316697597504,-0.2241525501012802,0.09163346886634827,0.13458505272865295,0.01976148784160614,0.1496814638376236,0.2984326481819153,0.3031243085861206,0.2948225140571594,0.30873116850852966,0.1889173686504364,0.3567516803741455,0.5603113174438477,0.22990551590919495,0.4164080023765564,0.6439006328582764,-0.14878083765506744,0.1575404554605484,0.26694148778915405,-0.363508939743042,0.3862901031970978,0.211878702044487,-0.34873077273368835,0.28200680017471313,0.47470492124557495,-0.4072321951389313,0.3084276020526886,0.5647360682487488,-0.044618699699640274,-0.3104553818702698,0.21239930391311646,-0.03146225959062576,-0.35243961215019226,0.1900574266910553,0.0024407990276813507,-0.3934584856033325,0.2108139991760254,0.038429033011198044,-0.4104643166065216,0.31409624218940735,-0.05428224056959152,-0.4042459726333618,0.19768308103084564,-0.12228624522686005,-0.4410288333892822,0.2768919765949249,0.13718566298484802,0.3575092852115631,0.6163082718849182,-0.3243042528629303,0.23843877017498016,0.5323032736778259
-0.06336618214845657,0.1570117026567459,0.27469122409820557,-0.074238121509552,0.03347131609916687,0.2956766188144684,-0.08481399714946747,-0.09007526189088821,0.3167766034603119,-0.095390185713768,-0.21362555027008057,0.3378772437572479,-0.06169900670647621,-0.21612292528152466,0.3442160487174988,0.04401930794119835,-0.22184279561042786,0.3637133538722992,0.13300511240959167,-0.04478056728839874,0.4374774396419525,0.23282194137573242,0.047973453998565674,0.2865774631500244,0.2527852952480316,0.06652425974607468,0.25639745593070984,0.2927120327949524,0.10362587124109268,0.19603745639324188,0.2324003428220749,0.11007091403007507,0.21489223837852478,-0.12919631600379944,-0.21247100830078125,0.331767737865448,-0.234914630651474,-0.20675113797187805,0.3122704327106476,-0.3523904085159302,-0.031083762645721436,0.31941527128219604,-0.2643986642360687,0.030435282737016678,0.14675845205783844,-0.24680031836032867,0.04273909330368042,0.11222708225250244,-0.21160361170768738,0.0673467144370079,0.04316435009241104,-0.1942720264196396,0.0773545652627945,0.10344703495502472,0.01827385276556015,0.15296326577663422,0.2931535840034485,0.3018086552619934,0.2966327667236328,0.31230679154396057,0.17872333526611328,0.36214450001716614,0.5586329698562622,0.2169083058834076,0.42254769802093506,0.6429621577262878,-0.1450062096118927,0.1610601395368576,0.25622886419296265,-0.35203981399536133,0.3933699131011963,0.18863433599472046,-0.3495900332927704,0.29416078329086304,0.45371901988983154,-0.41077926754951477,0.32370829582214355,0.5409020185470581,-0.04454571381211281,-0.3084959387779236,0.21507778763771057,-0.030894586816430092,-0.35102254152297974,0.1941470354795456,0.001836981624364853,-0.39182716608047485,0.21703357994556427,0.03368961438536644,-0.40690532326698303,0.3219132423400879,-0.05440567061305046,-0.40246453881263733,0.20196464657783508,-0.1256645768880844,-0.43704456090927124,0.2792179584503174,0.1249665692448616,0.3638473451137543,0.6126319766044617,-0.32837703824043274,0.25124189257621765,0.5130195617675781
-0.045888472348451614,0.1681171953678131,0.26667746901512146,-0.060017798095941544,0.04531579464673996,0.2885475754737854,-0.07395502924919128,-0.07749377191066742,0.31049492955207825,-0.08789268136024475,-0.20030702650547028,0.3324429392814636,-0.054850805550813675,-0.20318838953971863,0.341204434633255,0.0411868654191494,-0.20960861444473267,0.3662659823894501,0.1226319819688797,-0.024746298789978027,0.4060608446598053,0.20952101051807404,0.010646112263202667,0.23173193633556366,0.22689881920814514,0.017724594101309776,0.19686615467071533,0.26165443658828735,0.031881559640169144,0.12713459134101868,0.20453140139579773,0.04566630721092224,0.1464262306690216,-0.12108603119850159,-0.1987604796886444,0.32392001152038574,-0.21712370216846466,-0.19234025478363037,0.2988584637641907,-0.3258148729801178,-0.017601221799850464,0.2922617495059967,-0.22778236865997314,0.034967366605997086,0.12849651277065277,-0.2081758677959442,0.045481085777282715,0.09574346244335175,-0.16896286606788635,0.06650851666927338,0.030237361788749695,-0.1556151807308197,0.07749828696250916,0.08961993455886841,0.03140215203166008,0.16330696642398834,0.28960198163986206,0.3149242699146271,0.30313363671302795,0.32529425621032715,0.17726129293441772,0.37357714772224426,0.5620540380477905,0.21076279878616333,0.4345105290412903,0.6478443741798401,-0.12317909300327301,0.17292742431163788,0.24375295639038086,-0.31686192750930786,0.41099458932876587,0.1599603295326233,-0.33547621965408325,0.3154160976409912,0.42545393109321594,-0.40119650959968567,0.34816497564315796,0.5079376697540283,-0.029820486903190613,-0.2975858449935913,0.21501260995864868,-0.015346593223512173,-0.3405669927597046,0.19571354985237122,0.015022844076156616,-0.38145220279693604,0.22143122553825378,0.039014123380184174,-0.39542537927627563,0.32844793796539307,-0.040103085339069366,-0.39152011275291443,0.20251032710075378,-0.11717601865530014,-0.4239511787891388,0.27483871579170227,0.12020646780729294,0.376747190952301,0.6123771667480469,-0.31977421045303345,0.27264031767845154,0.4864572286605835
-0.045888472348451614,0.1681171953678131,0.26667746901512146,-0.060017798095941544,0.04531579464673996,0.2885475754737854,-0.07395502924919128,-0.07749377191066742,0.31049492955207825,-0.08789268136024475,-0.20030702650547028,0.3324429392814636,-0.054850805550813675,-0.20318838953971863,0.341204434633255,0.0411868654191494,-0.20960861444473267,0.3662659823894501,0.1226319819688797,-0.024746298789978027,0.4060608446598053,0.20952101051807404,0.010646112263202667,0.23173193633556366,0.22689881920814514,0.017724594101309776,0.19686615467071533,0.26165443658828735,0.031881559640169144,0.12713459134101868,0.20453140139579773,0.04566630721092224,0.1464262306690216,-0.12108603119850159,-0.1987604796886444,0.32392001152038574,-0.21712370216846466,-0.19234025478363037,0.2988584637641907,-0.3258148729801178,-0.017601221799850464,0.2922617495059967,-0.22778236865997314,0.034967366605997086,0.12849651277065277,-0.2081758677959442,0.045481085777282715,0.09574346244335175,-0.16896286606788635,0.06650851666927338,0.030237361788749695,-0.1556151807308197,0.07749828696250916,0.08961993455886841,0.03140215203166008,0.16330696642398834,0.28960198163986206,0.3149242699146271,0.30313363671302795,0.32529425621032715,0.17726129293441772,0.37357714772224426,0.5620540380477905,0.21076279878616333,0.4345105290412903,0.6478443741798401,-0.12317909300327301,0.17292742431163788,0.24375295639038086,-0.31686192750930786,0.41099458932876587,0.1599603295326233,-0.33547621965408325,0.3154160976409912,0.42545393109321594,-0.40119650959968567,0.34816497564315796,0.5079376697540283,-0.029820486903190613,-0.2975858449935913,0.21501260995864868,-0.015346593223512173,-0.3405669927597046,0.19571354985237122,0.015022844076156616,-0.38145220279693604,0.22143122553825378,0.039014123380184174,-0.39542537927627563,0.32844793796539307,-0.040103085339069366,-0.39152011275291443,0.20251032710075378,-0.11717601865530014,-0.4239511787891388,0.27483871579170227,0.12020646780729294,0.376747190952301,0.6123771667480469,-0.31977421045303345,0.27264031767845154,0.4864572286605835
-0.034406647086143494,0.1715460568666458,0.2621895372867584,-0.05026482045650482,0.04892122745513916,0.2833881676197052,-0.06591564416885376,-0.07371615618467331,0.304668128490448,-0.0815669447183609,-0.19635720551013947,0.32594871520996094,-0.04899807274341583,-0.19943192601203918,0.33620160818099976,0.04491470754146576,-0.20635804533958435,0.36535635590553284,0.12449411302804947,-0.02425585687160492,0.40889209508895874,0.2075134515762329,0.004248199984431267,0.23407167196273804,0.22411732375621796,0.009949011728167534,0.1991075873374939,0.25732505321502686,0.02135063335299492,0.12917941808700562,0.2014840543270111,0.036440834403038025,0.1489003598690033,-0.11430591344833374,-0.194615438580513,0.315927118062973,-0.20821869373321533,-0.18768931925296783,0.28677237033843994,-0.3146401345729828,-0.014566153287887573,0.2771655321121216,-0.2107689082622528,0.03918054699897766,0.12035691738128662,-0.1899946630001068,0.04992988705635071,0.08899518847465515,-0.14844617247581482,0.0714285671710968,0.02627173811197281,-0.13780376315116882,0.08154315501451492,0.0855952799320221,0.0406087264418602,0.16628068685531616,0.2878488302230835,0.32343533635139465,0.3040604889392853,0.3343334496021271,0.17690277099609375,0.376720666885376,0.5648932456970215,0.2073661834001541,0.4378047585487366,0.6516506671905518,-0.10942202061414719,0.17681142687797546,0.23653022944927216,-0.296567440032959,0.41708070039749146,0.14497585594654083,-0.3273140788078308,0.3216921389102936,0.40929532051086426,-0.39599019289016724,0.35517942905426025,0.4889717400074005,-0.01877196878194809,-0.2939597964286804,0.21133066713809967,-0.003683587536215782,-0.33701249957084656,0.1927180141210556,0.02523430436849594,-0.37805071473121643,0.21978525817394257,0.04422488063573837,-0.3921317160129547,0.32774782180786133,-0.029007578268647194,-0.3878035545349121,0.19837313890457153,-0.10946043580770493,-0.41976475715637207,0.2670801281929016,0.11790411174297333,0.3805793523788452,0.6128273606300354,-0.3146709203720093,0.2787335216999054,0.47084298729896545
-0.025356117635965347,0.17503932118415833,0.25852787494659424,-0.04353463277220726,0.0526902973651886,0.2778351902961731,-0.06141030788421631,-0.06968417763710022,0.29726365208625793,-0.07928652316331863,-0.19206231832504272,0.31669268012046814,-0.047368086874485016,-0.1955454796552658,0.3285045027732849,0.04496823996305466,-0.20367324352264404,0.36226654052734375,0.12534195184707642,-0.02574591338634491,0.4142311215400696,0.20775219798088074,-0.00158766470849514,0.23997893929481506,0.22423425316810608,0.0032439855858683586,0.2051285058259964,0.25719836354255676,0.012907286174595356,0.13542762398719788,0.202351376414299,0.029824400320649147,0.15514913201332092,-0.11139924824237823,-0.18990924954414368,0.3050920367240906,-0.2037355750799179,-0.18178148567676544,0.27132999897003174,-0.3087311387062073,-0.009442433714866638,0.26165685057640076,-0.1981472373008728,0.04882132634520531,0.11294429004192352,-0.1760304570198059,0.060474079102277756,0.08320177346467972,-0.13179689645767212,0.08377958834171295,0.023716744035482407,-0.12413809448480606,0.0919458419084549,0.08336547762155533,0.047452423721551895,0.16873490810394287,0.28712913393974304,0.3296951949596405,0.3026103973388672,0.3463348150253296,0.17412875592708588,0.37687936425209045,0.5702900886535645,0.20153194665908813,0.43740999698638916,0.658413290977478,-0.09816466271877289,0.18134373426437378,0.22992661595344543,-0.2774094343185425,0.42509204149246216,0.1322176456451416,-0.32147860527038574,0.32797467708587646,0.39394059777259827,-0.39318376779556274,0.36180591583251953,0.4707157015800476,-0.011819027364253998,-0.2893716096878052,0.20458650588989258,0.0037561701610684395,-0.3324146866798401,0.18640165030956268,0.03087734803557396,-0.3739372193813324,0.21452879905700684,0.04431043192744255,-0.38903936743736267,0.32314759492874146,-0.022301632910966873,-0.3829723596572876,0.19036735594272614,-0.10636334866285324,-0.4146389365196228,0.25469017028808594,0.11313887685537338,0.3814588189125061,0.6155674457550049,-0.31226661801338196,0.28432515263557434,0.4555898904800415
-0.01707642525434494,0.1778380274772644,0.25381314754486084,-0.03721199184656143,0.055884554982185364,0.27115485072135925,-0.056977421045303345,-0.0661066398024559,0.2886563241481781,-0.07674343883991241,-0.18810150027275085,0.30615830421447754,-0.04555994272232056,-0.1919431984424591,0.3194350600242615,0.04526640474796295,-0.20116999745368958,0.35769662261009216,0.12532418966293335,-0.027155771851539612,0.41974684596061707,0.20769372582435608,-0.004763111472129822,0.24597756564617157,0.2241676300764084,-0.0002845795825123787,0.21122370660305023,0.2571154236793518,0.008672484196722507,0.14171600341796875,0.2029409557580948,0.026869073510169983,0.16152116656303406,-0.10814177244901657,-0.18558569252490997,0.29307180643081665,-0.19896811246871948,-0.1763588935136795,0.25481024384498596,-0.30352798104286194,-0.004568621516227722,0.24502424895763397,-0.18655630946159363,0.058310367166996,0.1041492372751236,-0.1631619781255722,0.07088616490364075,0.0759742334485054,-0.11637331545352936,0.09603776037693024,0.01962422952055931,-0.11165414750576019,0.1023840457201004,0.07958829402923584,0.053550221025943756,0.1706286072731018,0.28511878848075867,0.3346107304096222,0.3010058104991913,0.35642415285110474,0.17062045633792877,0.37690016627311707,0.5737053155899048,0.19499529898166656,0.43699395656585693,0.6630017161369324,-0.08770307153463364,0.185047447681427,0.222507506608963,-0.25970497727394104,0.4317038357257843,0.1192910373210907,-0.3162091374397278,0.3329455256462097,0.37797605991363525,-0.3907809853553772,0.36698484420776367,0.45186519622802734,-0.004729710519313812,-0.2850927412509918,0.19671352207660675,0.011352788656949997,-0.3281131982803345,0.17896543443202972,0.03672600910067558,-0.37006688117980957,0.20803062617778778,0.04473797231912613,-0.3861091136932373,0.31701263785362244,-0.015271168202161789,-0.37845829129219055,0.18125347793102264,-0.10258737951517105,-0.4098847210407257,0.24114403128623962,0.10783208906650543,0.3821670114994049,0.6163669228553772,-0.31018656492233276,0.28867965936660767,0.4395746886730194
-0.01995733752846718,0.16985931992530823,0.24759197235107422,-0.03929184749722481,0.0505339652299881,0.26406562328338623,-0.05844594165682793,-0.0688101053237915,0.2806144058704376,-0.07760060578584671,-0.18815773725509644,0.2971636652946472,-0.04745493829250336,-0.19176353514194489,0.31093934178352356,0.043853648006916046,-0.20068982243537903,0.3522495627403259,0.1286015510559082,-0.030018702149391174,0.4172075390815735,0.20722472667694092,-0.022529039531946182,0.24047347903251648,0.22294935584068298,-0.021031107753515244,0.20512667298316956,0.2543986439704895,-0.018035242334008217,0.13443304598331451,0.2019839584827423,0.004509991034865379,0.15447655320167542,-0.1079544723033905,-0.185849130153656,0.283567875623703,-0.1992630660533905,-0.17692284286022186,0.24225765466690063,-0.3059634864330292,-0.006505191326141357,0.23209770023822784,-0.18637388944625854,0.06025095283985138,0.09529651701450348,-0.1624559760093689,0.07360218465328217,0.06793627887964249,-0.1146201342344284,0.10030464082956314,0.013215802609920502,-0.11155424267053604,0.1058029755949974,0.07336309552192688,0.04957425221800804,0.16307492554187775,0.2800564169883728,0.3288097083568573,0.2949191927909851,0.3558749556541443,0.1604454517364502,0.37154504656791687,0.5695720911026001,0.18291589617729187,0.4322757124900818,0.6589546799659729,-0.0894889235496521,0.1766437143087387,0.21512751281261444,-0.26061415672302246,0.42254525423049927,0.10857996344566345,-0.32177799940109253,0.32339534163475037,0.36609265208244324,-0.3979759216308594,0.3570491671562195,0.43850594758987427,-0.002230405807495117,-0.2846829295158386,0.18966133892536163,0.014537716284394264,-0.3275955021381378,0.17233505845069885,0.03934730216860771,-0.36941564083099365,0.20203673839569092,0.04455820843577385,-0.3854638338088989,0.31115207076072693,-0.01186232827603817,-0.37806546688079834,0.17390011250972748,-0.10053573548793793,-0.409971684217453,0.23143160343170166,0.09683388471603394,0.3768434524536133,0.6110102534294128,-0.3167666494846344,0.27912741899490356,0.4277924597263336
-0.024854812771081924,0.16161410510540009,0.2389901727437973,-0.0428648367524147,0.045285433530807495,0.2547485828399658,-0.06096431240439415,-0.07103637605905533,0.27045509219169617,-0.07906432449817657,-0.18736165761947632,0.28616204857826233,-0.04991566389799118,-0.19068169593811035,0.30004411935806274,0.04327095299959183,-0.19924576580524445,0.34400302171707153,0.13344606757164001,-0.0321219265460968,0.4106009602546692,0.2004869282245636,-0.041026171296834946,0.22930502891540527,0.21389509737491608,-0.042807020246982574,0.19304583966732025,0.24071143567562103,-0.04636871814727783,0.1205274686217308,0.19119666516780853,-0.01929009146988392,0.14219242334365845,-0.10840971767902374,-0.18530595302581787,0.272450715303421,-0.20159633457660675,-0.17674188315868378,0.22849181294441223,-0.31035855412483215,-0.007750943303108215,0.21800115704536438,-0.18966183066368103,0.0618392750620842,0.0837198942899704,-0.1655224859714508,0.07575731724500656,0.05686363950371742,-0.11724379658699036,0.10359340906143188,0.0031511299312114716,-0.11519068479537964,0.10860319435596466,0.06335929036140442,0.044042330235242844,0.15540748834609985,0.27191421389579773,0.32185351848602295,0.28945910930633545,0.34949856996536255,0.15111830830574036,0.3660518527030945,0.561438262462616,0.17243728041648865,0.42737680673599243,0.6507405638694763,-0.0937519520521164,0.16782072186470032,0.20606613159179688,-0.26589447259902954,0.41247791051864624,0.0980011448264122,-0.3286746144294739,0.31268301606178284,0.3549739718437195,-0.4058334529399872,0.34570154547691345,0.42671263217926025,-0.0012989118695259094,-0.2832200527191162,0.17985230684280396,0.016046421602368355,-0.3259833753108978,0.16277039051055908,0.04065694287419319,-0.36764290928840637,0.19282734394073486,0.04420434311032295,-0.38375332951545715,0.301965594291687,-0.010010034777224064,-0.37662410736083984,0.16386276483535767,-0.09935209900140762,-0.4092000126838684,0.21989929676055908,0.08710024505853653,0.37114110589027405,0.6023173928260803,-0.32388171553611755,0.26841187477111816,0.4167186915874481
0.005051806569099426,0.18294893205165863,0.2244194597005844,-0.013434814289212227,0.07002384960651398,0.22865436971187592,-0.03209557384252548,-0.04287741333246231,0.23275889456272125,-0.050756894052028656,-0.1557820439338684,0.23686353862285614,-0.02520107291638851,-0.1599988043308258,0.25442251563072205,0.05573388189077377,-0.1713649332523346,0.30974143743515015,0.1579204499721527,-0.020815789699554443,0.39053255319595337,0.2403905838727951,-0.06018299609422684,0.2223270833492279,0.2568846046924591,-0.06805643439292908,0.18868598341941833,0.2898726463317871,-0.08380331844091415,0.12140379101037979,0.24547792971134186,-0.04587637633085251,0.13433155417442322,-0.07651554048061371,-0.15279242396354675,0.21934916079044342,-0.15745049715042114,-0.14142629504203796,0.16403023898601532,-0.26426300406455994,0.02584727108478546,0.14837835729122162,-0.12578275799751282,0.10470785945653915,0.042319849133491516,-0.09808670729398727,0.12047997862100601,0.021108146756887436,-0.04269460588693619,0.15202420949935913,-0.021315257996320724,-0.050491705536842346,0.15252166986465454,0.03797580301761627,0.06607837229967117,0.17453515529632568,0.2664622664451599,0.3267252743244171,0.30235931277275085,0.3968224823474884,0.12321439385414124,0.3652442395687103,0.5829523801803589,0.12930737435817719,0.42046186327934265,0.6784314513206482,-0.05597475916147232,0.19136270880699158,0.1823766529560089,-0.21078932285308838,0.44341355562210083,0.06502068042755127,-0.31354302167892456,0.32577595114707947,0.30085664987564087,-0.40170568227767944,0.3537804186344147,0.36123430728912354,0.04425998777151108,-0.24398334324359894,0.1383022964000702,0.06456548720598221,-0.28545013070106506,0.12132927775382996,0.08429339528083801,-0.329190731048584,0.1519923210144043,0.07004157453775406,-0.35303622484207153,0.2587827444076538,0.03916488587856293,-0.3359620273113251,0.11454622447490692,-0.05782253295183182,-0.37222158908843994,0.1526854932308197,0.05334644019603729,0.3677999973297119,0.6131693124771118,-0.31840670108795166,0.27722859382629395,0.3593427538871765
0.022548293694853783,0.19184669852256775,0.23732060194015503,0.008326344192028046,0.07929842174053192,0.23145829141139984,-0.00610659085214138,-0.03321259468793869,0.22539964318275452,-0.020539958029985428,-0.1457269787788391,0.21934081614017487,0.0027298498898744583,-0.15041260421276093,0.2393464297056198,0.07476042211055756,-0.16298165917396545,0.3011664152145386,0.1902957558631897,-0.02112017571926117,0.3757548928260803,0.25891757011413574,-0.08480770140886307,0.21044781804084778,0.2726419270038605,-0.09754520654678345,0.17738640308380127,0.3000906705856323,-0.1230202168226242,0.11126357316970825,0.2620384991168976,-0.07877786457538605,0.12208827584981918,-0.043966636061668396,-0.1422642469406128,0.1992693394422531,-0.11599721014499664,-0.12969519197940826,0.13744935393333435,-0.22644126415252686,0.03329956531524658,0.12097614258527756,-0.0810905396938324,0.12389084696769714,0.0387699231505394,-0.052020393311977386,0.14200910925865173,0.022328678518533707,0.006119895726442337,0.17824561893939972,-0.010553810745477676,-0.008486755192279816,0.1740645468235016,0.04681946709752083,0.07622882723808289,0.18264104425907135,0.283827543258667,0.3147822618484497,0.30872219800949097,0.45295649766921997,0.08832460641860962,0.35224446654319763,0.6171157360076904,0.08099624514579773,0.4007682502269745,0.7161656022071838,-0.03113224171102047,0.20105235278606415,0.19081366062164307,-0.18106524646282196,0.45618873834609985,0.07319427281618118,-0.30630332231521606,0.3182752728462219,0.28631579875946045,-0.40211671590805054,0.3389851152896881,0.3374042510986328,0.08879999816417694,-0.22335703670978546,0.1270124614238739,0.11257766932249069,-0.26278865337371826,0.10974353551864624,0.130263090133667,-0.3080463409423828,0.1394030898809433,0.10449283570051193,-0.34018808603286743,0.24173323810100555,0.09017402678728104,-0.31340014934539795,0.09642907977104187,-0.009092874825000763,-0.35535722970962524,0.11997350305318832,0.01528150588274002,0.35057729482650757,0.6388188600540161,-0.3161115348339081,0.26540082693099976,0.34032681584358215
0.026713628321886063,0.1903572678565979,0.2734989523887634,0.02082144096493721,0.07837185263633728,0.25571727752685547,0.014701597392559052,-0.033561453223228455,0.2376861274242401,0.008581571280956268,-0.1454980969429016,0.21965444087982178,0.030129026621580124,-0.15079590678215027,0.24134314060211182,0.09514175355434418,-0.16492316126823425,0.3069763779640198,0.21622201800346375,-0.02651199698448181,0.3761748671531677,0.27336013317108154,-0.09710688889026642,0.2105080634355545,0.28478774428367615,-0.11122586578130722,0.1773747056722641,0.30764299631118774,-0.13946382701396942,0.11110798269510269,0.2723257839679718,-0.09355460107326508,0.12245522439479828,-0.013032402843236923,-0.14141693711280823,0.19776974618434906,-0.07804512977600098,-0.12728968262672424,0.1321364939212799,-0.1969270408153534,0.028679952025413513,0.12000907957553864,-0.05201466381549835,0.1350398063659668,0.06185509264469147,-0.023032188415527344,0.1563117802143097,0.05022429674863815,0.03493276238441467,0.19885572791099548,0.026962701231241226,0.0154537633061409,0.18817493319511414,0.08164554834365845,0.0744541734457016,0.18008524179458618,0.32237061858177185,0.28704750537872314,0.3025985658168793,0.525782585144043,0.04336731135845184,0.3168637454509735,0.6695834398269653,0.023395687341690063,0.35501712560653687,0.7714924216270447,-0.021026920527219772,0.20062929391860962,0.224627286195755,-0.17628267407417297,0.4571138024330139,0.11649215966463089,-0.3117038607597351,0.29143068194389343,0.3021596670150757,-0.41324496269226074,0.3012855052947998,0.34496480226516724,0.13108094036579132,-0.20692376792430878,0.13183923065662384,0.15898989140987396,-0.2429541051387787,0.11340173333883286,0.1768488585948944,-0.28983214497566223,0.14027802646160126,0.14385733008384705,-0.33351731300354004,0.2360106110572815,0.14143091440200806,-0.29318392276763916,0.09321565181016922,0.04350648820400238,-0.3430139720439911,0.10266721248626709,-0.03120221197605133,0.30890101194381714,0.6835473775863647,-0.32299724221229553,0.23291802406311035,0.34978047013282776
0.019390558823943138,0.1797666996717453,0.30921345949172974,0.02077961340546608,0.06931832432746887,0.2831538915634155,0.021922415122389793,-0.0410662442445755,0.25681352615356445,0.023065250366926193,-0.1514541208744049,0.2304723709821701,0.04418754577636719,-0.15711742639541626,0.25246456265449524,0.10657280683517456,-0.17207671701908112,0.3178611099720001,0.21775445342063904,-0.027739867568016052,0.38914769887924194,0.27334460616111755,-0.08365321159362793,0.2183496057987213,0.2844626307487488,-0.09483587741851807,0.18418999016284943,0.30669867992401123,-0.11720121651887894,0.11587075144052505,0.26814597845077515,-0.07554943859577179,0.13112659752368927,0.0019553732126951218,-0.1469905972480774,0.20819386839866638,-0.0604298934340477,-0.13203130662441254,0.1427973210811615,-0.18757271766662598,0.016574934124946594,0.1375875025987625,-0.04820545017719269,0.13465584814548492,0.09261840581893921,-0.02033199556171894,0.15827202796936035,0.08362458646297455,0.035414911806583405,0.2055043876171112,0.06563694775104523,0.014984622597694397,0.1897926926612854,0.11845427006483078,0.06470426917076111,0.1689063161611557,0.3576584458351135,0.26296961307525635,0.288006454706192,0.5774189829826355,0.013889223337173462,0.2780819535255432,0.7126451134681702,-0.01174253225326538,0.3075341284275055,0.8162814378738403,-0.025923149660229683,0.1906270831823349,0.26076847314834595,-0.19265414774417877,0.44535666704177856,0.16536270081996918,-0.32430601119995117,0.2587057650089264,0.33345454931259155,-0.4277653098106384,0.2595316171646118,0.37295645475387573,0.15168161690235138,-0.19900885224342346,0.14288321137428284,0.18225020170211792,-0.23189209401607513,0.12288570404052734,0.2020154893398285,-0.2795381546020508,0.14688880741596222,0.1687023788690567,-0.3320690095424652,0.23791250586509705,0.1683703064918518,-0.28137752413749695,0.09848271310329437,0.07337437570095062,-0.3372805118560791,0.10076189786195755,-0.060593657195568085,0.26495638489723206,0.723175048828125,-0.33370351791381836,0.1962135136127472,0.3763178586959839
0.015999991446733475,0.16939930617809296,0.33360719680786133,0.021056432276964188,0.059969574213027954,0.30365869402885437,0.02584717981517315,-0.04939120262861252,0.27341601252555847,0.0306380707770586,-0.15875527262687683,0.24317242205142975,0.05214399844408035,-0.16443896293640137,0.26481443643569946,0.11453180015087128,-0.17922092974185944,0.3281504511833191,0.21667608618736267,-0.02837143838405609,0.3975459635257721,0.27475449442863464,-0.07374109327793121,0.22519154846668243,0.286370187997818,-0.082815021276474,0.19072066247463226,0.3096015453338623,-0.10096287727355957,0.12177889794111252,0.267927348613739,-0.06342963129281998,0.1386294662952423,0.009184209629893303,-0.15426021814346313,0.22120170295238495,-0.05320359021425247,-0.13947825133800507,0.15786567330360413,-0.18509572744369507,0.004079312086105347,0.15853741765022278,-0.05082562565803528,0.12802311778068542,0.11674019694328308,-0.02397160418331623,0.15281188488006592,0.1083807498216629,0.029736438766121864,0.2023894190788269,0.09166186302900314,0.01037188246846199,0.18427631258964539,0.14387637376785278,0.061057109385728836,0.1586344689130783,0.38054850697517395,0.25662940740585327,0.2769979238510132,0.6036325693130493,0.008494719862937927,0.254002183675766,0.739693820476532,-0.017571434378623962,0.2790561020374298,0.8445090651512146,-0.029057126492261887,0.1801641434431076,0.2866658866405487,-0.20528362691402435,0.4323081374168396,0.20068621635437012,-0.3296016454696655,0.23525387048721313,0.36294203996658325,-0.43293923139572144,0.23108482360839844,0.40290871262550354,0.16006684303283691,-0.19863715767860413,0.15307152271270752,0.19159117341041565,-0.22969269752502441,0.13171611726284027,0.21320763230323792,-0.2774078845977783,0.15387757122516632,0.18252724409103394,-0.3342161774635315,0.24320416152477264,0.17925295233726501,-0.2787400484085083,0.10569174587726593,0.08632232248783112,-0.3379906117916107,0.10667766630649567,-0.06552812457084656,0.23798564076423645,0.7501091361045837,-0.3365951180458069,0.17095878720283508,0.40370509028434753
0.016740849241614342,0.1619379073381424,0.3498198986053467,0.023276150226593018,0.05279209464788437,0.31825634837150574,0.029530975967645645,-0.056283921003341675,0.2863960862159729,0.035785987973213196,-0.16536319255828857,0.25453484058380127,0.057887643575668335,-0.17092257738113403,0.27569758892059326,0.12098056823015213,-0.18512243032455444,0.3366982638835907,0.21698030829429626,-0.029187440872192383,0.40177518129348755,0.2798525094985962,-0.06563369929790497,0.22962358593940735,0.2924269437789917,-0.0729229524731636,0.19519326090812683,0.3175758421421051,-0.08750145882368088,0.1263326108455658,0.27333158254623413,-0.05353059619665146,0.1435479074716568,0.013752317056059837,-0.16098937392234802,0.23302584886550903,-0.04934060573577881,-0.1467895209789276,0.1720251888036728,-0.18347008526325226,-0.00625254213809967,0.17705672979354858,-0.05285397171974182,0.12029322981834412,0.13412630558013916,-0.026730747893452644,0.14560239017009735,0.12554022669792175,0.02551569975912571,0.19622069597244263,0.10836805403232574,0.007629789412021637,0.17721118032932281,0.16058559715747833,0.06224473565816879,0.15152277052402496,0.39525681734085083,0.25985562801361084,0.27076083421707153,0.616667628288269,0.01430751383304596,0.24153679609298706,0.7569324970245361,-0.01036958396434784,0.2648308575153351,0.8626387119293213,-0.02876303531229496,0.17235304415225983,0.30438297986984253,-0.21138478815555573,0.4225062131881714,0.22461333870887756,-0.329298734664917,0.2208433300256729,0.3866334557533264,-0.43196046352386475,0.21420764923095703,0.42836976051330566,0.16401489078998566,-0.2015586495399475,0.16129863262176514,0.195665180683136,-0.2317122220993042,0.13889428973197937,0.21863488852977753,-0.2792712152004242,0.15996241569519043,0.19091083109378815,-0.33779752254486084,0.24910815060138702,0.18372789025306702,-0.28063347935676575,0.11248325556516647,0.09200765192508698,-0.34165728092193604,0.11458386480808258,-0.059316158294677734,0.2240307629108429,0.7684520483016968,-0.3343828022480011,0.15583425760269165,0.4267280697822571
0.019554322585463524,0.15705335140228271,0.36098697781562805,0.02652091532945633,0.04772617667913437,0.3288133442401886,0.03319871053099632,-0.06153241544961929,0.2963468134403229,0.03987670689821243,-0.170794278383255,0.26387929916381836,0.06256511807441711,-0.17621371150016785,0.284601628780365,0.12638232111930847,-0.1898089051246643,0.3434791564941406,0.21816259622573853,-0.030281901359558105,0.40414291620254517,0.28582435846328735,-0.05913391336798668,0.23294445872306824,0.29935669898986816,-0.06490431725978851,0.1987047642469406,0.3264214098453522,-0.07644512504339218,0.13022537529468536,0.2802536189556122,-0.04537221044301987,0.1473025381565094,0.017260879278182983,-0.16656240820884705,0.24280411005020142,-0.046556323766708374,-0.15296721458435059,0.18392658233642578,-0.1815246194601059,-0.01415446400642395,0.19212156534194946,-0.05345793068408966,0.11335048079490662,0.1467246562242508,-0.027844591066241264,0.13885146379470825,0.13764527440071106,0.023382088169455528,0.18985344469547272,0.11948651075363159,0.0068673864006996155,0.17064104974269867,0.17189612984657288,0.06563462316989899,0.14697247743606567,0.4052199721336365,0.26648885011672974,0.2674514949321747,0.6236783266067505,0.023480907082557678,0.2355370670557022,0.7685257792472839,0.0005081035196781158,0.25830748677253723,0.8748940825462341,-0.02652597986161709,0.16713422536849976,0.31675398349761963,-0.21319004893302917,0.4161292314529419,0.24099332094192505,-0.3263944983482361,0.212572380900383,0.40470510721206665,-0.4283607304096222,0.2048208862543106,0.44833144545555115,0.16635620594024658,-0.2053784281015396,0.16776427626609802,0.19780203700065613,-0.2351291924715042,0.1445767730474472,0.2216997593641281,-0.28250622749328613,0.16496969759464264,0.1965339183807373,-0.3415786027908325,0.25447601079940796,0.1857864260673523,-0.2840713858604431,0.11827388405799866,0.09477949142456055,-0.34601324796676636,0.12217119336128235,-0.049864135682582855,0.21730878949165344,0.781352162361145,-0.3301405608654022,0.14730393886566162,0.444733589887619
0.023306619375944138,0.1538832187652588,0.36909765005111694,0.030222462490200996,0.04412483423948288,0.33677732944488525,0.036849744617938995,-0.06556776165962219,0.30417442321777344,0.04347722604870796,-0.17526362836360931,0.2715705633163452,0.06669437885284424,-0.1805606484413147,0.29192155599594116,0.13111819326877594,-0.1936250627040863,0.3489724397659302,0.21975615620613098,-0.0314212292432785,0.4054792821407318,0.29079440236091614,-0.05538081377744675,0.23541830480098724,0.3050020635128021,-0.060172729194164276,0.2014061063528061,0.3334173560142517,-0.06975656747817993,0.13338172435760498,0.2859652042388916,-0.040772695094347,0.15009859204292297,0.020332107320427895,-0.17115890979766846,0.2508651614189148,-0.044091708958148956,-0.15809449553489685,0.19381427764892578,-0.17917725443840027,-0.020249873399734497,0.2043285220861435,-0.05295059084892273,0.10738785564899445,0.15619657933712006,-0.027705257758498192,0.1329154074192047,0.14657019078731537,0.022785408422350883,0.18397049605846405,0.127317413687706,0.007444627583026886,0.1648683249950409,0.17995762825012207,0.06994993984699249,0.14406588673591614,0.41241756081581116,0.274127721786499,0.26574528217315674,0.6278343200683594,0.03324824571609497,0.23293358087539673,0.7768418788909912,0.011869564652442932,0.2557448744773865,0.8837122321128845,-0.02333669736981392,0.16370055079460144,0.32577773928642273,-0.21257531642913818,0.4121660590171814,0.25261735916137695,-0.3224220275878906,0.2079925686120987,0.4185982346534729,-0.4238000512123108,0.1998320072889328,0.4639256000518799,0.16815714538097382,-0.20929346978664398,0.17301250994205475,0.19928042590618134,-0.23889949917793274,0.14924032986164093,0.2238217294216156,-0.28611400723457336,0.1691979318857193,0.2007644921541214,-0.34519368410110474,0.25922891497612,0.18700166046619415,-0.287921667098999,0.12324320524930954,0.09644098579883575,-0.3503153324127197,0.12902387976646423,-0.0399186834692955,0.21439257264137268,0.7908875942230225,-0.3252449333667755,0.1426549255847931,0.4588160514831543
